case,cycle,valid,reason,vx,vy,wz,progress_end,yaw_end,nominal_cost,solved_cost,solver_ms,elapsed_ms,slice_error,gradient_error,minimum_clearance,plateau_stages,used_warm
zero_slice,0,1,solved_soft_dynamic,0.34461537202380066,-0.020176658217299897,0,1.534506654976683,0.34999999999999998,0,0,4.3197710000000002,5.6982059999999999,1.1102230246251565e-15,0,1000000000,0,0
rotating_clear,0,0,solver_not_solved,0,0,0,0,0,0,0,7.0786850000000001,7.7889250000000008,0,0,1000000000,0,0
rotating_hold,0,0,solver_not_solved,0,0,0,0,0,28.072802268984908,0,6.8581079999999996,7.5685400000000005,0,1.0874057210230603e-10,1000000000,0,0
rotating_cross,0,0,solver_not_solved,0,0,0,0,0,28.072802268984908,0,7.0070959999999998,7.6683180000000002,0,1.0874057210230603e-10,1000000000,0,0
hold_clear_sequence,0,0,solver_not_solved,0,0,0,0,0,28.072802268984908,0,6.8653870000000001,7.5413679999999994,0,1.0874057210230603e-10,1000000000,0,0
hold_clear_sequence,1,0,solver_not_solved,0,0,0,0,0,22.840417417182,0,7.9356630000000008,8.5911039999999996,0,1.0874057210230603e-10,1000000000,0,0
hold_clear_sequence,2,0,solver_not_solved,0,0,0,0,0,22.840417417182,0,7.3140879999999999,7.9792019999999999,0,1.0874057210230603e-10,1000000000,0,0
hold_clear_sequence,3,0,solver_not_solved,0,0,0,0,0,22.840417417182,0,7.2598229999999999,7.9196609999999996,0,1.0874057210230603e-10,1000000000,0,0
hold_clear_sequence,4,0,solver_not_solved,0,0,0,0,0,22.840417417182,0,7.2748749999999998,7.9348720000000004,0,1.0874057210230603e-10,1000000000,0,0
hold_clear_sequence,5,0,solver_not_solved,0,0,0,0,0,22.840417417182,0,7.2730420000000002,7.9302790000000005,0,1.0874057210230603e-10,1000000000,0,0
hold_clear_sequence,6,0,solver_not_solved,0,0,0,0,0,22.840417417182,0,7.8269759999999993,8.4885350000000006,0,1.0874057210230603e-10,1000000000,0,0
hold_clear_sequence,7,0,solver_not_solved,0,0,0,0,0,22.840417417182,0,7.3153579999999998,7.9764020000000002,0,1.0874057210230603e-10,1000000000,0,0
hold_clear_sequence,8,0,solver_not_solved,0,0,0,0,0,22.840417417182,0,7.2989470000000001,7.9576579999999995,0,1.0874057210230603e-10,1000000000,0,0
hold_clear_sequence,9,0,solver_not_solved,0,0,0,0,0,22.840417417182,0,7.2838029999999998,7.939508,0,1.0874057210230603e-10,1000000000,0,0
hold_clear_sequence,10,0,solver_not_solved,0,0,0,0,0,22.840417417182,0,7.2684699999999998,7.936011999999999,0,1.0874057210230603e-10,1000000000,0,0
hold_clear_sequence,11,0,solver_not_solved,0,0,0,0,0,22.840417417182,0,7.380916,8.0341050000000003,0,1.0874057210230603e-10,1000000000,0,0
hold_clear_sequence,12,0,solver_not_solved,0,0,0,0,0,22.840417417182,0,7.2759039999999997,7.9385500000000011,0,1.0874057210230603e-10,1000000000,0,0
hold_clear_sequence,13,0,solver_not_solved,0,0,0,0,0,22.840417417182,0,7.3598840000000001,8.0218740000000004,0,1.0874057210230603e-10,1000000000,0,0
hold_clear_sequence,14,0,solver_not_solved,0,0,0,0,0,22.840417417182,0,7.311134,7.9749829999999999,0,1.0874057210230603e-10,1000000000,0,0
hold_clear_sequence,15,0,solver_not_solved,0,0,0,0,0,22.840417417182,0,7.30694,7.9701059999999995,0,1.0874057210230603e-10,1000000000,0,0
hold_clear_sequence,16,0,solver_not_solved,0,0,0,0,0,22.840417417182,0,7.2966470000000001,7.957135000000001,0,1.0874057210230603e-10,1000000000,0,0
hold_clear_sequence,17,0,solver_not_solved,0,0,0,0,0,22.840417417182,0,7.2926000000000002,7.9558890000000009,0,1.0874057210230603e-10,1000000000,0,0
hold_clear_sequence,18,0,solver_not_solved,0,0,0,0,0,22.840417417182,0,7.2985949999999997,7.9633479999999999,0,1.0874057210230603e-10,1000000000,0,0
hold_clear_sequence,19,0,solver_not_solved,0,0,0,0,0,22.840417417182,0,7.3443049999999994,7.9951480000000004,0,1.0874057210230603e-10,1000000000,0,0
hold_clear_sequence,20,0,solver_not_solved,0,0,0,0,0,22.840417417182,0,7.2762359999999999,7.9346069999999997,0,1.0874057210230603e-10,1000000000,0,0
hold_clear_sequence,21,0,solver_not_solved,0,0,0,0,0,22.840417417182,0,7.3122919999999993,7.9726220000000003,0,1.0874057210230603e-10,1000000000,0,0
hold_clear_sequence,22,0,solver_not_solved,0,0,0,0,0,22.840417417182,0,7.2682959999999994,7.9217420000000009,0,1.0874057210230603e-10,1000000000,0,0
hold_clear_sequence,23,0,solver_not_solved,0,0,0,0,0,22.840417417182,0,7.3176120000000004,7.9745690000000007,0,1.0874057210230603e-10,1000000000,0,0
hold_clear_sequence,24,0,solver_not_solved,0,0,0,0,0,22.840417417182,0,7.2955169999999994,7.9526230000000009,0,1.0874057210230603e-10,1000000000,0,0
hold_clear_sequence,25,0,solver_not_solved,0,0,0,0,0,22.840417417182,0,7.3042259999999999,7.9635390000000008,0,1.0874057210230603e-10,1000000000,0,0
hold_clear_sequence,26,0,solver_not_solved,0,0,0,0,0,22.840417417182,0,7.3013699999999995,7.9620690000000005,0,1.0874057210230603e-10,1000000000,0,0
hold_clear_sequence,27,0,solver_not_solved,0,0,0,0,0,22.840417417182,0,7.2898900000000006,7.9466970000000012,0,1.0874057210230603e-10,1000000000,0,0
hold_clear_sequence,28,0,solver_not_solved,0,0,0,0,0,22.840417417182,0,7.2958600000000002,7.9557159999999998,0,1.0874057210230603e-10,1000000000,0,0
hold_clear_sequence,29,0,solver_not_solved,0,0,0,0,0,22.840417417182,0,7.3013399999999997,7.9568130000000004,0,1.0874057210230603e-10,1000000000,0,0
hold_clear_sequence,30,0,solver_not_solved,0,0,0,0,0,0,0,7.2296529999999999,7.8911429999999996,0,0,1000000000,0,0
hold_clear_sequence,31,0,solver_not_solved,0,0,0,0,0,0,0,7.2751029999999997,7.9318429999999989,0,0,1000000000,0,0
hold_clear_sequence,32,0,solver_not_solved,0,0,0,0,0,0,0,7.2420030000000004,7.9030670000000001,0,0,1000000000,0,0
hold_clear_sequence,33,0,solver_not_solved,0,0,0,0,0,0,0,7.2672559999999997,7.9283900000000003,0,0,1000000000,0,0
hold_clear_sequence,34,0,solver_not_solved,0,0,0,0,0,0,0,7.267779,7.9228949999999996,0,0,1000000000,0,0
hold_clear_sequence,35,0,solver_not_solved,0,0,0,0,0,0,0,7.2744530000000003,7.9362059999999994,0,0,1000000000,0,0
hold_clear_sequence,36,0,solver_not_solved,0,0,0,0,0,0,0,7.2538460000000002,7.9046529999999997,0,0,1000000000,0,0
hold_clear_sequence,37,0,solver_not_solved,0,0,0,0,0,0,0,7.1516519999999995,7.8083409999999995,0,0,1000000000,0,0
hold_clear_sequence,38,0,solver_not_solved,0,0,0,0,0,0,0,7.1696399999999993,7.8730549999999999,0,0,1000000000,0,0
hold_clear_sequence,39,0,solver_not_solved,0,0,0,0,0,0,0,7.1754260000000007,7.8313969999999999,0,0,1000000000,0,0
hold_clear_sequence,40,0,solver_not_solved,0,0,0,0,0,0,0,7.1516799999999998,7.805161,0,0,1000000000,0,0
hold_clear_sequence,41,0,solver_not_solved,0,0,0,0,0,0,0,7.1652570000000004,7.8210320000000007,0,0,1000000000,0,0
hold_clear_sequence,42,0,solver_not_solved,0,0,0,0,0,0,0,7.1709199999999997,7.8197949999999992,0,0,1000000000,0,0
hold_clear_sequence,43,0,solver_not_solved,0,0,0,0,0,0,0,7.1212360000000006,7.7760729999999993,0,0,1000000000,0,0
hold_clear_sequence,44,0,solver_not_solved,0,0,0,0,0,0,0,7.1338240000000006,7.7894969999999999,0,0,1000000000,0,0
hold_clear_sequence,45,0,solver_not_solved,0,0,0,0,0,0,0,7.1518370000000004,7.801666,0,0,1000000000,0,0
hold_clear_sequence,46,0,solver_not_solved,0,0,0,0,0,0,0,7.1273730000000004,7.7837820000000004,0,0,1000000000,0,0
hold_clear_sequence,47,0,solver_not_solved,0,0,0,0,0,0,0,7.170922,7.8196620000000001,0,0,1000000000,0,0
hold_clear_sequence,48,0,solver_not_solved,0,0,0,0,0,0,0,7.1698810000000002,7.8210669999999993,0,0,1000000000,0,0
hold_clear_sequence,49,0,solver_not_solved,0,0,0,0,0,0,0,7.112374,7.7707030000000001,0,0,1000000000,0,0
hold_clear_sequence,50,0,solver_not_solved,0,0,0,0,0,0,0,7.1910510000000007,7.8466520000000006,0,0,1000000000,0,0
hold_clear_sequence,51,0,solver_not_solved,0,0,0,0,0,0,0,7.1120700000000001,7.7710280000000003,0,0,1000000000,0,0
hold_clear_sequence,52,0,solver_not_solved,0,0,0,0,0,0,0,6.9229000000000003,7.5927679999999995,0,0,1000000000,0,0
hold_clear_sequence,53,0,solver_not_solved,0,0,0,0,0,0,0,6.8862399999999999,7.5495989999999997,0,0,1000000000,0,0
hold_clear_sequence,54,0,solver_not_solved,0,0,0,0,0,0,0,6.8848659999999997,7.5425769999999996,0,0,1000000000,0,0
hold_clear_sequence,55,0,solver_not_solved,0,0,0,0,0,0,0,6.9352210000000003,7.5928290000000001,0,0,1000000000,0,0
hold_clear_sequence,56,0,solver_not_solved,0,0,0,0,0,0,0,6.9056619999999995,7.5590799999999998,0,0,1000000000,0,0
hold_clear_sequence,57,0,solver_not_solved,0,0,0,0,0,0,0,6.9464810000000003,7.604501,0,0,1000000000,0,0
hold_clear_sequence,58,0,solver_not_solved,0,0,0,0,0,0,0,6.892169,7.548044,0,0,1000000000,0,0
hold_clear_sequence,59,0,solver_not_solved,0,0,0,0,0,0,0,6.9022839999999999,7.557855,0,0,1000000000,0,0
