case,cycle,valid,reason,status,vx,vy,wz,progress_end,yaw_end,nominal_cost,solved_cost,solver_ms,elapsed_ms,slice_error,minimum_clearance,plateau_stages,used_warm,source_preserved,legacy_accepts,model_x,model_y,model_yaw
zero_slice,0,1,solved_soft_dynamic,solved,0.34461537202380077,-0.020176658217300011,0,1.534506654976683,0.34999999999999998,0,0,3.4426460000000003,4.4336039999999999,0,1000000000,0,0,1,1,0,0,0.34999999999999998
locked_future_clear,0,1,solved_soft_dynamic,solved,0.34212577250934312,-0.021780036158413132,0,1.5324771931609298,0.36799999999999999,0,0,2.1019390000000002,2.5105599999999999,0,1000000000,0,0,1,0,0.0098304779012875088,0.0036890008829555277,0.36799999999999999
locked_future_hold,0,1,solved_soft_dynamic,solved,0.31025418043494313,-0.0094914955157330023,0,1.5289551754960327,0.36799999999999999,29.112140147554086,23.507566462131464,1.5345009999999999,1.9080869999999999,0,-0.20601171882924979,13,0,1,0,0.0098304779012875088,0.0036890008829555277,0.36799999999999999
locked_future_hold_clear,0,1,solved_soft_dynamic,solved,0.31025418043494313,-0.0094914955157330023,0,1.5289551754960327,0.36799999999999999,29.112140147554086,23.507566462131464,1.579202,1.944016,0,-0.20601171882924979,13,0,1,0,0.0098304779012875088,0.0036890008829555277,0.36799999999999999
locked_future_hold_clear,1,1,solved_soft_dynamic,solved,0.26036368991670683,-0.010770676606293701,0,1.5160592009268461,0.36799999999999999,23.805261153083098,18.602178638529924,1.448558,1.8432999999999999,0,-0.20048271440504373,10,1,1,0,0.0098304779012875088,0.0036890008829555277,0.36799999999999999
locked_future_hold_clear,2,1,solved_soft_dynamic,solved,0.21151765024205904,-0.008897058519078186,0,1.4831737525462902,0.36799999999999999,19.344368425322202,14.557352505556411,1.0321779999999998,1.4771879999999999,0,-0.16522858671971291,8,1,1,0,0.0098304779012875088,0.0036890008829555277,0.36799999999999999
locked_future_hold_clear,3,1,solved_soft_dynamic,solved,0.16848539216467603,-0.0063257311834034151,0,1.4440481895458865,0.36799999999999999,15.375256194149571,11.027201626362828,1.022732,1.4473159999999998,0,-0.11901914075034808,5,1,1,0,0.0098304779012875088,0.0036890008829555277,0.36799999999999999
locked_future_hold_clear,4,1,solved_soft_dynamic,solved,0.13226429433463027,-0.0039506598596413759,0,1.4062189414681512,0.36799999999999999,11.961673100761043,7.7548766290013571,0.87804099999999996,1.2649090000000001,0,-0.072435728684270673,3,1,1,0,0.0098304779012875088,0.0036890008829555277,0.36799999999999999
locked_future_hold_clear,5,1,solved_soft_dynamic,solved,0.10224612742595268,-0.0019584584147298101,0,1.370700828815002,0.36799999999999999,8.8356728260868032,4.6885188253846524,0.87354299999999996,1.242329,0,-0.027146761245266937,2,1,1,0,0.0098304779012875088,0.0036890008829555277,0.36799999999999999
locked_future_hold_clear,6,1,solved_soft_dynamic,solved,0.077496816829986853,-0.00033712087295922942,0,1.337984277509169,0.36799999999999999,5.9663246133138959,1.7771148109438957,0.99437599999999993,1.3617900000000001,0,0.015933012666191737,0,1,1,0,0.0098304779012875088,0.0036890008829555277,0.36799999999999999
locked_future_hold_clear,7,1,solved_soft_dynamic,solved,0.057246726779101434,0.00092229343898925643,0,1.3059381702098796,0.36799999999999999,3.194578225488423,0.47153066949949879,0.99195599999999995,1.3567290000000001,0,0.059475862346817732,0,1,1,0,0.0098304779012875088,0.0036890008829555277,0.36799999999999999
locked_future_hold_clear,8,1,solved_soft_dynamic,solved,0.041266392837406685,0.0016703339858674198,0,1.2751936569595017,0.36799999999999999,0.91508285555820601,0.14141799016855436,0.99336900000000006,1.3922450000000002,0,0.10260715095227363,0,1,1,0,0.0098304779012875088,0.0036890008829555277,0.36799999999999999
locked_future_hold_clear,9,1,solved_soft_dynamic,solved,0.029347471415094875,0.0017906415860994892,0,1.2426002667569191,0.36799999999999999,0.24659786814635509,0.051238704567413598,0.99897399999999992,1.36572,0,0.14884973798417395,0,1,1,0,0.0098304779012875088,0.0036890008829555277,0.36799999999999999
locked_future_hold_clear,10,1,solved_soft_dynamic,solved,0.019832279344267262,0.001759758671719376,0,1.2147694066063963,0.36799999999999999,0.069966461561085574,0.026279841250100765,0.92917899999999998,1.304616,0,0.18774068454960519,0,1,1,0,0.0098304779012875088,0.0036890008829555277,0.36799999999999999
locked_future_hold_clear,11,1,solved_soft_dynamic,solved,0.012505334707354699,0.0015263471640857215,0,1.2156909935334259,0.36799999999999999,0.030390514516433223,0.027501182727491032,0.92771399999999993,1.2944090000000001,0,0.18680264222846249,0,1,1,0,0.0098304779012875088,0.0036890008829555277,0.36799999999999999
locked_future_hold_clear,12,1,solved_soft_dynamic,solved,0.0060880862685984312,0.0014722467983497563,0,1.2144657776209991,0.36799999999999999,0.031995889027084813,0.026241506690917512,0.92365800000000009,1.291641,0,0.18810716896075669,0,1,1,0,0.0098304779012875088,0.0036890008829555277,0.36799999999999999
locked_future_hold_clear,13,1,solved_soft_dynamic,solved,0.0008971018885158737,0.0013835356535175417,0,1.215004113076618,0.36799999999999999,0.030842769118778278,0.026524526745307066,0.90551700000000002,1.2689769999999998,0,0.18732038772512899,0,1,1,0,0.0098304779012875088,0.0036890008829555277,0.36799999999999999
locked_future_hold_clear,14,1,solved_soft_dynamic,solved,-0.0035073206241888824,0.0013538035275371672,0,1.2143564925635699,0.36799999999999999,0.031503370547844384,0.025914913694567103,0.90186200000000005,1.271531,0,0.18803776689100832,0,1,1,0,0.0098304779012875088,0.0036890008829555277,0.36799999999999999
locked_future_hold_clear,15,1,solved_soft_dynamic,solved,-0.0071230301119928965,0.0013194392952975045,0,1.2145712486317235,0.36799999999999999,0.030974019071037202,0.025975221167057774,0.92237600000000008,1.288808,0,0.18767779098854959,0,1,1,0,0.0098304779012875088,0.0036890008829555277,0.36799999999999999
locked_future_hold_clear,16,1,solved_soft_dynamic,solved,-0.010169405229387319,0.0013131265249709278,0,1.2142378845739328,0.36799999999999999,0.031268270112689817,0.025647911342167342,0.84563300000000008,1.2127410000000001,0,0.18803021599930508,0,1,1,0,0.0098304779012875088,0.0036890008829555277,0.36799999999999999
locked_future_hold_clear,17,1,solved_soft_dynamic,solved,-0.012684869940477005,0.0013067741622022804,0,1.2143054034236123,0.36799999999999999,0.031017592466207156,0.02563003498291077,0.91048099999999998,1.2742689999999999,0,0.1878831915323888,0,1,1,0,0.0098304779012875088,0.0036890008829555277,0.36799999999999999
locked_future_hold_clear,18,1,solved_soft_dynamic,solved,-0.014796540531998506,0.0013139237964004591,0,1.2141303584578467,0.36799999999999999,0.031143916129948036,0.025446538608023827,0.92097700000000005,1.2854299999999999,0,0.18805563915598017,0,1,1,0,0.0098304779012875088,0.0036890008829555277,0.36799999999999999
locked_future_hold_clear,19,1,solved_soft_dynamic,solved,-0.016546624941570543,0.0013215267273323386,0,1.2141384632145815,0.36799999999999999,0.031025349287954911,0.025406411504787944,0.86521300000000001,1.227676,0,0.18800270800275182,0,1,1,0,0.0098304779012875088,0.0036890008829555277,0.36799999999999999
locked_future_hold_clear,20,1,solved_soft_dynamic,solved,-0.018012348681596263,0.0013351176944326677,0,1.2140429593717266,0.36799999999999999,0.03107619452429787,0.025298856993386777,0.928759,1.2953140000000001,0,0.18808897891383064,0,1,1,0,0.0098304779012875088,0.0036890008829555277,0.36799999999999999
locked_future_hold_clear,21,1,solved_soft_dynamic,solved,-0.019230038401460658,0.0013486634738166215,0,1.214030828180777,0.36799999999999999,0.031019536871292951,0.025258405839184452,0.91849900000000007,1.2816290000000001,0,0.18807469649082359,0,1,1,0,0.0098304779012875088,0.0036890008829555277,0.36799999999999999
locked_future_hold_clear,22,1,solved_soft_dynamic,solved,-0.020248358110910213,0.0013643607445694621,0,1.2139761585464297,0.36799999999999999,0.031037983830676789,0.025192515337969172,0.91084500000000002,1.309172,0,0.18811958431866732,0,1,1,0,0.0098304779012875088,0.0036890008829555277,0.36799999999999999
locked_future_hold_clear,23,1,solved_soft_dynamic,solved,-0.021095686394347973,0.0013794559955204793,0,1.213959783550103,0.36799999999999999,0.031010191953024745,0.025158808411139003,0.91974500000000003,1.2856049999999999,0,0.18811968975656485,0,1,1,0,0.0098304779012875088,0.0036890008829555277,0.36799999999999999
locked_future_hold_clear,24,1,solved_soft_dynamic,solved,-0.021803630799186312,0.001394814228323465,0,1.2139269095453065,0.36799999999999999,0.031015484595296398,0.025116861902349269,0.92041300000000004,1.3063770000000001,0,0.18814426541076351,0,1,1,0,0.0098304779012875088,0.0036890008829555277,0.36799999999999999
locked_future_hold_clear,25,1,solved_soft_dynamic,solved,-0.022393295958005186,0.0014092130782276178,0,1.2139120248412887,0.36799999999999999,0.031001276826204162,0.025090968448604378,0.90628799999999998,1.2677980000000002,0,0.18814874079206539,0,1,1,0,0.0098304779012875088,0.0036890008829555277,0.36799999999999999
locked_future_hold_clear,26,1,solved_soft_dynamic,solved,-0.022885688141217657,0.001423014368429294,0,1.2138913770115725,0.36799999999999999,0.031001657118365701,0.025063453319302223,0.91009700000000004,1.2929930000000001,0,0.18816295716331705,0,1,1,0,0.0098304779012875088,0.0036890008829555277,0.36799999999999999
locked_future_hold_clear,27,1,solved_soft_dynamic,solved,-0.023296079330138608,0.0014357099692636334,0,1.213879496055311,0.36799999999999999,0.030994001327852509,0.025044369514576875,0.92656800000000006,1.2899890000000001,0,0.18816798130340601,0,1,1,0,0.0098304779012875088,0.0036890008829555277,0.36799999999999999
locked_future_hold_clear,28,1,solved_soft_dynamic,solved,-0.02363865880475742,0.0014474828762856503,0,1.213866074076807,0.36799999999999999,0.030992836668541811,0.025025927846068149,0.82845900000000006,1.2161900000000001,0,0.18817663899255249,0,1,1,0,0.0098304779012875088,0.0036890008829555277,0.36799999999999999
locked_future_hold_clear,29,1,solved_soft_dynamic,solved,-0.02392430466094295,0.001458155859044412,0,1.2138571429027913,0.36799999999999999,0.030988468791323345,0.025012180344579384,0.88949999999999996,1.2536240000000001,0,0.18818095932932816,0,1,1,0,0.0098304779012875088,0.0036890008829555277,0.36799999999999999
locked_future_hold_clear,30,1,solved_soft_dynamic,solved,0.019525712978782011,-0.015376833605094325,0,1.5190805408318195,0.36799999999999999,0,0,1.629478,2.0283449999999998,0,1000000000,0,1,1,0,0.0098304779012875088,0.0036890008829555277,0.36799999999999999
locked_future_hold_clear,31,1,solved_soft_dynamic,solved,0.057243164371946528,-0.029987301201526068,0,1.520867099165613,0.36799999999999999,0,0,1.228251,1.5878159999999999,0,1000000000,0,1,1,0,0.0098304779012875088,0.0036890008829555277,0.36799999999999999
locked_future_hold_clear,32,1,solved_soft_dynamic,solved,0.089984326865042083,-0.042667310034720012,0,1.5224179014869188,0.36799999999999999,0,0,1.2306249999999999,1.5834869999999999,0,1000000000,0,1,1,0,0.0098304779012875088,0.0036890008829555277,0.36799999999999999
locked_future_hold_clear,33,1,solved_soft_dynamic,solved,0.11840571297382453,-0.05367202944315768,0,1.5237640583933436,0.36799999999999999,0,0,1.2209919999999999,1.579324,0,1000000000,0,1,1,0,0.0098304779012875088,0.0036890008829555277,0.36799999999999999
locked_future_hold_clear,34,1,solved_soft_dynamic,solved,0.14307722950852542,-0.063222882867815924,0,1.5249325750971292,0.36799999999999999,0,0,1.214083,1.566341,0,1000000000,0,1,1,0,0.0098304779012875088,0.0036890008829555277,0.36799999999999999
locked_future_hold_clear,35,1,solved_soft_dynamic,solved,0.16449360123746051,-0.071512013732352081,0,1.5259468931758833,0.36799999999999999,0,0,1.145008,1.506014,0,1000000000,0,1,1,0,0.0098304779012875088,0.0036890008829555277,0.36799999999999999
locked_future_hold_clear,36,1,solved_soft_dynamic,solved,0.1830842879238285,-0.078706159793663688,0,1.5268273608333449,0.36799999999999999,0,0,1.1402410000000001,1.4940059999999999,0,1000000000,0,1,1,0,0.0098304779012875088,0.0036890008829555277,0.36799999999999999
locked_future_hold_clear,37,1,solved_soft_dynamic,solved,0.19922209340414657,-0.084950014404268387,0,1.5275916411040744,0.36799999999999999,0,0,1.150309,1.5415859999999999,0,1000000000,0,1,1,0,0.0098304779012875088,0.0036890008829555277,0.36799999999999999
locked_future_hold_clear,38,1,solved_soft_dynamic,solved,0.21323063918585902,-0.090369142710427564,0,1.5282550661910452,0.36799999999999999,0,0,1.1485209999999999,1.504677,0,1000000000,0,1,1,0,0.0098304779012875088,0.0036890008829555277,0.36799999999999999
locked_future_hold_clear,39,1,solved_soft_dynamic,solved,0.22539085230247588,-0.095072511778615337,0,1.5288309450444955,0.36799999999999999,0,0,1.1776390000000001,1.57856,0,1000000000,0,1,1,0,0.0098304779012875088,0.0036890008829555277,0.36799999999999999
locked_future_hold_clear,40,1,solved_soft_dynamic,solved,0.23594659742245358,-0.099154685812894022,0,1.5293308303523681,0.36799999999999999,0,0,1.1895100000000001,1.542832,0,1000000000,0,1,1,0,0.0098304779012875088,0.0036890008829555277,0.36799999999999999
locked_future_hold_clear,41,1,solved_soft_dynamic,solved,0.24510956606804576,-0.10269773083683324,0,1.5297647502984302,0.36799999999999999,0,0,1.1420429999999999,1.517198,0,1000000000,0,1,1,0,0.0098304779012875088,0.0036890008829555277,0.36799999999999999
locked_future_hold_clear,42,1,solved_soft_dynamic,solved,0.25306352091966944,-0.1057728673270476,0,1.5301414097373551,0.36799999999999999,0,0,1.1400290000000002,1.490283,0,1000000000,0,1,1,0,0.0098304779012875088,0.0036890008829555277,0.36799999999999999
locked_future_hold_clear,43,1,solved_soft_dynamic,solved,0.25996798026225632,-0.10844190418103437,0,1.5304683648225472,0.36799999999999999,0,0,1.2124189999999999,1.594592,0,1000000000,0,1,1,0,0.0098304779012875088,0.0036890008829555277,0.36799999999999999
locked_future_hold_clear,44,1,solved_soft_dynamic,solved,0.2659614164140815,-0.11075848297561379,0,1.5307521745899018,0.36799999999999999,0,0,1.2027749999999999,1.5533059999999999,0,1000000000,0,1,1,0,0.0098304779012875088,0.0036890008829555277,0.36799999999999999
locked_future_hold_clear,45,1,solved_soft_dynamic,solved,0.27116403224124597,-0.1127691576336749,0,1.5309985325384203,0.36799999999999999,0,0,1.237185,1.589542,0,1000000000,0,1,1,0,0.0098304779012875088,0.0036890008829555277,0.36799999999999999
locked_future_hold_clear,46,1,solved_soft_dynamic,solved,0.27568017140744594,-0.11451433128790871,0,1.5312123808473213,0.36799999999999999,0,0,1.203098,1.5562480000000001,0,1000000000,0,1,1,0,0.0098304779012875088,0.0036890008829555277,0.36799999999999999
locked_future_hold_clear,47,1,solved_soft_dynamic,solved,0.27960041066968977,-0.11602906924299486,0,1.5313980095209434,0.36799999999999999,0,0,1.2531639999999999,1.6073569999999999,0,1000000000,0,1,1,0,0.0098304779012875088,0.0036890008829555277,0.36799999999999999
locked_future_hold_clear,48,1,solved_soft_dynamic,solved,0.28300337615931748,-0.1173438044335674,0,1.5315591424503916,0.36799999999999999,0,0,1.3495699999999999,1.705775,0,1000000000,0,1,1,0,0.0098304779012875088,0.0036890008829555277,0.36799999999999999
locked_future_hold_clear,49,1,solved_soft_dynamic,solved,0.28595732005646468,-0.11848494960330502,0,1.5316990121184011,0.36799999999999999,0,0,1.324276,1.676139,0,1000000000,0,1,1,0,0.0098304779012875088,0.0036890008829555277,0.36799999999999999
locked_future_hold_clear,50,1,solved_soft_dynamic,solved,0.28852148926426574,-0.11947542854654417,0,1.5318204244460742,0.36799999999999999,0,0,1.3045719999999998,1.678369,0,1000000000,0,1,1,0,0.0098304779012875088,0.0036890008829555277,0.36799999999999999
locked_future_hold_clear,51,1,solved_soft_dynamic,solved,0.29074731352044286,-0.12033513711964663,0,1.5319258150823769,0.36799999999999999,0,0,1.322554,1.674374,0,1000000000,0,1,1,0,0.0098304779012875088,0.0036890008829555277,0.36799999999999999
locked_future_hold_clear,52,1,solved_soft_dynamic,solved,0.29267943676501673,-0.12108134331179617,0,1.5320172982656182,0.36799999999999999,0,0,1.3258380000000001,1.7183490000000001,0,1000000000,0,1,1,0,0.0098304779012875088,0.0036890008829555277,0.36799999999999999
locked_future_hold_clear,53,1,solved_soft_dynamic,solved,0.2943566124411926,-0.12172903443521151,0,1.5320967092371198,0.36799999999999999,0,0,1.2759160000000001,1.632274,0,1000000000,0,1,1,0,0.0098304779012875088,0.0036890008829555277,0.36799999999999999
locked_future_hold_clear,54,1,solved_soft_dynamic,solved,0.29581248067913285,-0.12229121842799939,0,1.5321656410579356,0.36799999999999999,0,0,1.284114,1.683344,0,1000000000,0,1,1,0,0.0098304779012875088,0.0036890008829555277,0.36799999999999999
locked_future_hold_clear,55,1,solved_soft_dynamic,solved,0.29707624294467161,-0.12277918533743272,0,1.5322254765672001,0.36799999999999999,0,0,1.292473,1.6530720000000001,0,1000000000,0,1,1,0,0.0098304779012875088,0.0036890008829555277,0.36799999999999999
locked_future_hold_clear,56,1,solved_soft_dynamic,solved,0.29817324767963083,-0.12320273424857026,0,1.5322774161232218,0.36799999999999999,0,0,1.2847679999999999,1.6521089999999998,0,1000000000,0,1,1,0,0.0098304779012875088,0.0036890008829555277,0.36799999999999999
locked_future_hold_clear,57,1,solved_soft_dynamic,solved,0.29912549867609861,-0.12357037022658914,0,1.532322501683834,0.36799999999999999,0,0,1.3138320000000001,1.6690559999999999,0,1000000000,0,1,1,0,0.0098304779012875088,0.0036890008829555277,0.36799999999999999
locked_future_hold_clear,58,1,solved_soft_dynamic,solved,0.29995209637806297,-0.12388947523687951,0,1.5323616377090801,0.36799999999999999,0,0,1.3176760000000001,1.7056230000000001,0,1000000000,0,1,1,0,0.0098304779012875088,0.0036890008829555277,0.36799999999999999
locked_future_hold_clear,59,1,solved_soft_dynamic,solved,0.30066962095912791,-0.12416645648263394,0,1.5323956093055573,0.36799999999999999,0,0,1.3402909999999999,1.6963709999999999,0,1000000000,0,1,1,0,0.0098304779012875088,0.0036890008829555277,0.36799999999999999
nonzero_applied,0,0,invalid_or_failed_input: aligned Follow requires zero last-applied yaw command,not_run,0,0,0,0,0,0,0,0,0.030588000000000001,0,1000000000,0,0,1,0,0,0,0
