scene,cycle,epoch_ns,baseline_valid,valid,reason,status,iterations,vx,vy,wz,progress_end,yaw_delta,nominal_cost,solved_cost,solver_ms,elapsed_ms,used_warm,minimum_clearance,plateau_stages
S1,102,2201000000,0,1,"solved_soft_dynamic","solved",160,0.04862127980132902,0.0090814871731707044,0,0.81501510615924022,-0.0064021727957879193,0,0,1.865159,5.1492110000000002,0,1000000000,0
S1,103,2252000000,0,1,"solved_soft_dynamic","solved",100,0.088737518057675546,-0.0018106506352913252,0,0.5786350365408609,-0.0024445857445243718,0,0,1.259296,2.9338709999999999,0,1000000000,0
S1,104,2301000000,0,1,"solved_soft_dynamic","solved",90,0.12138634623129402,-0.010680921005838041,0,0.58441143433421261,-0.009256808375357653,0,0,1.167144,2.6245219999999998,1,1000000000,0
S1,105,2351000000,0,1,"solved_soft_dynamic","solved",60,0.15313005532288099,-0.018206078565918937,0,0.63358648955497487,-0.0024857336989953169,0,0,0.9422299999999999,2.4387820000000002,1,1000000000,0
S1,106,2402000000,0,1,"solved_soft_dynamic","solved",90,0.17826332587275584,-0.024166730134734703,0,0.63923652374620343,-0.0098613481095526367,0,0,1.1429499999999999,2.5966549999999997,1,1000000000,0
S1,107,2451000000,0,1,"solved_soft_dynamic","solved",70,0.20353092260608399,-0.02877651266513356,0,0.68848672913436693,-0.002580534156004434,0,0,1.016319,2.4815909999999999,1,1000000000,0
S1,108,2502000000,0,1,"solved_soft_dynamic","solved",90,0.22292782939603512,-0.032309804727756734,0,0.69359713141148127,-0.0084753532632021247,0,0,1.1404650000000001,2.589289,1,1000000000,0
S1,109,2552000000,0,1,"solved_soft_dynamic","solved",80,0.2422929404972628,-0.03482495430269663,0,0.73933278775983302,-0.0051045087166130543,0,0,1.153708,2.6008170000000002,1,1000000000,0
S1,110,2602000000,0,1,"solved_soft_dynamic","solved",100,0.25709525505928776,-0.036506297904060091,0,0.74615043634168876,-0.0053136727830860771,0,0,1.271199,2.7420489999999997,1,1000000000,0
S1,111,2652000000,0,1,"solved_soft_dynamic","solved",100,0.27238088641478553,-0.037314912245741426,0,0.79123917188495851,-0.0026547303423285484,1.5672970460488112e-05,3.5352154512587386e-05,1.2416499999999999,2.6968519999999998,1,0.35356259154672182,0
S1,112,2702000000,0,1,"solved_soft_dynamic","solved",120,0.28353647880559807,-0.0374943541800744,0,0.79731563569217612,-0.0020983388349122833,9.7953829905696996e-05,3.7912185385105554e-05,1.3643159999999999,2.8613409999999999,1,0.35212192263310321,0
S1,113,2751000000,0,1,"solved_soft_dynamic","solved",110,0.29555587978785902,-0.036943099616718121,0,0.8416362508451446,-0.00020433852027963457,0.00015278145318837994,0.00029877427259088316,1.311904,2.7517589999999998,1,0.29111476325756641,0
S1,114,2801000000,0,1,"solved_soft_dynamic","solved",130,0.30382666838692363,-0.035942873374190248,0,0.8469405473839352,0.0010827407504621078,0.00077091850340411613,0.00032719078364120443,1.4038950000000001,2.8471859999999998,1,0.28947202412263989,0
S1,115,2851000000,0,1,"solved_soft_dynamic","solved",120,0.3130232124597313,-0.034404878597744472,0,0.89043531946437304,0.0018177871679654345,0.0010655361947848674,0.0020001636471391037,1.376017,2.8397350000000001,1,0.23204689327755873,0
S1,116,2902000000,0,1,"solved_soft_dynamic","solved",130,0.31884741529104771,-0.033225454280557509,0,0.89519723849205857,0.0038488031757879064,0.0016620074894980177,0.00071709488490823029,1.4632609999999999,2.90462,1,0.26515350557567402,0
S1,117,2951000000,0,1,"solved_soft_dynamic","solved",140,0.32237492656291022,-0.032520024086443576,0,0.90132308151899132,0.0051532898651203141,0.0017936911667710608,0.00081263464622781411,1.606973,3.0691039999999998,1,0.26284741419647401,0
S1,118,3002000000,0,1,"solved_soft_dynamic","solved",30,0.32683898940240691,-0.032080968913681979,0,0.94149943069908626,0.00043388185440562665,0.0038683433346107352,0.0059773110310878978,1.1647750000000001,3.3521730000000001,1,0.19879241621153859,0
S1,119,3052000000,0,1,"solved_soft_dynamic","solved",40,0.32508879342373775,-0.032186963574810427,0,0.92395003347717508,0.0069421096704900265,0.030555269059941721,0.0063711613229594111,1.2774349999999999,3.59653,1,0.19839884877887942,0
S1,120,3102000000,0,1,"solved_soft_dynamic","solved",60,0.32109952456723917,-0.03320142078880986,0,0.92365985136295059,0.00065988158457912227,0.021513896088330674,0.006563715827420713,1.523622,3.8115380000000001,1,0.19954000970730729,0
S1,121,3151000000,0,1,"solved_soft_dynamic","solved",40,0.31380716654710183,-0.035142093659081206,0,0.92151670397720675,0.011468164349207652,0.016724973547055721,0.0071200964241718862,1.3210459999999999,3.5859619999999999,1,0.19838442812081686,0
S1,122,3201000000,0,1,"solved_soft_dynamic","solved",40,0.30516176100257025,-0.037974752998692893,0,0.934382074415254,0.0094942170311696772,0.016341585054231743,0.0084480926393482297,1.2857299999999998,3.5202430000000002,1,0.21053752345391277,0
S1,123,3252000000,0,1,"solved_soft_dynamic","solved",40,0.30395886372457565,-0.0063810118809337762,0,0.56522352568266843,0.016909133456647393,0.6080592715326083,0.081969105051739044,1.2441170000000001,3.4246539999999999,0,0.12501381581694732,0
S1,124,3301000000,0,1,"solved_soft_dynamic","solved",40,0.29557248834699273,0.018052086616471799,0,0.53298300908462326,0.01266188408480956,0.15543333109875307,0.023593387249175604,1.1879230000000001,3.3559940000000004,1,0.16981005408414257,0
S1,125,3352000000,0,1,"solved_soft_dynamic","solved",40,0.29101015834721111,0.042938306243134126,0,0.60390187441996979,0.021117374300956726,0.0033586068328455595,0.013060231141889695,1.2807109999999999,3.410596,1,0.21161913697407972,0
S1,126,3402000000,0,1,"solved_soft_dynamic","solved",40,0.28191360462836201,0.06209095498061392,0,0.60100288748021369,0.016124192462302733,0.023596535377777953,0.0078767345508462122,1.298103,3.5680769999999997,1,0.22991587752970455,0
S1,127,3452000000,0,1,"solved_soft_dynamic","solved",40,0.28082620386979829,0.080457710184171277,0,0.67485459617053711,0.023932063952088328,0.0032836298173145677,0.010646726918971143,1.2859700000000001,3.5672220000000001,1,0.21747680546642098,0
S1,128,3501000000,0,1,"solved_soft_dynamic","solved",40,0.2845702718465094,0.096483804501155859,0,0.7320871157441502,0.015299302234780043,0.0031115622120496647,0.005149307090347742,1.258553,3.5357180000000001,1,0.24120772412920902,0
S1,129,3552000000,0,1,"solved_soft_dynamic","solved",40,0.28887550620634361,0.10938004182613141,0,0.75944522978820028,0.023313222452998161,0.0035097056860438477,0.0036051354357144578,1.2758960000000001,3.4948259999999998,1,0.25143753306127015,0
S1,130,3602000000,0,1,"solved_soft_dynamic","solved",110,0.29185119313018937,0.11839059048286762,0,0.79046960439102265,0.01487305061891675,0.0058954409285144416,0.0052322364413417179,1.9979659999999999,4.2066020000000002,1,0.23924353292001332,0
S1,131,3652000000,0,1,"solved_soft_dynamic","solved",50,0.29501373453799884,0.1241343322736521,0,0.81509276502388395,0.021633528172969818,0.0052244799940392404,0.0050533320712107697,1.5395840000000001,3.7879269999999998,1,0.2384219227534092,0
S1,132,3701000000,0,1,"solved_soft_dynamic","solved",70,0.30158304775113448,0.12678115983373761,0,0.84998966887783922,0.012861982116010029,0.0034857768829205434,0.0038894225164654373,1.8362829999999999,4.2241029999999995,1,0.24527853143996145,0
S1,133,3752000000,0,1,"solved_soft_dynamic","solved",40,0.30590349293931862,0.1261158255780763,0,0.87876527097526003,0.019599210470914841,0.0057480926736673222,0.0052435568480846927,1.4468110000000001,3.7879130000000001,1,0.23571031996552588,0
S1,134,3802000000,0,1,"solved_soft_dynamic","solved",70,0.30936317952388587,0.12276890366100281,0,0.90799709056928646,0.011868460080586396,0.0074181755170609626,0.0070744886118131395,1.134803,2.9197960000000003,1,0.22530704332500887,0
S1,135,3852000000,0,1,"solved_soft_dynamic","solved",30,0.3126074799187627,0.11701732347331992,0,0.9363446094724226,0.016164768487215042,0.0077335239550630043,0.0074724527184119316,0.86190100000000003,2.4750319999999997,1,0.2224695984196878,0
S1,136,3901000000,0,1,"solved_soft_dynamic","solved",110,0.31616095393229993,0.11022729227503782,0,0.95841882426792968,0.0095887915813364089,0.0084156010263242917,0.0081814352580991314,1.4049959999999999,2.9795229999999999,1,0.21974686430073084,0
S1,137,3951000000,0,1,"solved_soft_dynamic","solved",60,0.3176109384698077,0.10098352500395355,0,0.97718338471750377,0.014154882810544223,0.010327294899254656,0.0096125770173861539,1.101637,2.691611,1,0.21419894791471755,0
S1,138,4002000000,0,1,"solved_soft_dynamic","solved",70,0.31859648103598576,0.090477457176486281,0,1.0033091902961613,0.0084394035860896333,0.012976099330583083,0.012530996784355822,1.185073,2.8384870000000002,1,0.20944492168536352,0
S1,139,4052000000,0,1,"solved_soft_dynamic","solved",120,0.31622153511112822,0.077997302764525572,0,1.0110087303454502,0.011871372349560261,0.015105675606465387,0.013542948197974334,1.468793,3.0841409999999998,1,0.20325276844626583,0
S1,140,4101000000,0,1,"solved_soft_dynamic","solved",80,0.30376813665384467,0.066573731839654912,0,1.0572425111905721,0.0070214841398410499,0.045584625526884671,0.040475597216290661,1.3549420000000001,2.9653499999999999,1,0.16688895845287238,0
S1,141,4151000000,0,1,"solved_soft_dynamic","solved",130,0.28649220358086391,0.054743997946981739,0,1.0607794529760843,0.010365048015955836,0.056383446269406071,0.04901670850777174,1.5536749999999999,3.111729,1,0.16064375736495459,0
S2,103,2235000000,0,1,"solved_soft_dynamic","solved",90,0.046801829886724287,-0.0088989627438333923,0,0.56881492394982458,-0.006729851447744295,0,0,1.234254,2.950288,0,1000000000,0
S2,104,2285000000,0,1,"solved_soft_dynamic","solved",100,0.086432104871096149,-0.015869986124020949,0,0.57979024897638709,-0.004882035318587441,0,0,1.2211879999999999,2.7219340000000001,1,1000000000,0
S2,105,2335000000,0,1,"solved_soft_dynamic","solved",80,0.12295568313220778,-0.02204221489344816,0,0.62423702991200269,-0.0074881073669530451,0,0,1.08477,2.540346,1,1000000000,0
S2,106,2385000000,0,1,"solved_soft_dynamic","solved",90,0.15365825182142484,-0.027040680949154246,0,0.63467932985637432,-0.0054236466894508339,0,0,1.1796420000000001,2.6324990000000001,1,1000000000,0
S2,107,2435000000,0,1,"solved_soft_dynamic","solved",70,0.18231898959555595,-0.030973059813460425,0,0.67890916868695494,-0.0078571304766228423,0,0,1.076333,2.526834,1,1000000000,0
S2,108,2485000000,0,1,"solved_soft_dynamic","solved",90,0.20619618750856619,-0.033899779487596302,0,0.68926665078602045,-0.0055072376198950224,0,0,1.148665,2.6397940000000002,1,1000000000,0
S2,109,2535000000,0,1,"solved_soft_dynamic","solved",90,0.22499276361902265,-0.036069912083874514,0,0.69630779457066727,-0.0055918355064932257,0,0,1.1472739999999999,2.5972249999999999,1,1000000000,0
S2,110,2585000000,0,1,"solved_soft_dynamic","solved",80,0.24386578896366864,-0.037292164636047419,0,0.7422171329720213,-0.0039191696487250738,0,0,1.086892,2.5496279999999998,1,1000000000,0
S2,111,2635000000,0,1,"solved_soft_dynamic","solved",100,0.25891335367627244,-0.037915426696063487,0,0.75120705755667105,-0.0012652626901399344,0,0,1.2121930000000001,2.6577990000000002,1,1000000000,0
S2,112,2685000000,0,1,"solved_soft_dynamic","solved",100,0.27371394197742688,-0.03769236491450785,0,0.79387685148700493,-0.0020337726709840354,1.5625840446607112e-05,3.6127439035496016e-05,1.2304569999999999,2.6831289999999997,1,0.35283679641217119,0
S2,113,2735000000,0,1,"solved_soft_dynamic","solved",120,0.28511352117437899,-0.037169018489766698,0,0.80212415123762681,5.9602773490041727e-05,0.00010262549200372678,3.9948743793063237e-05,1.3587180000000001,2.8307449999999998,1,0.35062518169645701,0
S2,114,2785000000,0,1,"solved_soft_dynamic","solved",120,0.29661293426512347,-0.036009668752089247,0,0.84399772746448387,0.00017433646235076594,3.0873369075491713e-05,6.4772372073311935e-05,1.391006,2.830009,1,0.33738248204268367,0
S2,115,2835000000,0,1,"solved_soft_dynamic","solved",130,0.30506696246180909,-0.03457789288654177,0,0.85162871840482235,0.0011604300743783824,0.00017665429496819228,7.1741917522995314e-05,1.442736,2.8750490000000002,1,0.33538378218819104,0
S2,116,2885000000,0,1,"solved_soft_dynamic","solved",130,0.31383529727619597,-0.032765526296691057,0,0.8927328767518663,0.0020090486032131594,0.00032141267789564346,0.00061652047264395106,1.459246,2.9185370000000002,1,0.26904667923614639,0
S2,117,2935000000,0,1,"solved_soft_dynamic","solved",130,0.31963377701263435,-0.031459978873172402,0,0.89931371139315719,0.0027640264306683093,0.0016591109965514784,0.00070155032053138854,1.4261250000000001,2.856185,1,0.26674210166083273,0
S2,118,2985000000,0,1,"solved_soft_dynamic","solved",40,0.32508244413853227,-0.030438409720483284,0,0.93544893834762144,0.0047117090070969425,0.0030318686679172155,0.0048015596284599754,0.84694900000000006,2.306988,1,0.20476790754679214,0
S2,119,3035000000,0,1,"solved_soft_dynamic","solved",60,0.32686999693730839,-0.029962912249000596,0,0.93345597751597231,0.0043621899385470897,0.013138147045341979,0.0040813300744031453,1.002764,2.4535120000000004,1,0.21170127066402661,0
S2,120,3085000000,0,1,"solved_soft_dynamic","solved",60,0.32413519149642478,-0.030128144559150843,0,0.92313647220368344,0.0073453150253044372,0.023897983724334,0.0060142699954123593,0.97598600000000002,2.424277,1,0.20122344793844477,0
S2,121,3135000000,0,1,"solved_soft_dynamic","solved",60,0.3184397745235209,-0.031305606624116376,0,0.91934987115501809,0.006177187999128364,0.020907219616695491,0.0067900801892574773,0.96026499999999992,2.4174329999999999,1,0.19915039311306409,0
S2,122,3185000000,0,1,"solved_soft_dynamic","solved",60,0.31001465083467372,-0.033276875685235227,0,0.91842637939879834,0.011149208512506448,0.019018907901561952,0.007633299524075687,0.98544299999999996,2.5411950000000001,1,0.20076163532637714,0
S2,123,3235000000,0,1,"solved_soft_dynamic","solved",40,0.30898728267148751,-0.037310787500627329,0,1.0144780729229359,0.0084017801564186811,0.0041979764594990525,0.023661718395721659,0.83803100000000008,2.3527089999999999,1,0.18496028084703303,0
S2,124,3285000000,0,1,"solved_soft_dynamic","solved",40,0.30239567114233756,0.0025532321970471797,0,0.55505836464433633,0.014136725221760571,0.55007996460272035,0.072286970542307802,0.83584999999999998,2.2870080000000002,0,0.13365552874103884,0
S2,125,3335000000,0,1,"solved_soft_dynamic","solved",60,0.29076314650984503,0.033661590323828094,0,0.53353189523008604,0.0099365104688331485,0.13827532936093101,0.021390249715521968,0.96900800000000009,2.4308559999999999,1,0.1776965896294698,0
S2,126,3385000000,0,1,"solved_soft_dynamic","solved",40,0.27960412851529531,0.061524432515068478,0,0.55655258861287737,0.016635849460726604,0.0078165520710755023,0.0084964271968802872,0.84569099999999997,2.2949950000000001,1,0.22610793306394633,0
S2,127,3435000000,0,1,"solved_soft_dynamic","solved",60,0.2678951385257502,0.084243584036915356,0,0.56587595649813638,0.01085661118850112,0.013961098403399132,0.0081606665762918428,0.96996899999999997,2.4529320000000001,1,0.22828829444201684,0
S2,128,3485000000,0,1,"solved_soft_dynamic","solved",60,0.26953651766739151,0.10821244313858877,0,0.68192550304652133,0.032569833565503359,0.0015459338599454291,0.014693742672840109,0.97301400000000005,2.401214,1,0.20508274410914648,0
S2,129,3535000000,0,1,"solved_soft_dynamic","solved",40,0.2638786576563486,0.12529556734625674,0,0.67092274921718142,0.010843291820492595,0.023759549984182768,0.0069697247125509263,0.836399,2.2797839999999998,1,0.23084705386454324,0
S2,130,3585000000,0,1,"solved_soft_dynamic","solved",60,0.26001246924864607,0.13861608127319713,0,0.69844071261429475,0.032529875461477786,0.0075646314863200273,0.0082299364928894655,0.97143599999999997,2.4057629999999999,1,0.22434838255402981,0
S2,131,3635000000,0,1,"solved_soft_dynamic","solved",60,0.25403042089673644,0.14770567374356286,0,0.71538599870050035,0.009467215568292886,0.014074181980232046,0.0090760926785052511,0.97530900000000009,2.418615,1,0.22129158168111943,0
S2,132,3685000000,0,1,"solved_soft_dynamic","solved",60,0.24642907631913508,0.15312785879831656,0,0.73013187535314739,0.028401646704878658,0.014070120927863694,0.010701808638002188,0.96493600000000002,2.3881580000000002,1,0.21602539338064183,0
S2,133,3735000000,0,1,"solved_soft_dynamic","solved",60,0.23302984100419524,0.15505855912035971,0,0.71721245846338388,0.0080456648720428348,0.046765312984613436,0.014277636047402719,0.96992900000000004,2.4233190000000002,1,0.20848162825282568,0
S2,134,3785000000,0,1,"solved_soft_dynamic","solved",40,0.21883899623240172,0.15400456511376509,0,0.73172065306503575,0.024136994616128504,0.0217563760217366,0.01662421836599233,0.831959,2.2756830000000003,1,0.20471340650171824,0
S2,135,3835000000,0,1,"solved_soft_dynamic","solved",60,0.20199961246662668,0.1510440157119943,0,0.73429958016728158,0.0063596437830710784,0.036863391804309149,0.017925485680688517,0.96019599999999994,2.4107880000000002,1,0.2063344810877201,0
S2,136,3885000000,0,1,"solved_soft_dynamic","solved",50,0.18452681737067964,0.1467202912087596,0,0.7533714873867936,0.019078931218245998,0.027682603372709211,0.022120115464933955,0.89264399999999999,2.3282180000000001,1,0.19946148566893307,0
S2,137,3935000000,0,1,"solved_soft_dynamic","solved",60,0.16360781984465822,0.1448620711474011,0,0.73299131019364439,0.0052673534082714468,1.385592066451983,0.19151816660620424,0.96871200000000002,2.4434830000000001,1,0.11796499118456014,0
S2,138,3985000000,0,1,"solved_soft_dynamic","solved",60,0.13792510669225089,0.13888710279351663,0,0.69578523796589331,0.01580206022481434,0.31743388721638677,0.059915484780923581,0.95946400000000009,2.395848,1,0.16696114732366493,0
S2,139,4035000000,0,1,"solved_soft_dynamic","solved",40,0.11231462875882087,0.13149585059850669,0,0.67683454564521783,0.003846530889859423,0.83871057291433215,0.12895087349702228,0.83131299999999997,2.3342399999999999,1,0.13417812421589217,0
S2,140,4085000000,0,1,"solved_soft_dynamic","solved",40,0.081763196760495191,0.12138522179844781,0,0.66778201864289022,0.011539592669578269,1.5419141423286007,0.23554311442045098,0.83877699999999999,2.2742290000000001,1,0.088851827912651282,0
S2,141,4135000000,0,1,"solved_soft_dynamic","solved",40,0.050024241196372436,0.11090335422591155,0,0.65090806330887185,0.0060702430564560927,0.6330215748677348,0.11979739619764432,0.85777100000000006,2.320519,1,0.12046458891167849,0
S2,142,4185000000,0,1,"solved_soft_dynamic","solved",40,0.019709076603724982,0.099367207977816008,0,0.63404714987353472,0.0068377267598407343,0.21369755946708668,0.06976371194620358,0.84528700000000001,2.320783,1,0.16264044659225868,0
S2,143,4235000000,0,1,"solved_soft_dynamic","solved",40,-0.012875652350090343,0.089009037668856428,0,0.62372408296386683,0.0030095360125415027,0.11706403708696257,0.063264356752332912,0.84164099999999997,2.3196179999999997,1,0.17885274358079989,0
S2,144,4285000000,0,1,"solved_soft_dynamic","solved",210,-0.045553428980698349,0.080939737753849758,0,0.63469749511386209,0.00022493432879855391,0.10468282034116135,0.077577903247637442,2.0972679999999997,3.5319150000000001,1,0.16542676871619527,0
S2,145,4335000000,0,1,"solved_soft_dynamic","solved",30,-0.079610635786184408,0.1065328170444408,0,0.54316923113154603,0.00017454051992737973,0.040155080535852365,0.059257340345226818,0.77831300000000003,2.2450590000000004,0,0.15423484599916898,0
S2,146,4385000000,0,1,"solved_soft_dynamic","solved",40,-0.11885608824984553,0.13358561024582233,0,0.55258907900938636,8.851448865243583e-05,0.085580276471300051,0.065698188124679632,0.84219199999999994,2.3192109999999997,1,0.14279293649033059,0
S2,147,4435000000,0,1,"solved_soft_dynamic","solved",60,-0.15193605132381527,0.15158779284865292,0,0.56058638286007778,0.0020196012483211234,0.057505576262741817,0.054435055076112099,0.98060800000000004,2.4625720000000002,1,0.14511419767474348,0
S2,148,4485000000,0,1,"solved_soft_dynamic","solved",90,-0.14027347144608857,0.20036337385614217,0,0.74924521465740201,0.00068799372820649296,0.0395950063142246,0.048843635101893317,1.195486,2.6789769999999997,1,0.15322721840306702,0
S2,149,4535000000,0,1,"solved_soft_dynamic","solved",50,-0.13352095681012136,0.23955053592331366,0,0.77358577900860381,0.0052749552560271695,0.06147357580674772,0.050724433595914074,0.93650099999999992,2.4110020000000003,1,0.14742384741751263,0
S2,150,4585000000,0,1,"solved_soft_dynamic","solved",70,-0.14269518370981052,0.28840573208930104,0,0.82540519206654916,0.00063528299506288022,0.16274439107767918,0.14546624007726522,1.0784550000000002,2.5516559999999999,1,0.1052118521818059,0
S2,151,4635000000,0,1,"solved_soft_dynamic","solved",40,-0.1410415637768854,0.32089993359938157,0,0.85018263914519587,0.0044469809654401615,0.113904735326603,0.11311729666081752,0.84765000000000001,2.3406070000000003,1,0.11099933695305136,0
S2,152,4685000000,0,1,"solved_soft_dynamic","solved",80,-0.12996074666106094,0.34659224665031341,0,0.89383285765376264,0.00043481201282702386,0.09559249008764488,0.09424433631892995,1.136557,2.629321,1,0.11561108261002956,0
S2,153,4735000000,0,1,"solved_soft_dynamic","solved",50,-0.11943592369157793,0.36411423449608066,0,0.92482565240776515,0.0028726468735840172,0.094017015552065916,0.090868928911903304,0.90589399999999998,2.388055,1,0.11635323787281532,0
S2,154,4785000000,0,1,"solved_soft_dynamic","solved",150,-0.10289777329400093,0.37578833472640671,0,0.95786430782225107,0.0019468924438115209,0.088921798344171868,0.087168847263327034,1.5837329999999998,3.0609989999999998,1,0.11726936593627896,0
S2,155,4835000000,0,1,"solved_soft_dynamic","solved",40,-0.074642403383720204,0.37535003576085618,0,0.98946878700017327,0.00072845635259000119,0.03984989609496821,0.039978425225479314,0.83674900000000008,2.3095590000000001,1,0.13531978865286715,0
S2,156,4885000000,0,1,"solved_soft_dynamic","solved",40,-0.031422487556855457,0.37447850031891011,0,1.1018825790436826,0.00041532780187480967,0.024770115308590759,0.024577147653784773,0.86730700000000005,2.3400220000000003,1,0.14925300909121753,0
S2,157,4935000000,0,1,"solved_soft_dynamic","solved",40,0.0044029345051679464,0.36775060399809489,0,1.1094284798258189,-0.0016926404168771114,0.012908016594635191,0.012840444012041805,0.833874,2.3128519999999999,1,0.1687381108736882,0
S2,158,4985000000,0,1,"solved_soft_dynamic","solved",50,0.040628052793130441,0.3584367118985764,0,1.148697285439481,-0.0012840273757319665,0.013196936510693345,0.013112016502513079,0.89678000000000002,2.364045,1,0.16850723093190462,0
S2,159,5035000000,0,1,"solved_soft_dynamic","solved",60,0.070661381005730592,0.34547589183946081,0,1.1640313751075539,-0.0041933186221285723,0.006418765865987653,0.0063902389108530201,0.960781,2.434733,1,0.19067016657876606,0
S2,160,5085000000,0,1,"solved_soft_dynamic","solved",50,0.099989596885897258,0.33072866538224466,0,1.1887872659838203,-0.0030702263939019758,0.0068146379903736287,0.0067751512191939547,0.90032500000000004,2.4113359999999999,1,0.18982740347019017,0
S2,161,5135000000,0,1,"solved_soft_dynamic","solved",40,0.12509921665288726,0.3147789570007874,0,1.2037278339508317,-0.0057640829618321732,0.0075957269860493486,0.0075439134611366655,0.84784999999999999,2.3240660000000002,1,0.18798444957611865,0
S2,162,5185000000,0,1,"solved_soft_dynamic","solved",40,0.15534440867778992,0.29837333932005478,0,1.2792820388209583,-0.0042222002593916841,0.0037336543470344557,0.0036946178945590482,0.83266099999999998,2.3316949999999999,1,0.21023835435854601,0
S2,163,5235000000,0,1,"solved_soft_dynamic","solved",70,0.17968557923738848,0.28118472348736051,0,1.2817273363012907,-0.0068543025554390624,0.0095844805435011515,0.0095719343249981628,1.1411929999999999,2.6202320000000001,1,0.18115921730642912,0
S2,164,5285000000,0,1,"solved_soft_dynamic","solved",60,0.19759464945845823,0.263455224151256,0,1.2869138455602689,-0.004970928821421694,0.0045175624537572177,0.0045156072136748075,0.97464700000000004,2.4735500000000004,1,0.20506928515211018,0
S2,165,5335000000,0,1,"solved_soft_dynamic","solved",300,0.19240712592328954,0.21345522415125601,0,0.52287203905263002,-0.007926002872409299,0.0024801700896814444,0.0029791396749480341,2.7074719999999997,4.0925830000000003,0,0.22715217816948116,0
S2,166,5385000000,0,1,"solved_soft_dynamic","solved",150,0.18957215143823269,0.16345522415125602,0,0.53271590277674674,-0.0057364293752470985,0.015208448759109204,0.014373953882564515,1.6615469999999999,3.0576190000000003,1,0.19735791848401968,0
S2,167,5435000000,0,1,"solved_soft_dynamic","solved",190,0.18551831329570176,0.11345522415125602,0,0.53881320444274527,-0.0087691486987750977,0.010585459120212463,0.011196722984917258,1.9302360000000001,3.3389880000000001,1,0.21542736240491708,0
S2,168,5485000000,0,1,"solved_soft_dynamic","solved",150,0.20253570024170134,0.069758112578489614,0,0.59604575622828571,-0.0063686758221592754,0.23548620095007283,0.063293446214912119,1.6600860000000002,3.0660439999999998,1,0.18633146888104324,0
S2,169,5535000000,0,1,"solved_soft_dynamic","solved",140,0.21512911251552722,0.025439261405643274,0,0.60206559315542085,-0.011654098430881277,0.05629898347860323,0.052245933527651028,1.4916580000000002,2.878088,1,0.198634251808843,0
S2,170,5585000000,0,1,"solved_soft_dynamic","solved",90,0.24719315208374293,0.0082378256358736981,0,0.6205047259648957,-0.0085720810602651909,0.79459400518542267,0.15971809058894207,1.2097740000000001,2.597486,1,0.16148531209501599,0
S2,171,5635000000,0,1,"solved_soft_dynamic","solved",90,0.27231432368327968,-0.012855262291354263,0,0.63051187490591154,-0.012787021405529231,0.17153792996050213,0.098289063520485873,1.201155,2.6082229999999997,1,0.18434492178620915,0
S2,172,5685000000,0,1,"solved_soft_dynamic","solved",80,0.3059911651486959,-0.019434581676110063,0,0.6776544893542803,-0.0090585880388971418,0.29347255038689735,0.1172767767834194,1.1322490000000001,2.5196540000000001,1,0.17772910970086536,0
S2,173,5735000000,0,1,"solved_soft_dynamic","solved",80,0.3279330696106017,-0.025963702818804803,0,0.67429879686527427,-0.011361381912138313,0.13631488894973459,0.14032882547149017,1.1790800000000001,2.5888579999999997,1,0.17731799887868754,0
S2,174,5785000000,0,1,"solved_soft_dynamic","solved",90,0.35815109854052302,-0.014400834093230196,0,0.68918989039565426,-0.0080402741150464863,0.42422497789809988,0.14966621595666904,1.2072999999999998,2.5976620000000001,1,0.16644264701992645,0
S2,175,5835000000,0,1,"solved_soft_dynamic","solved",90,0.39215119930769743,0.0046250257593749948,0,0.76669346086145573,-0.0096957675123121589,0.3772890017945334,0.17048179000080188,1.216639,2.6268419999999999,1,0.15708468024700303,0
S2,176,5885000000,0,1,"solved_soft_dynamic","solved",210,0.40221489766392893,0.026211951123878162,0,0.77108516385927484,-0.0068505497620208189,0.32578694723061252,0.14761243271829427,1.990146,3.380252,1,0.17022604489663234,0
S2,177,5935000000,0,1,"solved_soft_dynamic","solved",90,0.41299959978252115,0.057129302486811563,0,0.78288064003664604,-0.003818291297648102,0.26505091197111352,0.1706544471276627,1.199303,2.5808949999999999,1,0.16674391347856751,0
S2,178,5985000000,0,1,"solved_soft_dynamic","solved",190,0.41310970445197182,0.042749130369006925,0,0.8172321976793947,-0.0064388171449536458,0.060599960127880145,0.44412747138845532,1.9002060000000001,3.283706,1,0.12150222954103146,0
S2,179,6035000000,0,1,"solved_soft_dynamic","solved",70,0.42249741054075601,0.056913843382060882,0,0.82785785268650924,-0.0040971864655148238,0.83875934584030065,0.18255557820541007,1.1002539999999998,2.5066790000000001,1,0.15568773159583121,0
S2,180,6085000000,0,1,"solved_soft_dynamic","solved",90,0.431150638779699,0.073819884013701959,0,0.86910965204232671,-0.0069336422166088596,0.29218311274385361,0.13915653760205104,1.2196640000000001,2.6417600000000001,1,0.1654792049544454,0
S2,181,6135000000,0,1,"solved_soft_dynamic","solved",170,0.43586055852057476,0.097243376618717736,0,0.8756991768996456,-0.0046365933667402714,0.23461248757426548,0.15951164820741048,1.7050399999999999,3.1169409999999997,1,0.15510102989687041,0
S2,182,6185000000,0,1,"solved_soft_dynamic","solved",120,0.43577687289289546,0.1061211014056445,0,0.91710118915079697,-0.0078026540722930804,0.11874614347570395,0.19048776719739235,1.4738259999999999,2.8645749999999999,1,0.15302523884040503,0
S2,183,6235000000,0,1,"solved_soft_dynamic","solved",100,0.43584466027777491,0.12563697966106308,0,0.92689764299338862,-0.0049018063873518258,0.32491883400681948,0.13960199099518977,1.2950789999999999,2.6722040000000002,1,0.15681993435078939,0
S2,184,6285000000,0,1,"solved_soft_dynamic","solved",140,0.43539701328474878,0.13963650045803733,0,0.97036269418151333,-0.0082337300409562886,0.16080433874270275,0.15801173642188063,1.654425,3.0451070000000002,1,0.15451070567982589,0
S2,185,6335000000,0,1,"solved_soft_dynamic","solved",250,0.42994186602303575,0.14636848666435384,0,0.968594767714547,-0.0050039673806168139,0.13259716881178113,0.14036238264172313,2.2935829999999999,3.7208710000000003,1,0.16138322078841977,0
S2,186,6385000000,0,1,"solved_soft_dynamic","solved",40,0.39771537167890159,0.17285789358200873,0,0.62298746127691518,-0.0084328577941050753,0.044272516028100693,0.11572416860803729,0.87688200000000005,2.2282220000000001,0,0.16165986557012729,0
S2,187,6435000000,0,1,"solved_soft_dynamic","solved",230,0.37070508820351089,0.18642045469449856,0,0.6288351089078732,-0.0051327077380847186,0.018762395497277495,0.021165700269609747,2.250035,3.6090279999999999,1,0.20652812818193883,0
S2,188,6485000000,0,1,"solved_soft_dynamic","solved",200,0.34219457297291977,0.20213358260725839,0,0.63141405940526141,-0.0084495144983520731,0.036244028399362485,0.019492189860051176,1.9378220000000002,3.3112760000000003,1,0.21537683845004291,0
S2,189,6535000000,0,1,"solved_soft_dynamic","solved",120,0.311194425606378,0.2154571568224764,0,0.63167269223900713,-0.0033483917432022281,0.014243393204902973,0.015343055545349553,1.417443,2.7663369999999996,1,0.21578343722202259,0
S2,190,6585000000,0,1,"solved_soft_dynamic","solved",120,0.27865454097708786,0.22748488289926849,0,0.6322078270337036,-0.0054730789997847751,0.015509105433594038,0.011835822283201125,1.4353689999999999,2.7935240000000001,1,0.22846063879961448,0
S2,191,6635000000,0,1,"solved_soft_dynamic","solved",130,0.29173331004783731,0.22297672111187619,0,0.77171924101042366,-0.0026890720473602414,0.010813776990602434,0.011316945325212088,1.429206,2.8178559999999999,1,0.2230207852061778,0
S2,192,6685000000,0,1,"solved_soft_dynamic","solved",100,0.3038636883672316,0.21768730189418356,0,0.81388610494916847,-0.0044067881390219554,0.016559472881341929,0.011574289998723985,1.2753429999999999,2.6267209999999999,1,0.22427532978298209,0
S2,193,6735000000,0,1,"solved_soft_dynamic","solved",150,0.31333780659335619,0.21094896782317765,0,0.82825906991244058,-0.0022813838077127002,0.0079569297404789713,0.0083711535774238753,1.5790299999999999,2.9298190000000002,1,0.22936086074261169,0
S2,194,6785000000,0,1,"solved_soft_dynamic","solved",160,0.3218514570515057,0.20324920600491372,0,0.86949919357369987,-0.0068441513576544821,0.0059228633889130194,0.0054719064485487575,1.6835960000000001,3.0725720000000001,1,0.2425602273433059,0
S2,195,6835000000,0,1,"solved_soft_dynamic","solved",170,0.3281322741899394,0.19538317465937199,0,0.88419140077450842,-0.0031257134105544537,0.0042746483213295253,0.003539106310239782,1.7022919999999999,3.0507409999999999,1,0.25759181361026934,0
S2,196,6885000000,0,1,"solved_soft_dynamic","solved",180,0.3336744838379288,0.18726312791531444,0,0.9251084050644558,-0.0093771402316633612,0.0049000348863434233,0.0038104462291204642,1.813412,3.1622650000000001,1,0.25297204953100455,0
S2,197,6935000000,0,1,"solved_soft_dynamic","solved",180,0.33760862326261115,0.17978608170564112,0,0.94053246425839943,-0.0034395023976685479,0.0027039750959065357,0.0021300707513423733,1.778438,3.1416010000000001,1,0.27348168190995842,0
S2,198,6985000000,0,1,"solved_soft_dynamic","solved",180,0.34125870800992453,0.17250563598512181,0,0.98248626782895809,-0.010318507193005644,0.0020484908352844124,0.0016943331259588826,2.0398610000000001,3.39744,1,0.28184392078247927,0
S2,199,7035000000,0,1,"solved_soft_dynamic","solved",180,0.34381415928138687,0.16602515113417726,0,0.99747733420489593,-0.0034947568201459944,0.0025384904576513478,0.0017273194229713031,1.871759,3.2596370000000001,1,0.28017653456517061,0
S2,200,7085000000,0,1,"solved_soft_dynamic","solved",190,0.34625253895107128,0.15980806593956617,0,1.0399684802654559,-0.010484270460437983,0.001567934917006956,0.0013188897360238514,1.904568,3.262467,1,0.28860686803018781,0
S2,201,7135000000,0,1,"solved_soft_dynamic","solved",100,0.35191757887543296,0.15305940045879754,0,1.0931790467692917,-0.0036492060462478548,0.0014161224665596617,0.0012290364319300403,1.284281,2.663179,1,0.28776163078198264,0
S2,202,7185000000,0,1,"solved_soft_dynamic","solved",180,0.35331855148327534,0.14762404266940427,0,1.0994696409648226,-0.010947618138743564,0.0014885956793591129,0.0010135487308315903,1.7785139999999999,3.1358089999999996,1,0.29562330341423676,0
S2,203,7235000000,0,1,"solved_soft_dynamic","solved",160,0.35813147596863532,0.14200070258757491,0,1.1523507870146581,-0.0034098673495464027,0.0015783689851114669,0.0013688873885907237,1.664123,3.026052,1,0.27914945822831988,0
S2,204,7285000000,0,1,"solved_soft_dynamic","solved",220,0.36250117692769046,0.13701253221094406,0,1.1955651421202314,-0.010229602048639208,0.001736368282267665,0.0014673869494498267,2.1278410000000001,3.5246149999999998,1,0.2738386876856323,0
S2,205,7335000000,0,1,"solved_soft_dynamic","solved",200,0.36753506771629901,0.13281686290349098,0,1.2211025921352316,-0.0031276724621420726,0.0022414044158115139,0.0015680777356219869,1.9276759999999999,3.2907320000000002,1,0.27020605978968876,0
S2,206,7385000000,0,1,"solved_soft_dynamic","solved",70,0.36716844605087462,0.10862343936158783,0,0.58766933558884416,-0.0093830173864262179,0.016539787628953084,0.0066454746675690081,1.04196,2.3493170000000001,0,0.22518737488975324,0
S2,207,7435000000,0,1,"solved_soft_dynamic","solved",140,0.36389641437362491,0.091041823868361405,0,0.59658751690501943,-0.0076885383896296844,0.012059072863591411,0.0073139904359672643,1.5080629999999999,2.833002,1,0.22321919887071215,0
S2,208,7485000000,0,1,"solved_soft_dynamic","solved",50,0.36056585574540873,0.077570541566242213,0,0.62573222331889156,-0.0098852636438095942,0.012203615993575574,0.0089145288689374217,0.900142,2.2022529999999998,1,0.21985750603952733,0
S2,209,7535000000,0,1,"solved_soft_dynamic","solved",40,0.36150340667345815,0.067637811848080834,0,0.68904776363446962,-0.0090724897745531052,0.01134393754379882,0.010371404316044728,0.84553500000000004,2.187913,1,0.23165737967224914,0
S2,210,7585000000,0,1,"solved_soft_dynamic","solved",180,0.36488909005497849,0.059435998258822051,0,0.72890173281261939,-0.0014091056946199387,0.0089157797855786598,0.0090970826279768921,1.8628169999999999,3.1621040000000002,1,0.23626937135457413,0
S2,211,7635000000,0,1,"solved_soft_dynamic","solved",160,0.36801033764919788,0.05374217386478454,0,0.76978653126675123,-0.0098637402697931992,0.013384723929582223,0.008934753667969593,1.8004530000000001,3.1020269999999996,1,0.24052806991938827,0
S2,212,7685000000,0,1,"solved_soft_dynamic","solved",220,0.3712090604714044,0.049970913316286683,0,0.78742224374229086,-0.0013475421292241663,0.014713205908899438,0.012396901700014427,2.0659860000000001,3.3907730000000003,1,0.23202104952760505,0
S2,213,7735000000,0,1,"solved_soft_dynamic","solved",230,0.37509388409283972,0.051798630642190147,0,0.83113626473332924,-0.0094327949045691639,0.029325319130452124,0.018831377464094499,2.2165909999999998,3.5273720000000002,1,0.23501018471377694,0
S2,214,7785000000,0,1,"solved_soft_dynamic","solved",150,0.38080124324933234,0.053460490239359733,0,0.88307767058287379,-0.0012350942415650934,0.04765610986364438,0.026568797034597528,1.5785009999999999,2.8956440000000003,1,0.21873586294149669,0
S2,215,7835000000,0,1,"solved_soft_dynamic","solved",190,0.38419606875817341,0.054190876088050947,0,0.89355736044634526,-0.0086456596909556538,0.029474473920846244,0.029820165260330801,1.93286,3.2625140000000004,1,0.21653340773277219,0
S2,216,7885000000,0,1,"solved_soft_dynamic","solved",210,0.38832008036268301,0.056434994418427843,0,0.91387475243797223,-0.0011010286107193679,0.042897121186377216,0.034274745903641921,2.0715730000000003,3.3979810000000001,1,0.21858009359179836,0
S2,217,7935000000,0,1,"solved_soft_dynamic","solved",250,0.39170064704829038,0.054295481610387789,0,0.95813493638341329,-0.007707200275035575,0.023823315996761338,0.026030566836225375,2.4469660000000002,3.789501,1,0.21598277867492394,0
S2,218,7985000000,0,1,"solved_soft_dynamic","solved",130,0.39873530880608321,0.049656841107002948,0,1.016909596118694,-0.00096004354418255389,0.027932450227807458,0.022971597335958278,1.459921,2.779369,1,0.21449273566375809,0
S2,219,8035000000,0,1,"solved_soft_dynamic","solved",210,0.40299509485415763,0.046764125489083506,0,1.0229907410374923,-0.0067203048092778772,0.02896404495927575,0.026672976463025126,2.0405369999999996,3.3522309999999997,1,0.20438111456550306,0
S2,220,8085000000,0,1,"solved_soft_dynamic","solved",210,0.40933665850176798,0.043454173248845186,0,1.0733038549811502,-0.0046952194315963425,0.035004082250816096,0.030231524803459451,2.1435500000000003,3.454488,1,0.19390323504993373,0
S2,221,8135000000,0,1,"solved_soft_dynamic","solved",160,0.4169844356106604,0.0370027196607354,0,1.1186136677883303,-0.0061653697775909816,0.038705336180004858,0.036454687592130837,1.860414,3.198607,1,0.165468864879629,0
S2,222,8185000000,0,1,"solved_soft_dynamic","solved",220,0.43299997555639491,0.049530971394288845,0,1.1365626006008596,-0.004298837338865269,0.11316156318894119,0.090380163435170011,2.1937139999999999,3.5274389999999998,1,0.13782441220319927,0
S2,223,8235000000,0,1,"solved_soft_dynamic","solved",240,0.43780467896500841,0.037385587489869108,0,1.1765730091297333,-0.0053277474944479764,0.04517675227305807,0.048546236970967035,2.2588949999999999,3.5817749999999999,1,0.14812202624270424,0
S2,224,8285000000,0,1,"solved_soft_dynamic","solved",270,0.4412701492257079,0.026820245322673422,0,1.1896700774983677,-0.0037005356716690585,0.045491431356016632,0.043328458529377764,2.4110930000000002,3.7351030000000001,1,0.15003854807159328,0
S2,225,8335000000,0,1,"solved_soft_dynamic","solved",270,0.44382099781014733,0.015254333865754522,0,1.2347559044113252,-0.0043809729686472565,0.038181617432864585,0.03641785293601018,2.5084109999999997,3.8271799999999998,1,0.15489627578291351,0
S2,226,8385000000,0,1,"solved_soft_dynamic","solved",270,0.44377580247922899,0.004578042741477311,0,1.246534793760858,-0.003024268207809655,0.031315798855070576,0.03044521033276951,2.4056980000000001,3.7331920000000003,1,0.16198202096654646,0
S2,227,8435000000,0,1,"solved_soft_dynamic","solved",290,0.43768483317208728,-0.0105384285960943,0,0.64598209585557442,-0.0039595757698407397,0.019995576150335693,0.018010624903748718,2.6260889999999999,3.8768090000000002,0,0.17315222814976014,0
S2,228,8485000000,0,1,"solved_soft_dynamic","solved",260,0.4328865859065098,-0.025014310692993973,0,0.69355717124984939,-0.0027415883050707635,0.012420510925347305,0.012075420600331626,2.8396689999999998,4.107138,1,0.18547493197759204,0
S2,229,8535000000,0,1,"solved_soft_dynamic","solved",250,0.42653079852021947,-0.036677317369220253,0,0.70067595026626117,-0.0036950632420484908,0.010668599398045332,0.010694472254030564,2.3071090000000001,3.6220139999999996,1,0.18841515733982805,0
S2,230,8585000000,0,1,"solved_soft_dynamic","solved",240,0.42235156080061076,-0.047374429934964865,0,0.74916831684427665,-0.0027443290673545562,0.0063455305146184627,0.0061813189297722278,2.2714539999999999,3.5709840000000002,1,0.20570755618273157,0
S2,231,8635000000,0,1,"solved_soft_dynamic","solved",160,0.41985184842826062,-0.05660843956135047,0,0.79431413224169201,-0.0045531959767686203,0.0038175755127364593,0.0037456041988611008,1.9240250000000001,3.1862900000000001,1,0.2215509803866757,0
S2,232,8685000000,0,1,"solved_soft_dynamic","solved",250,0.41620151011024881,-0.063230808248581932,0,0.80519658483768985,-0.0032593637297395617,0.0022363668395925327,0.0022445856325064044,2.2984680000000002,3.5753050000000002,1,0.23813011884328744,0
S2,233,8735000000,0,1,"solved_soft_dynamic","solved",240,0.41089483994605508,-0.067471822480293125,0,0.81220549356727967,-0.004569718221318908,0.0016501119881245096,0.0016598616147607713,2.2380239999999998,3.5051639999999997,1,0.24854646326887658,0
S2,234,8785000000,0,1,"solved_soft_dynamic","solved",230,0.40849960139539382,-0.07158645191426688,0,0.86051744309708844,-0.0031777547701494768,0.0010043197726834045,0.00098172840647569389,2.2102939999999998,3.476658,1,0.26487476697701767,0
S2,235,8835000000,0,1,"solved_soft_dynamic","solved",230,0.40405180730293683,-0.074052474859303691,0,0.86748983359548792,-0.0043068413651781157,0.00010644688285088623,0.00010691554353536673,2.1535929999999999,3.4459789999999999,1,0.33208809087748842,0
S2,236,8885000000,0,1,"solved_soft_dynamic","solved",120,0.40250277349683,-0.076780181177811421,0,0.91579478295446659,-0.0031603532625013031,5.8893320437560153e-05,5.8361789264139314e-05,1.437106,2.7088809999999999,1,0.34953263648222982,0
S2,237,8935000000,0,1,"solved_soft_dynamic","solved",230,0.39897915144398699,-0.077956383822297512,0,0.92297028730706765,-0.0045590235822601244,2.7725312634208313e-05,2.7762086163350356e-05,2.143475,3.392363,1,0.36620752594251943,0
S2,238,8985000000,0,1,"solved_soft_dynamic","solved",120,0.3982768225773734,-0.079525151373923464,0,0.97157488784872659,-0.0033614434869377874,1.1763816243686024e-05,1.1740319929343657e-05,1.439924,2.684234,1,0.38561138154290048,0
S2,239,9035000000,0,1,"solved_soft_dynamic","solved",230,0.39549148811317847,-0.079753533358648959,0,0.97840986297719212,-0.0054135862592374906,0,0,2.1234169999999999,3.3770599999999997,1,1000000000,0
S2,240,9085000000,0,1,"solved_soft_dynamic","solved",100,0.39544357682733816,-0.080455764205672464,0,1.0266875156046351,-0.003971845617343206,0,0,1.2914949999999998,2.5445670000000002,1,1000000000,0
S2,241,9135000000,0,1,"solved_soft_dynamic","solved",230,0.39327035893308082,-0.080006360186663406,0,1.0332730682625835,-0.0062490454729413614,0,0,2.1384069999999999,3.3978509999999997,1,1000000000,0
S2,242,9185000000,0,1,"solved_soft_dynamic","solved",220,0.39373762204799351,-0.080074860024580682,0,1.080985554244472,-0.0045686020166613162,0,0,2.1409889999999998,3.41736,1,1000000000,0
S2,243,9235000000,0,1,"solved_soft_dynamic","solved",230,0.39287521210842496,-0.07921335576361048,0,1.0909097581949676,-0.0029252547392388806,0,0,2.139526,3.4024079999999999,1,1000000000,0
S2,244,9285000000,0,1,"solved_soft_dynamic","solved",230,0.39375626656057483,-0.078642081428059757,0,1.1350357161627522,-0.0049504231355967931,0,0,2.2056939999999998,3.4556010000000001,1,1000000000,0
S2,245,9335000000,0,1,"solved_soft_dynamic","solved",230,0.39335586661123789,-0.077184874347457938,0,1.1444685175269738,-0.0031600868533132598,0,0,2.1485839999999996,3.3958399999999997,1,1000000000,0
S2,246,9385000000,0,1,"solved_soft_dynamic","solved",220,0.39101630880608629,-0.074758987730762866,0,1.150480906921477,-0.0053718094932264648,0,0,2.0638100000000001,3.3235800000000002,1,1000000000,0
S2,247,9435000000,0,1,"solved_soft_dynamic","solved",210,0.39236274355346151,-0.07055475850065214,0,0.61275400552597148,-0.0034114813024643809,0,0,2.2146510000000004,3.4544639999999998,0,1000000000,0
S2,248,9485000000,0,1,"solved_soft_dynamic","solved",210,0.39109931536324244,-0.065296666707085602,0,0.61627051520158393,-0.0057390813162783161,0,0,2.0119640000000003,3.3328059999999997,1,1000000000,0
S2,249,9535000000,0,1,"solved_soft_dynamic","solved",230,0.38892108814986104,-0.059854063475275901,0,0.62399623251445413,-0.003488041038508527,0,0,2.141324,3.3443940000000003,1,1000000000,0
S2,250,9585000000,0,1,"solved_soft_dynamic","solved",140,0.38889403781675014,-0.055114058723185241,0,0.66650768172561459,-0.0058408467521076091,0,0,1.631197,2.8327710000000002,1,1000000000,0
S2,251,9635000000,0,1,"solved_soft_dynamic","solved",220,0.38787574867026087,-0.050448826624039642,0,0.67388283214389599,-0.0035154863144271076,0,0,2.0657030000000001,3.2671459999999999,1,1000000000,0
S2,252,9685000000,0,1,"solved_soft_dynamic","solved",240,0.38915672486846298,-0.04657455060634335,0,0.71646675739288979,-0.0058790659386431798,0,0,2.290251,3.5201189999999998,1,1000000000,0
S2,253,9735000000,0,1,"solved_soft_dynamic","solved",230,0.38944118699937713,-0.042702214997698371,0,0.72387233546385887,-0.0035393930738791823,0,0,2.1857130000000002,3.3870979999999999,1,1000000000,0
S2,254,9785000000,0,1,"solved_soft_dynamic","solved",220,0.38809519193148295,-0.038584752900590123,0,0.7281818863066245,-0.0058934693515766412,0,0,2.0891170000000003,3.2934299999999999,1,1000000000,0
S2,255,9835000000,0,1,"solved_soft_dynamic","solved",220,0.38607751098317827,-0.034557178397517534,0,0.73476664971257311,-0.0035327700607012957,0,0,2.1194030000000001,3.3227159999999998,1,1000000000,0
S2,256,9885000000,0,1,"solved_soft_dynamic","solved",130,0.38665458418977,-0.031277073843188272,0,0.77640454107799395,-0.0059889868862228468,0,0,1.5560769999999999,2.777412,1,1000000000,0
S2,257,9935000000,0,1,"solved_soft_dynamic","solved",220,0.38630775165033482,-0.027886981609213594,0,0.78241488871135578,-0.0036890000046696514,0,0,2.0876489999999999,3.276834,1,1000000000,0
S2,258,9985000000,0,1,"solved_soft_dynamic","solved",220,0.38458049824211255,-0.024305363428182621,0,0.78616946990543923,-0.0061571080732392147,0,0,2.0634609999999998,3.2543500000000001,1,1000000000,0
S2,259,10035000000,0,1,"solved_soft_dynamic","solved",110,0.38613378157239836,-0.021300898567255713,0,0.82948871646882316,-0.0036977748095523566,0,0,1.403295,2.6026320000000003,1,1000000000,0
S2,260,10085000000,0,1,"solved_soft_dynamic","solved",210,0.38582410173740789,-0.017948048640307305,0,0.83083560298068426,-0.01109332442865707,0,0,2.0040489999999997,3.2404459999999999,1,1000000000,0
S2,261,10135000000,0,1,"solved_soft_dynamic","solved",230,0.38564625064193159,-0.01442714507404342,0,0.83677056161287489,-0.0037174002500250936,0,0,2.1280539999999997,3.3227759999999997,1,1000000000,0
S2,262,10185000000,0,1,"solved_soft_dynamic","solved",220,0.3835155699983836,-0.010581989112191286,0,0.83948408273820108,-0.011152200750075336,0,0,2.1055169999999999,3.3019799999999999,1,1000000000,0
