rollout,filtered_truth_body_gap_m,filtered_truth_padded_gap_m,native_static_collision,filtered_joint_safe,filtered_standard_score,captured_standard_score,captured_v1_score,captured_probability,rescored_probability
0,0.0,0.0,1,0,503.36465,503.6392,1666.6667175292969,0.0,0.0
1,0.0,0.0,1,0,502.56964,502.8999,1666.66650390625,0.0,0.0
2,0.0,0.0,1,0,503.1833,3.0009103,1666.666570186615,0.00022548792,0.0
3,0.0,0.0,1,0,502.71564,2.8636456,1666.6666278839111,0.000118119955,0.0
4,0.0,0.0,0,0,2.0905056,1.0178298,1666.6666184663773,0.019542426,0.00082408835
5,0.0,0.0,0,0,1.8221846,2.333076,1666.6666798591614,0.00018167186,0.0015024665
6,0.0,0.0,0,0,1.7917583,2.8468876,1666.6666622161865,3.6845853e-05,0.0018693934
7,0.0,0.0,1,0,503.50027,503.44284,1666.6665344238281,0.0,0.0
8,0.0,0.0,1,0,502.55014,502.5986,1666.6665344238281,0.0,0.0
9,0.0,0.0,0,0,1.3191148,2.7691152,1666.6666758060455,9.118693e-05,0.017255094
10,0.0,0.0,1,0,502.03125,1.908606,1666.6665892601013,0.0024086877,0.0
11,0.0,0.0,0,0,1.6945245,2.0519767,1666.6666512489319,0.002441249,0.01210102
12,0.0,0.0,0,0,3.8747215,4.0000157,1666.6666102409363,2.9805108e-06,6.8137906e-06
13,0.0,0.0,0,0,3.859153,4.284504,1666.6666679382324,1.0577298e-06,6.5768e-06
14,0.0,0.0,1,0,502.19342,502.04553,1666.6666259765625,0.0,0.0
15,0.0,0.0,0,0,1.5734131,2.1045465,1666.6665716171265,0.0018376595,0.016259868
16,0.0,0.0,1,0,502.6067,2.6947892,1666.6666610240936,0.00017736235,0.0
17,0.0,0.0,1,0,502.78976,502.47278,1666.6666259765625,0.0,0.0
18,0.0,0.0,1,0,503.7996,503.92944,1666.666748046875,0.0,0.0
19,0.0,0.0,1,0,502.54297,502.23456,1666.6665649414062,0.0,0.0
20,0.0,0.0,1,0,502.13474,1.5939013,1666.6665967702866,0.006295125,0.0
21,0.0,0.0,1,0,502.76868,502.2864,1666.6667175292969,0.0,0.0
22,0.0,0.0,0,0,1.7643749,1.5109646,1666.6666476726532,0.010657941,0.0068960767
23,0.0,0.0,0,0,2.6174088,2.139415,1666.6666152477264,0.0012819539,0.00039216515
24,0.0,0.0,0,0,2.6756864,1.4384121,1666.6665683984756,0.013483871,0.0003284138
25,0.0,0.0,1,0,503.72296,504.09073,1666.6665954589844,0.0,0.0
26,0.0,0.0,1,0,503.22214,502.5267,1666.6666564941406,0.0,0.0
27,0.0,0.0,1,0,503.47736,503.3583,1666.6665954589844,0.0,0.0
28,0.0,0.0,1,0,502.9916,502.77527,1666.6666259765625,0.0,0.0
29,0.0,0.0,0,0,2.6538234,2.993929,1666.6665935516357,0.00013114116,0.0006135577
30,0.0,0.0,0,0,3.4572046,1.67922,1666.6666052341461,0.0051154015,2.0550217e-05
31,0.0,0.0,0,0,3.0861843,3.2483604,1666.6666786670685,0.00010050034,0.00025990236
32,0.0,0.0,0,0,2.3384678,2.564106,1666.6666069030762,0.0003220516,0.0010282686
33,0.0,0.0,0,0,1.4550244,3.0148146,1666.6665818691254,2.308571e-05,0.0062978836
34,0.0,0.0,1,0,503.4386,503.30255,1666.6666870117188,0.0,0.0
35,0.0,0.0,0,0,0.768236,2.8892484,1666.6666598320007,3.2851487e-05,0.058202464
36,0.0,0.0,0,0,2.0008862,1.5575026,1666.6666184663773,0.009086594,0.0031227574
37,0.0,0.0,1,0,502.21423,501.99576,1666.6665954589844,0.0,0.0
38,0.0,0.0,1,0,502.6477,502.26538,1666.666748046875,0.0,0.0
39,0.0,0.0,1,0,503.82748,503.44696,1666.6665649414062,0.0,0.0
40,0.0,0.0,1,0,502.91934,503.21344,1666.6666870117188,0.0,0.0
41,0.0,0.0,1,0,502.8576,503.6078,1666.6666259765625,0.0,0.0
42,0.0,0.0,1,0,502.63602,502.531,1666.666748046875,0.0,0.0
43,0.0,0.0,1,0,502.5355,3.1777844,1666.666575908661,4.4484404e-05,0.0
44,0.0,0.0,1,0,502.3472,502.1778,1666.6666870117188,0.0,0.0
45,0.0,0.0,0,0,2.6035197,2.2667196,1666.6666300296783,0.001967674,0.00096424087
46,0.0,0.0,0,0,1.6772078,1.3417861,1666.6666367053986,0.026635358,0.013105637
47,0.0,0.0,0,0,2.1228738,2.6188285,1666.666571855545,0.00021076013,0.0016572695
48,0.0,0.0,0,0,2.2957182,1.8258054,1666.666626214981,0.0024551954,0.0007718317
49,0.0,0.0,1,0,504.93616,505.25415,1666.666748046875,0.0,0.0
50,0.0,0.0,1,0,503.57608,504.37125,1666.6665954589844,0.0,0.0
51,0.0,0.0,0,0,1.6328697,1.7906766,1666.6665987968445,0.0025199729,0.0064220983
52,0.0,0.0,1,0,502.94424,502.88397,1666.6665649414062,0.0,0.0
53,0.0,0.0,0,0,3.1434474,3.4032848,1666.6666615009308,1.1488871e-05,4.114263e-05
54,0.0,0.0,1,0,504.74554,504.66754,1666.6666870117188,0.0,0.0
55,0.0,0.0,0,0,3.157593,3.4512358,1666.6666841506958,1.1512266e-05,4.616388e-05
56,0.0,0.0,1,0,501.52417,501.48364,1666.666748046875,0.0,0.0
57,0.0,0.0,0,0,1.3345543,1.3666172,1666.6665859222412,0.022551846,0.037780717
58,0.0,0.0,1,0,502.06445,501.74127,1666.6666870117188,0.0,0.0
59,0.0,0.0,0,0,1.8967515,2.7554774,1666.6666417121887,0.00011036003,0.0029093088
60,0.0,0.0,1,0,501.78314,501.37128,1666.6665649414062,0.0,0.0
61,0.0,0.0,0,0,1.991663,2.1799634,1666.6665942668915,0.0013471987,0.0037978524
62,0.0,0.0,0,0,2.0883493,1.2944468,1666.6666127443314,0.03901369,0.0041653584
63,0.0,0.0,0,0,1.5616201,1.8716482,1666.6666818857193,0.0027864056,0.011794755
64,0.0,0.0,0,0,2.408362,2.0631144,1666.6666219234467,0.002203332,0.0010494033
65,0.0,0.0,1,0,502.52283,502.45303,1666.6665954589844,0.0,0.0
66,0.0,0.0,0,0,2.7604961,1.91724,1666.6666222810745,0.00648228,0.0005874175
67,0.0,0.0,0,0,3.4056544,4.322741,1666.6666388511658,3.1963637e-07,1.0235376e-05
68,0.0,0.0,0,0,1.0895221,2.0891306,1666.6666066646576,0.0003374797,0.01423414
69,0.0,0.0,1,0,501.50275,2.5618432,1666.6666724681854,0.00037866738,0.0
70,0.0,0.0,0,0,1.7892883,1.9063464,1666.6666516065598,0.0044309753,0.009861306
71,0.0,0.0,1,0,503.51538,503.42877,1666.6666870117188,0.0,0.0
72,0.0,0.0,0,0,1.6669755,1.3239263,1666.6666742563248,0.014320834,0.0068736635
73,0.0,0.0,0,0,2.3399768,2.1033812,1666.6666383743286,0.002906851,0.0019894731
74,0.0,0.0,0,0,4.265933,4.1604695,1666.666678905487,5.662001e-06,5.9989793e-06
75,0.0,0.0,1,0,502.76364,502.92172,1666.6666564941406,0.0,0.0
76,0.0,0.0,0,0,4.5437913,5.201601,1666.6666851043701,3.4502396e-08,4.6534777e-07
77,0.0,0.0,1,0,502.80377,502.5745,1666.6667175292969,0.0,0.0
78,0.0,0.0,0,0,1.1990033,1.4173481,1666.6666362285614,0.009112513,0.028416447
79,0.0,0.0,0,0,3.801061,501.8712,1666.6666564941406,0.0,7.2249645e-06
80,0.0,0.0,0,0,2.176432,2.6325767,1666.6666176319122,0.00032192052,0.002217793
81,0.0,0.0,0,0,1.4043807,1.7330958,1666.6666845083237,0.005123733,0.023081739
82,0.0,0.0,0,0,1.8859444,2.0137467,1666.6666731834412,0.0018131488,0.0041806404
83,0.0,0.0,1,0,503.64938,502.92105,1666.6665954589844,0.0,0.0
84,0.0,0.0,0,0,3.0307748,2.6081107,1666.6666696071625,0.00017015179,6.2638086e-05
85,0.0,0.0,0,0,1.7814832,1.5757415,1666.6665680408478,0.006133305,0.004650954
86,0.0,0.0,1,0,502.7736,1.4709855,1666.6665877103806,0.008154456,0.0
87,0.0,0.0,1,0,502.39575,2.1611128,1666.6666460037231,0.0016060997,0.0
88,0.0,0.0,0,0,3.5184977,4.576198,1666.6665997505188,3.2080905e-07,1.6402744e-05
89,0.0,0.0,1,0,506.24896,506.09644,1666.666748046875,0.0,0.0
90,0.0,0.0,0,0,1.4668765,3.3954954,1666.6666383743286,4.13904e-06,0.003858601
91,0.0,0.0,0,0,1.7784334,1.7467388,1666.6665912866592,0.0047040987,0.006372639
92,0.0,0.0,0,0,3.652779,3.251157,1666.6665675640106,0.00014937836,5.892929e-05
93,0.0,0.0,0,0,0.93477875,2.0214894,1666.6666209697723,0.0011077247,0.062396415
94,0.0,0.0,0,0,3.5921152,2.3855665,1666.6666796207428,0.00027157008,7.3286005e-06
95,0.0,0.0,1,0,503.12045,503.44385,1666.66650390625,0.0,0.0
96,0.0,0.0,0,0,1.5951766,2.5066156,1666.6666021347046,0.00040562326,0.012742797
97,0.0,0.0,1,0,502.12988,502.40796,1666.666748046875,0.0,0.0
98,0.0,0.0,0,0,2.416874,2.2726488,1666.6666822433472,0.0014472167,0.0013477894
99,0.0,0.0,0,0,3.150618,4.2225285,1666.6666316986084,1.236108e-06,6.6309934e-05
100,0.0,0.0,0,0,2.5935793,3.726508,1666.6666805744171,6.7859114e-06,0.00044615695
101,0.0,0.0,1,0,501.99817,1.7440106,1666.666633963585,0.0031700276,0.0
102,0.0,0.0,1,0,502.1433,2.880154,1666.666599035263,0.00011018057,0.0
103,0.0,0.0,0,0,1.5372806,1.3831124,1666.666570186615,0.011670265,0.01050756
104,0.0,0.0,0,0,2.9435437,2.5169091,1666.666684627533,0.0009145325,0.00033231208
105,0.0,0.0,1,0,502.07605,501.35645,1666.66650390625,0.0,0.0
106,0.0,0.0,0,0,1.0696086,2.113241,1666.6666662693024,0.0003246831,0.015854796
107,0.0,0.0,0,0,2.6017902,2.6936088,1666.6666207313538,0.0005857285,0.0011977735
108,0.0,0.0,1,0,502.94803,502.4439,1666.6666870117188,0.0,0.0
109,0.0,0.0,1,0,502.8933,502.30255,1666.6666870117188,0.0,0.0
110,0.0,0.0,1,0,503.6254,502.5965,1666.6666870117188,0.0,0.0
111,0.0,0.0,1,0,503.219,3.71741,1666.6666231155396,1.176802e-05,0.0
112,0.0,0.0,0,0,2.6109893,1.8202014,1666.6666150093079,0.0044744583,0.00048280353
113,0.0,0.0,0,0,2.374973,501.60788,1666.6665344238281,0.0,0.0013094087
114,0.0,0.0,0,0,1.9446186,1.8336244,1666.6666197776794,0.005226917,0.005437516
115,0.0,0.0,0,0,2.6724494,2.2730155,1666.66668176651,0.0011481078,0.00045662577
116,0.0,0.0,1,0,504.65637,504.643,1666.6665649414062,0.0,0.0
117,0.0,0.0,1,0,502.72092,503.031,1666.666748046875,0.0,0.0
118,0.0,0.0,1,0,502.45233,2.040261,1666.6666481494904,0.00237173,0.0
119,0.0,0.0,0,0,3.1760187,2.786032,1666.666604757309,0.0006437158,0.00026416723
120,0.0,0.0,1,0,502.96802,503.02148,1666.66650390625,0.0,0.0
121,0.0,0.0,0,0,4.606396,502.2051,1666.6667175292969,0.0,7.1223155e-07
122,0.0,0.0,0,0,2.1410816,1.6765186,1666.6666210889816,0.0039991452,0.0012793887
123,0.0,0.0,0,0,3.6446028,1.8496656,1666.6665697097778,0.0011556068,4.3853734e-06
124,0.0,0.0,0,0,1.590883,1.2662399,1666.6666214466095,0.027427234,0.013992946
125,0.0,0.0,0,0,2.0973127,1.5260818,1666.6666672229767,0.007964261,0.0017868385
126,0.0,0.0,1,0,503.18274,503.5344,1666.6665344238281,0.0,0.0
127,0.0,0.0,0,0,2.56144,2.6785493,1666.6666655540466,0.0013308533,0.0029630705
128,0.0,0.0,1,0,502.90756,502.03702,1666.6665954589844,0.0,0.0
129,0.0,0.0,0,0,2.28955,1.9545398,1666.666676044464,0.005798396,0.0028600115
130,0.0,0.0,1,0,502.2581,502.51855,1666.66650390625,0.0,0.0
131,0.0,0.0,0,0,1.7472606,1.7796879,1666.6666011810303,0.013588519,0.022801694
132,0.0,0.0,1,0,504.39273,504.29977,1666.6665344238281,0.0,0.0
133,0.0,0.0,1,0,502.0207,1.2782584,1666.6665657758713,0.013733042,0.0
134,0.0,0.0,0,0,3.2527318,3.711101,1666.6665844917297,2.8746994e-05,0.00019958246
135,0.0,0.0,1,0,502.2115,2.4413686,1666.666663646698,0.00040414053,0.0
136,0.0,0.0,1,0,501.87268,1.65613,1666.6666239500046,0.0074653095,0.0
137,0.0,0.0,1,0,503.35703,503.22183,1666.6665954589844,0.0,0.0
138,0.0,0.0,0,0,1.6712545,2.8030825,1666.6666440963745,0.00020359531,0.01333696
139,0.0,0.0,1,0,502.86456,502.31088,1666.6666564941406,0.0,0.0
140,0.0,0.0,0,0,2.3482308,2.3355894,1666.6666078567505,0.00020998972,0.00030311575
141,0.0,0.0,0,0,1.1619158,1.6408466,1666.6666485071182,0.0040024016,0.029753536
142,0.0,0.0,0,0,1.8304342,1.8274808,1666.6666598320007,0.0033097467,0.0049356283
143,0.0,0.0,0,0,3.9546509,4.159905,1666.6666331291199,1.3235626e-06,3.9499446e-06
144,0.0,0.0,0,0,2.636799,1.7574658,1666.666606426239,0.0034966427,0.0002809072
145,0.0,0.0,1,0,502.61392,502.77466,1666.666748046875,0.0,0.0
146,0.0,0.0,1,0,502.3516,502.35117,1666.6666564941406,0.0,0.0
147,0.0,0.0,0,0,2.554284,1.9431485,1666.6665927171707,0.003373653,0.00066233525
148,0.0,0.0,1,0,502.28122,2.5602012,1666.6666054725647,0.00017757899,0.0
149,0.0,0.0,0,0,2.4199765,3.6391187,1666.6666674613953,4.4826606e-06,0.00039296388
150,0.0,0.0,1,0,503.56284,504.04376,1666.6666870117188,0.0,0.0
151,0.0,0.0,0,0,1.3762225,1.1383224,1666.666609287262,0.011337937,0.007725125
152,0.0,0.0,0,0,2.1243234,2.062655,1666.6665930747986,0.0036344547,0.0044582426
153,0.0,0.0,0,0,1.8071697,2.1354089,1666.6665930747986,0.00069489086,0.0031252992
154,0.0,0.0,0,0,3.5264232,3.4517467,1666.6666615009308,6.7533154e-05,7.9278674e-05
155,0.0,0.0,1,0,503.3916,502.58484,1666.6666259765625,0.0,0.0
156,0.0,0.0,1,0,503.02017,502.70996,1666.66650390625,0.0,0.0
157,0.0,0.0,1,0,502.52634,2.1983323,1666.666657924652,0.0028402072,0.0
158,0.0,0.0,0,0,1.7134755,1.8267789,1666.6666293144226,0.008251249,0.018125914
159,0.0,0.0,1,0,502.96945,502.44733,1666.6666870117188,0.0,0.0
160,0.0,0.0,1,0,502.25696,501.83215,1666.6666259765625,0.0,0.0
161,0.0,0.0,1,0,502.61383,502.62256,1666.66650390625,0.0,0.0
162,0.0,0.0,0,0,1.6156064,2.0183427,1666.6665937900543,0.00094556133,0.0054530255
163,0.0,0.0,0,0,1.9050012,2.1394525,1666.6665778160095,0.004325867,0.01422835
164,0.0,0.0,1,0,503.45538,503.21594,1666.6666259765625,0.0,0.0
165,0.0,0.0,1,0,502.51187,502.5909,1666.6666564941406,0.0,0.0
166,0.0,0.0,1,0,502.07718,2.2543685,1666.6666519641876,0.0007365237,0.0
167,0.0,0.0,1,0,501.51022,1.9728471,1666.666679263115,0.0017795273,0.0
168,0.0,0.0,1,0,502.70905,1.6914186,1666.6666135787964,0.0031087138,0.0
169,0.0,0.0,0,0,1.3082513,1.643733,1666.6665697097778,0.0053321784,0.024564384
170,0.0,0.0,0,0,2.1664014,2.165498,1666.6666553020477,0.0028103176,0.004219949
171,0.0,0.0,1,0,501.6537,501.32407,1666.6666564941406,0.0,0.0
172,0.0,0.0,0,0,3.041332,501.75278,1666.6666564941406,0.0,0.00014883703
173,0.0,0.0,1,0,502.6729,502.35513,1666.6665954589844,0.0,0.0
174,0.0,0.0,1,0,501.51965,2.1345525,1666.6665949821472,0.0014944932,0.0
175,0.0,0.0,0,0,1.9033582,1.3028407,1666.6666417121887,0.017346067,0.0035296318
176,0.0,0.0,0,0,1.6509274,3.61224,1666.666568517685,3.4185643e-06,0.0035570252
177,0.0,0.0,1,0,503.5371,503.23517,1666.6666870117188,0.0,0.0
178,0.0,0.0,0,0,1.1544183,0.64581054,1666.6665673851967,0.13288693,0.036719788
179,0.0,0.0,1,0,502.52957,3.2563019,1666.6666717529297,6.2508814e-05,0.0
180,0.0,0.0,1,0,502.1766,502.02994,1666.6665954589844,0.0,0.0
181,0.0,0.0,1,0,502.72574,2.7494621,1666.666675567627,0.00016059908,0.0
182,0.0,0.0,0,0,1.7954247,1.8959998,1666.6666222810745,0.0020146647,0.0042440565
183,0.0,0.0,0,0,2.3678787,2.3870814,1666.6666295528412,0.00085167505,0.0013671209
184,0.0,0.0,0,0,2.0093637,2.9383156,1666.666664838791,9.56331e-05,0.003184348
185,0.0,0.0,1,0,503.2589,3.7118397,1666.6665782928467,2.6530786e-06,0.0
186,0.0,0.0,1,0,502.4148,2.714337,1666.666644334793,0.0005623734,0.0
187,0.0,0.0,0,0,2.923377,1.7370728,1666.6666136980057,0.007880448,0.00022752254
188,0.0,0.0,0,0,2.2415533,2.339121,1666.6666162014008,0.000543919,0.0011337522
189,0.0,0.0,1,0,502.37247,2.390878,1666.666617155075,0.00062309875,0.0
190,0.0,0.0,0,0,2.0760367,2.1757953,1666.6666119098663,0.00070946186,0.001489077
191,0.0,0.0,0,0,1.4266336,1.3170528,1666.6665897369385,0.013833995,0.0144559415
192,0.0,0.0,0,0,1.4721252,1.7264965,1666.6665699481964,0.0035323943,0.012415238
193,0.0,0.0,0,0,1.5250834,1.4154267,1666.6666045188904,0.015453043,0.016141212
194,0.0,0.0,0,0,2.9251704,2.2778904,1666.6665675640106,0.0020838669,0.00036254595
195,0.0,0.0,1,0,502.79892,3.2587507,1666.6666643619537,9.0080575e-05,0.0
196,0.0,0.0,0,0,3.0736885,1.845496,1666.6665889024734,0.0018102004,4.543708e-05
197,0.0,0.0,0,0,1.7706561,1.2073478,1666.6666756868362,0.022996642,0.0052977423
198,0.0,0.0,0,0,2.3375065,3.8016436,1666.6666181087494,1.912031e-06,0.00037914191
199,0.0,0.0,0,0,2.2140198,2.1735413,1666.6666686534882,0.0019241277,0.0025323872
200,0.0,0.0,1,0,503.12744,502.47037,1666.6665954589844,0.0,0.0
201,0.0,0.0,0,0,1.4223034,0.96449,1666.6666135191917,0.024885543,0.008144762
202,0.0,0.0,1,0,502.1191,1.5666952,1666.6665811538696,0.008065359,0.0
203,0.0,0.0,0,0,2.8435922,1.9283401,1666.6666306257248,0.0028448333,0.00020269246
204,0.0,0.0,0,0,1.5015043,1.6714755,1666.6666592359543,0.008261328,0.021928173
205,0.0,0.0,0,0,2.9055696,1.6263462,1666.666622519493,0.010125284,0.0002145742
206,0.0,0.0,0,0,3.2116752,3.310718,1666.6665768623352,6.436722e-05,0.0001348795
207,0.0,0.0,1,0,502.37408,501.87247,1666.6665954589844,0.0,0.0
208,0.0,0.0,0,0,1.6372952,1.3491436,1666.6666034460068,0.026226683,0.0151115265
209,0.0,0.0,1,0,502.4343,502.01126,1666.6667175292969,0.0,0.0
210,0.0,0.0,0,0,2.1826644,2.115111,1666.6666271686554,0.0010691968,0.0012851282
211,0.0,0.0,1,0,502.32407,3.1930397,1666.6665794849396,3.6118483e-05,0.0
212,0.0,0.0,0,0,1.8240887,1.5886469,1666.6666021347046,0.012654561,0.008692662
213,0.0,0.0,0,0,2.8071408,1.058133,1666.6665984392166,0.05126167,0.00022678319
214,0.0,0.0,0,0,2.8957152,4.3336883,1666.6666779518127,2.551269e-07,4.6352096e-05
215,0.0,0.0,0,0,3.0097077,3.621736,1666.666594028473,1.0037089e-05,0.00011621663
216,0.0,0.0,1,0,501.99902,2.64645,1666.666660308838,9.0632064e-05,0.0
217,0.0,0.0,0,0,2.0179944,1.3603016,1666.6666759252548,0.021329083,0.0035875498
218,0.0,0.0,1,0,503.83096,502.97495,1666.6666564941406,0.0,0.0
219,0.0,0.0,0,0,1.9758162,2.286582,1666.6666650772095,0.0009536757,0.004045096
220,0.0,0.0,0,0,2.7406616,2.1928775,1666.6666195392609,0.001143446,0.000277499
221,0.0,0.0,0,0,3.0492492,2.1184072,1666.6666269302368,0.0012348515,8.3551175e-05
222,0.0,0.0,1,0,501.36023,2.9584146,1666.666585445404,2.4638699e-05,0.0
223,0.0,0.0,1,0,503.28723,503.2313,1666.6666564941406,0.0,0.0
224,0.0,0.0,1,0,502.22827,502.28732,1666.6665344238281,0.0,0.0
225,0.0,0.0,1,0,504.69162,505.1254,1666.6665954589844,0.0,0.0
226,0.0,0.0,1,0,503.67905,502.98547,1666.6666259765625,0.0,0.0
227,0.0,0.0,0,0,2.269503,2.1277208,1666.6665906906128,0.0006585523,0.0006178167
228,0.0,0.0,1,0,501.9705,2.4490082,1666.6665923595428,0.00084546,0.0
229,0.0,0.0,0,0,1.8428155,2.0252936,1666.6666009426117,0.0011190504,0.0030961873
230,0.0,0.0,1,0,504.83548,504.61224,1666.6665649414062,0.0,0.0
231,0.0,0.0,1,0,502.87463,502.6714,1666.66650390625,0.0,0.0
232,0.0,0.0,1,0,503.8192,504.57773,1666.6666564941406,0.0,0.0
233,0.0,0.0,1,0,503.2083,503.0382,1666.6666259765625,0.0,0.0
234,0.0,0.0,0,0,3.8986793,4.542323,1666.6666612625122,3.004662e-07,3.867245e-06
235,0.0,0.0,0,0,1.9506596,1.8340238,1666.6665865182877,0.0057047848,0.005819852
236,0.0,0.0,1,0,502.8657,502.73227,1666.6666564941406,0.0,0.0
237,0.0,0.0,0,0,4.5075808,502.96036,1666.6665954589844,0.0,6.235412e-06
238,0.0,0.0,0,0,0.9956169,1.2559597,1666.6666476726532,0.021529634,0.077256486
239,0.0,0.0,0,0,2.488676,1.8418186,1666.6666042804718,0.0017846028,0.00031098648
240,0.0,0.0,1,0,503.49765,503.2682,1666.6666259765625,0.0,0.0
241,0.0,0.0,1,0,503.68286,503.91318,1666.6666564941406,0.0,0.0
242,0.0,0.0,1,0,502.53772,501.99503,1666.6665954589844,0.0,0.0
243,0.0,0.0,0,0,3.3690584,2.6584501,1666.6666231155396,0.0008230569,0.00011602764
244,0.0,0.0,0,0,2.3259087,3.5363903,1666.666612625122,2.4369492e-05,0.0020737816
245,0.0,0.0,0,0,3.4232755,3.428189,1666.6666595935822,4.8709637e-05,7.458459e-05
246,0.0,0.0,0,0,1.8540417,2.6322038,1666.6666243076324,0.00021101757,0.00425097
247,0.0,0.0,0,0,1.5363277,1.1021485,1666.6666502952576,0.010208023,0.0036153933
248,0.0,0.0,0,0,1.7651819,2.137693,1666.6666283607483,0.0023852799,0.012435462
249,0.0,0.0,1,0,502.16058,502.74136,1666.6665954589844,0.0,0.0
250,0.0,0.0,1,0,502.30475,2.5341158,1666.6665678024292,0.000578622,0.0
251,0.0,0.0,1,0,502.26154,2.5990715,1666.666675567627,0.0012783079,0.0
252,0.0,0.0,0,0,2.8182237,2.84821,1666.6666824817657,0.00021702609,0.00036122074
253,0.0,0.0,1,0,501.9413,2.1550977,1666.6666796207428,0.0011420511,0.0
254,0.0,0.0,0,0,2.3822703,2.9416971,1666.666579246521,0.00022175728,0.002155515
255,0.0,0.0,1,0,502.5704,502.82562,1666.6665649414062,0.0,0.0
256,0.0,0.0,0,0,2.9989095,3.092453,1666.6665802001953,9.4165756e-05,0.00019366242
257,0.0,0.0,0,0,2.9332426,3.0499136,1666.6666390895844,7.328865e-05,0.00016290773
258,0.0,0.0,0,0,2.11119,1.7659762,1666.666640996933,0.0035410288,0.0016872077
259,0.0,0.0,0,0,2.0776634,2.966237,1666.6665754318237,0.00012408113,0.0036124524
260,0.0,0.0,0,0,2.463577,3.0085657,1666.6666052341461,3.8642418e-05,0.00035771032
261,0.0,0.0,0,0,1.7051105,1.9298604,1666.6665751934052,0.002562366,0.00816135
262,0.0,0.0,0,0,3.194488,502.04822,1666.6666259765625,0.0,4.015033e-05
263,0.0,0.0,0,0,3.4982655,2.753217,1666.6665828227997,0.00042505487,5.3403055e-05
264,0.0,0.0,1,0,502.5544,502.0622,1666.6665649414062,0.0,0.0
265,0.0,0.0,1,0,502.1228,502.0003,1666.6666870117188,0.0,0.0
266,0.0,0.0,0,0,1.8354721,2.4877563,1666.6666626930237,0.0005057107,0.0067024254
267,0.0,0.0,1,0,502.72507,2.518587,1666.6665935516357,0.00029363728,0.0
268,0.0,0.0,1,0,504.24683,503.7651,1666.6665344238281,0.0,0.0
269,0.0,0.0,1,0,502.04352,1.8446966,1666.6666558980942,0.0037730883,0.0
270,0.0,0.0,0,0,1.797745,0.9155463,1666.6666070222855,0.053804897,0.004280477
271,0.0,0.0,0,0,1.6613212,1.8504517,1666.66663813591,0.0037592961,0.010632286
272,0.0,0.0,1,0,502.21918,3.1093438,1666.6666572093964,6.628087e-05,0.0
273,0.0,0.0,0,0,3.72977,3.4530492,1666.6665797233582,3.037029e-05,1.8181308e-05
274,0.0,0.0,0,0,3.283602,1.8932543,1666.6666822433472,0.0037623565,5.5035525e-05
275,0.0,0.0,1,0,503.5744,503.36926,1666.6666259765625,0.0,0.0
276,0.0,0.0,1,0,503.21036,503.29648,1666.6666564941406,0.0,0.0
277,0.0,0.0,0,0,2.6201813,3.1641552,1666.6666553020477,5.106389e-05,0.00047115903
278,0.0,0.0,0,0,1.8453358,1.5733165,1666.6666737794876,0.008921728,0.005426465
279,0.0,0.0,1,0,503.35986,503.3864,1666.6665649414062,0.0,0.0
280,0.0,0.0,1,0,502.13287,501.79462,1666.6665649414062,0.0,0.0
281,0.0,0.0,1,0,503.71704,503.33755,1666.6665954589844,0.0,0.0
282,0.0,0.0,0,0,1.5032545,2.283368,1666.6665830612183,0.00044469305,0.0090168975
283,0.0,0.0,1,0,501.988,501.75162,1666.6665954589844,0.0,0.0
284,0.0,0.0,1,0,503.9259,503.7863,1666.6665954589844,0.0,0.0
285,0.0,0.0,1,0,502.2953,502.53583,1666.6665649414062,0.0,0.0
286,0.0,0.0,0,0,2.2864316,501.99704,1666.6665344238281,0.0,0.0017701944
287,0.0,0.0,1,0,502.2256,502.72476,1666.6665954589844,0.0,0.0
288,0.0,0.0,0,0,2.9511938,501.9795,1666.66650390625,0.0,0.0003776022
289,0.0,0.0,1,0,502.6591,502.3176,1666.6665344238281,0.0,0.0
290,0.0,0.0,0,0,2.0546002,1.9507823,1666.6666493415833,0.0026927765,0.0028681697
291,0.0,0.0,0,0,2.990929,1.8409902,1666.6665781736374,0.0015969761,5.2030315e-05
292,0.0,0.0,0,0,3.1609018,2.0812979,1666.6666269302368,0.0029033048,0.00011957446
293,0.0,0.0,1,0,503.2209,502.96616,1666.6666564941406,0.0,0.0
294,0.0,0.0,1,0,502.00098,1.6767598,1666.6666239500046,0.0040963157,0.0
295,0.0,0.0,0,0,0.9410221,1.3018143,1666.6665694713593,0.0066020675,0.033100754
296,0.0,0.0,1,0,502.33075,3.2270412,1666.6666355133057,2.2657616e-05,0.0
297,0.0,0.0,0,0,1.6025206,1.5267718,1666.6665875911713,0.016055552,0.018786712
298,0.0,0.0,0,0,2.8065753,1.2619318,1666.666657090187,0.018679408,0.00016337237
299,0.0,0.0,1,0,503.41748,503.43518,1666.6666259765625,0.0,0.0
