rollout,truth_body_min_clearance_m,truth_padded_min_clearance_m,predicted_padded_min_clearance_m,first_predicted_conflict_s,first_predicted_margin_breach_s,truth_dynamic_safe,predicted_dynamic_safe,costcritic_collision,prediction_score_captured,prediction_score_recomputed,total_score,weighted_score,mppi_probability,critic_FollowPath.ConstraintCritic,critic_FollowPath.CostCritic,critic_FollowPath.GoalCritic,critic_FollowPath.GoalAngleCritic,critic_FollowPath.PathAlignCritic,critic_FollowPath.PathFollowCritic,critic_FollowPath.PathAngleCritic,critic_FollowPath.PredictionV1Critic,uniform_center_overlap_fraction
0,0.14083191302413312,0.09940279624186221,0.019302714926450266,,0.9000000134110451,True,False,False,0.5,0.5,5.806713581085205,5.868861198425293,0.018745707347989082,0.0,0.0,1.9464963674545288,3.3602172136306763,0.0,0.0,0.0,0.5,0.0
1,0.14910303951441062,0.10814120552880091,0.0,0.800000011920929,,True,False,False,1666.6665711402893,1666.6666666666667,1671.9183349609375,1671.954345703125,0.0,0.0,0.0,1.5553464889526367,3.6964173316955566,0.0,0.0,0.0,1666.6665711402893,0.0
2,0.14295672862474135,0.11295672566459299,0.05028959516251285,,,True,True,False,0.0,0.0,6.098649978637695,6.124579429626465,0.007993035949766636,0.0,0.0,1.9764864444732666,4.122163534164429,0.0,0.0,0.0,0.0,0.0
3,0.2138386107513206,0.17354642887358285,0.0,0.9000000134110451,0.800000011920929,True,False,False,1666.6665997505188,1666.6666666666667,1672.2275390625,1672.1536865234375,0.0,0.0,0.0,1.674356460571289,3.886582851409912,0.0,0.0,0.0,1666.6665997505188,0.0
4,0.3210946736627477,0.2910105806223065,0.0,0.6000000089406967,0.5000000074505806,True,False,False,1666.7092514038086,1666.70917391692,1672.385498046875,1672.37255859375,0.0,0.0,0.0,1.5787925720214844,4.097454071044922,0.0,0.0,0.0,1666.7092514038086,2.5504350151913197e-05
5,0.3817801321651785,0.34346868046491,0.0,0.9000000134110451,,True,False,False,1666.6666269302368,1666.6666666666667,1672.7684326171875,1672.885498046875,0.0,0.0,0.0,2.1578571796417236,3.94394850730896,0.0,0.0,0.0,1666.6666269302368,0.0
6,0.3409385139748582,0.3085846703396332,0.0,0.800000011920929,,True,False,False,1666.6667861938477,1666.6667207113271,1672.108642578125,1672.0975341796875,0.0,0.0,0.0,1.5666369199752808,3.875219464302063,0.0,0.0,0.0,1666.6667861938477,3.242679627065926e-08
7,0.17751032110150683,0.13508391286420637,0.0,0.800000011920929,0.7000000104308128,True,False,False,1666.6666860580444,1666.6666666666667,1671.7803955078125,1671.9400634765625,0.0,0.0,0.0,1.6969091892242432,3.4168002605438232,0.0,0.0,0.0,1666.6666860580444,0.0
8,0.16502958281069802,0.12421781590562553,0.0,0.9000000134110451,0.800000011920929,True,False,False,1666.6666331291199,1666.6666666666667,1672.54931640625,1672.59619140625,0.0,0.0,0.0,2.201484203338623,3.681199073791504,0.0,0.0,0.0,1666.6666331291199,0.0
9,0.3596748207114655,0.329674817751317,0.0,0.800000011920929,,True,False,False,1666.6666417121887,1666.6666666666667,1673.1353759765625,1673.0755615234375,0.0,0.0,0.0,1.7352497577667236,4.733484506607056,0.0,0.0,0.0,1666.6666417121887,0.0
10,0.18219932680109352,0.14330269367113235,0.0,0.9000000134110451,,True,False,False,1666.666666507721,1666.6666666666667,1672.2342529296875,1672.2103271484375,0.0,0.0,0.0,1.5785512924194336,3.989035129547119,0.0,0.0,0.0,1666.666666507721,0.0
11,0.21920912173764912,0.1828447312678867,0.0,0.9000000134110451,0.800000011920929,True,False,False,1666.6666173934937,1666.6666666666667,1672.800048828125,1672.8919677734375,0.0,0.0,0.0,1.8402401208877563,4.293191313743591,0.0,0.0,0.0,1666.6666173934937,0.0
12,0.35795314516767734,0.32795314220752875,0.0,0.6000000089406967,,True,False,False,1666.6833047866821,1666.6833149059128,1672.9681396484375,1673.008544921875,0.0,0.0,0.0,1.6604952812194824,4.624339580535889,0.0,0.0,0.0,1666.6833047866821,9.988943547642565e-06
13,0.2550601612120751,0.21872972096543464,0.0,0.800000011920929,,True,False,False,1666.6666822433472,1666.6666666666667,1673.2681884765625,1673.2601318359375,0.0,0.0,0.0,1.6453795433044434,4.956126689910889,0.0,0.0,0.0,1666.6666822433472,0.0
14,0.12686315055296582,0.08492407209118724,0.008571712688571384,,0.9000000134110451,True,False,False,0.5,0.5,6.038887977600098,6.028652667999268,0.011004744097590446,0.0,0.0,1.6823166608810425,3.856571316719055,0.0,0.0,0.0,0.5,0.0
15,0.32078512507773826,0.2866133816487437,0.0,0.7000000104308128,0.5000000074505806,True,False,False,1666.6666712760925,1666.6666666666667,1672.6988525390625,1672.7498779296875,0.0,0.0,0.0,1.4336872100830078,4.598494052886963,0.0,0.0,0.0,1666.6666712760925,0.0
16,0.22170268766008405,0.17928476360897871,0.0,0.800000011920929,0.7000000104308128,True,False,False,1666.7079620361328,1666.7079714244699,1672.002685546875,1672.017578125,0.0,0.0,0.0,1.6402263641357422,3.6544971466064453,0.0,0.0,0.0,1666.7079620361328,2.4782854681911162e-05
17,0.20671565450148782,0.17671565154133934,0.0,0.5000000074505806,0.4000000059604645,True,False,False,1666.8312282562256,1666.8312223863945,1671.964599609375,1671.980712890625,0.0,0.0,0.0,1.0127348899841309,4.120636463165283,0.0,0.0,0.0,1666.8312282562256,9.873343183662063e-05
18,0.24846501555252054,0.2064977732261264,0.03678761768682599,,,True,True,False,0.0,0.0,4.936354160308838,5.116088390350342,0.23048995435237885,0.0012835025554522872,0.0,1.987876558327116,2.9471940994262695,0.0,0.0,0.0,0.0,0.0
19,0.13767957279316612,0.09627381679386104,0.0,0.800000011920929,0.7000000104308128,True,False,False,1666.6666703224182,1666.6666666666667,1672.3089599609375,1672.2130126953125,0.0,0.0,0.0,1.8253635168075562,3.816926121711731,0.0,0.0,0.0,1666.6666703224182,0.0
20,0.3065856135061207,0.26724447234630555,0.001594948644730493,,0.9000000134110451,True,False,False,0.5,0.5,6.134450912475586,6.212882995605469,0.005954964552074671,0.0,0.0,1.8704808950424194,3.7639700174331665,0.0,0.0,0.0,0.5,0.0
21,0.09039468136986761,0.052782702980707086,0.0,0.7000000104308128,,True,False,False,1666.666573047638,1666.6666666666667,1672.2703857421875,1672.4862060546875,0.0,0.0,0.0,1.6180239915847778,3.9857887029647827,0.0,0.0,0.0,1666.666573047638,0.0
22,0.22369189102482728,0.19369188806467966,0.0,0.800000011920929,0.7000000104308128,True,False,False,1666.687569618225,1666.687606709358,1672.414306640625,1672.3955078125,0.0,0.0,0.0,1.3486461639404297,4.378090858459473,0.0,0.0,0.0,1666.687569618225,1.2564025614834728e-05
23,0.20773825599703322,0.16540651671225876,0.0,0.7000000104308128,0.6000000089406967,True,False,False,1666.6684098243713,1666.6684625442058,1672.4349365234375,1672.4483642578125,0.0,0.0,0.0,1.680682897567749,4.085843801498413,0.0,0.0,0.0,1666.6684098243713,1.0775265233889474e-06
24,0.15900936029750457,0.12900935733735594,0.0,0.9000000134110451,0.800000011920929,True,False,False,1666.6666569709778,1666.6666666666667,1672.489990234375,1672.5709228515625,0.0,0.0,0.0,1.423035740852356,4.400297522544861,0.0,0.0,0.0,1666.6666569709778,0.0
25,0.10385131847618734,0.06307527783432665,0.0,0.5000000074505806,,True,False,False,1666.6921124458313,1666.6920848252526,1672.013427734375,1671.97021484375,0.0,0.0,0.0,1.7432388067245483,3.578076481819153,0.0,0.0,0.0,1666.6921124458313,1.5250895151550628e-05
26,0.2814552754458113,0.23902893274661263,0.0,0.800000011920929,,True,False,False,1666.6727457046509,1666.6727781849754,1671.97607421875,1671.987548828125,0.0,0.0,0.0,1.9836150407791138,3.3197134733200073,0.0,0.0,0.0,1666.6727457046509,3.666910985258176e-06
27,0.21742764065479037,0.17522629487176733,0.050935846042962855,,,True,True,False,0.0,0.0,5.264906406402588,5.390804290771484,0.09224864840507507,0.0,0.0,2.2446508407592773,3.0202555656433105,0.0,0.0,0.0,0.0,0.0
28,0.18544432335915584,0.14304627042641282,0.0,0.9000000134110451,0.800000011920929,True,False,False,1666.6666712760925,1666.6666666666667,1672.1697998046875,1672.2080078125,0.0,0.0,0.0,1.8900903463363647,3.613038182258606,0.0,0.0,0.0,1666.6666712760925,0.0
29,0.1752087210386275,0.13318116341730768,0.04119024929590914,,,True,True,False,0.0,0.0,6.173003196716309,6.3607611656188965,0.0036375056952238083,0.0,0.0,2.0295493602752686,4.14345383644104,0.0,0.0,0.0,0.0,0.0
30,0.2404937728082779,0.21017735988200695,0.0,0.6000000089406967,,True,False,False,1666.666612625122,1666.6666666666667,1672.101318359375,1672.15869140625,0.0,0.009612346068024635,0.0,1.1737520452588797,4.251341342926025,0.0,0.0,0.0,1666.666612625122,0.0
31,0.20920341290058708,0.16822966058816125,0.0,0.9000000134110451,,True,False,False,1666.6666688919067,1666.6666666666667,1672.4034423828125,1672.3297119140625,0.0,0.0,0.0,1.8948866128921509,3.841886878013611,0.0,0.0,0.0,1666.6666688919067,0.0
32,0.30840089721373426,0.27840089425358555,0.0,0.7000000104308128,,True,False,False,1666.674497127533,1666.674434289843,1672.9078369140625,1672.8736572265625,0.0,0.027621818706393242,0.0,1.6347938049584627,4.570924162864685,0.0,0.0,0.0,1666.674497127533,4.660573905727319e-06
33,0.4708084048587447,0.4408084018985971,0.0,0.7000000104308128,0.6000000089406967,True,False,False,1666.6964926719666,1666.6965391587162,1673.001953125,1672.8525390625,0.0,0.0,0.0,1.811913251876831,4.493547201156616,0.0,0.0,0.0,1666.6964926719666,1.7923495229661445e-05
34,0.160565466172848,0.13056546321269938,0.0,0.4000000059604645,0.30000000447034836,True,False,False,1667.000633239746,1667.0006615770483,1672.17919921875,1672.24560546875,0.0,0.0,0.0,0.9457985758781433,4.232767403125763,0.0,0.0,0.0,1667.000633239746,0.00020039694622893568
35,0.40521465194056994,0.37436140833576914,0.030881155872628088,,,True,True,False,0.0,0.0,6.409426689147949,6.352881908416748,0.003734307363629341,0.0,0.0,1.805700659751892,4.603726029396057,0.0,0.0,0.0,0.0,0.0
36,0.24533296083975326,0.21147741029586134,0.03164808035983811,,,True,True,False,0.0,0.0,5.665535926818848,5.781183242797852,0.025108952075242996,0.0,0.0,1.7399100065231323,3.9256259202957153,0.0,0.0,0.0,0.0,0.0
37,0.14891183323057716,0.11891183027042908,0.0,0.6000000089406967,,True,False,False,1666.687485218048,1666.6874623431318,1672.2911376953125,1672.36376953125,0.0,0.0,0.0,1.1641876697540283,4.439464807510376,0.0,0.0,0.0,1666.687485218048,1.2477405878960374e-05
38,0.13125428669806372,0.09147649735476016,0.0,0.800000011920929,0.5000000074505806,True,False,False,1666.666633605957,1666.6666666666667,1672.11181640625,1672.1458740234375,0.0,0.0,0.0,1.4362406730651855,4.008942127227783,0.0,0.0,0.0,1666.666633605957,0.0
39,0.02481482870418734,0.0,0.05644029028062937,,,False,True,False,0.0,0.0,5.7744622230529785,5.874507427215576,0.018396196886897087,0.0,0.0,1.965136170387268,3.8093260526657104,0.0,0.0,0.0,0.0,0.0
40,0.13004895086600943,0.08794138151042308,0.02354472664784529,,,True,True,False,0.0,0.0,5.233551502227783,5.371198654174805,0.09847864508628845,0.0,0.0,1.5467203855514526,3.6868311166763306,0.0,0.0,0.0,0.0,0.0
41,0.26308004383166406,0.2237751428006261,0.0,0.6000000089406967,,True,False,False,1666.728584766388,1666.7286516433962,1671.6751708984375,1671.5594482421875,0.0,0.0,0.0,1.210532546043396,3.7360535860061646,0.0,0.0,0.0,1666.728584766388,3.719098603771511e-05
42,0.25093118050150043,0.21168812730078734,0.0,0.6000000089406967,0.5000000074505806,True,False,False,1666.7079372406006,1666.707824938223,1671.878662109375,1671.8994140625,0.0,0.0427623987197876,0.0,1.2891383171081543,3.838824152946472,0.0,0.0,0.0,1666.7079372406006,2.4694962933751922e-05
43,0.2522135462049232,0.21580011252711404,0.0,0.800000011920929,0.7000000104308128,True,False,False,1666.6706380844116,1666.6707036167727,1672.1094970703125,1672.2125244140625,0.0,0.0,0.0,1.6256507635116577,3.813208222389221,0.0,0.0,0.0,1666.6706380844116,2.422170063627213e-06
44,0.17200554192271184,0.13020423120518082,0.0,0.9000000134110451,,True,False,False,1666.666621208191,1666.6666666666667,1672.1890869140625,1672.204833984375,0.0,0.0,0.0,1.7539976835250854,3.7684680223464966,0.0,0.0,0.0,1666.666621208191,0.0
45,0.18959752301315635,0.14941039277165669,0.0,0.9000000134110451,0.800000011920929,True,False,False,1666.666597366333,1666.6666666666667,1672.458984375,1672.450927734375,0.0,0.0,0.0,1.7133193016052246,4.079067707061768,0.0,0.0,0.0,1666.666597366333,0.0
46,0.30807085340908025,0.27364792613208727,0.0,0.9000000134110451,,True,False,False,1666.666648864746,1666.6666666666667,1672.6671142578125,1672.6146240234375,0.0,0.0,0.0,2.100498676300049,3.8999667167663574,0.0,0.0,0.0,1666.666648864746,0.0
47,0.3504231404067992,0.31944344529436286,0.0,0.800000011920929,0.7000000104308128,True,False,False,1666.688500881195,1666.68843879376,1672.7457275390625,1672.8438720703125,0.0,0.0,0.0,1.4603426456451416,4.59688401222229,0.0,0.0,0.0,1666.688500881195,1.3063276256021245e-05
48,0.4253521705226735,0.3870133069352928,0.01056366946306222,,0.7000000104308128,True,False,False,1.0,1.0,6.9757208824157715,6.912945747375488,0.0005773439188487828,0.0,0.0,2.2886712551116943,3.687049627304077,0.0,0.0,0.0,1.0,0.0
49,0.03877899098119908,0.0,0.0,0.800000011920929,0.7000000104308128,False,False,False,1666.7199807167053,1666.719976032781,1671.4349365234375,1671.49951171875,0.0,0.00988228339701891,0.0,1.246949720196426,3.458123803138733,0.0,0.0,0.0,1666.7199807167053,3.198561966858056e-05
50,0.07200359944187214,0.0410104694973026,0.0,0.7000000104308128,0.6000000089406967,True,False,False,1666.6914639472961,1666.6914154372098,1671.9610595703125,1671.8775634765625,0.0,0.0,0.0,1.3887085914611816,3.880887031555176,0.0,0.0,0.0,1666.6914639472961,1.484926232580203e-05
51,0.28530658378989726,0.2553065808297486,0.0,0.800000011920929,0.6000000089406967,True,False,False,1666.666645526886,1666.6666666666667,1672.5394287109375,1672.57568359375,0.0,0.0,0.0,1.5880920886993408,4.284691095352173,0.0,0.0,0.0,1666.666645526886,0.0
52,0.04479704536793161,0.00800189766323367,0.0,0.9000000134110451,,False,False,False,1666.6666584014893,1666.6666666666667,1672.4676513671875,1672.5263671875,0.0,0.001176905701868236,0.0,1.6605097531573847,4.139306306838989,0.0,0.0,0.0,1666.6666584014893,0.0
53,0.21088846861492108,0.1738430601924781,0.0,0.7000000104308128,,True,False,False,1666.6874709129333,1666.6875395144136,1671.7755126953125,1671.8594970703125,0.0,0.0,0.0,1.2598447799682617,3.8281970024108887,0.0,0.0,0.0,1666.6874709129333,1.252370864819555e-05
54,0.05536550854592015,0.013272946429865762,0.0,0.9000000134110451,,True,False,False,1666.6666765213013,1666.6666666666667,1671.989501953125,1672.137451171875,0.0,0.0,0.0,1.842028021812439,3.4807974100112915,0.0,0.0,0.0,1666.6666765213013,0.0
55,0.30807136471033303,0.2762756956811554,0.0,0.4000000059604645,,True,False,False,1667.0587711334229,1667.0586652161792,1673.2669677734375,1673.1375732421875,0.0,0.020972395315766335,0.0,1.2501263376325369,4.937097907066345,0.0,0.0,0.0,1667.0587711334229,0.0002351991297074041
56,0.20201214176510618,0.16622603759120302,0.0,0.800000011920929,,True,False,False,1666.666603088379,1666.6666666666667,1672.2115478515625,1672.3731689453125,0.0,0.0,0.0,1.4177618026733398,4.127182960510254,0.0,0.0,0.0,1666.666603088379,0.0
57,0.19031141644745198,0.156948982758359,0.0,0.9000000134110451,,True,False,False,1666.6665773391724,1666.6666666666667,1672.456298828125,1672.4786376953125,0.0,0.0,0.0,1.4880752563476562,4.3016462326049805,0.0,0.0,0.0,1666.6665773391724,0.0
58,0.16573912370332256,0.12535309090535265,0.0,0.7000000104308128,,True,False,False,1666.6666026115417,1666.6666666666667,1672.1419677734375,1672.1343994140625,0.0,0.0,0.0,1.6350290775299072,3.8403360843658447,0.0,0.0,0.0,1666.6666026115417,0.0
59,0.3521275455897232,0.32206420687096304,0.0,0.20000000298023224,,True,False,False,1666.7479839324951,1666.7478771884755,1672.66845703125,1672.60693359375,0.0,0.053476978093385696,0.0,1.5187025777995586,4.3482935428619385,0.0,0.0,0.0,1666.7479839324951,4.8726313085309686e-05
60,0.2110273667590148,0.17048859545966089,0.0,0.9000000134110451,,True,False,False,1666.66659116745,1666.6666666666667,1672.214111328125,1672.2091064453125,0.0,0.015426039695739746,0.0,1.7516732215881348,3.7804208993911743,0.0,0.0,0.0,1666.66659116745,0.0
61,0.3306167053474948,0.30061670238734545,0.017901402458908113,,0.9000000134110451,True,False,False,0.5,0.5,6.746771812438965,6.719096660614014,0.0011016911594197154,0.04798142984509468,0.0,1.9391124956309795,4.259677886962891,0.0,0.0,0.0,0.5,0.0
62,0.19876416450781415,0.1687641615476653,0.0,0.9000000134110451,0.800000011920929,True,False,False,1666.666666507721,1666.6666666666667,1672.6478271484375,1672.488037109375,0.0,0.0,0.0,1.6304482221603394,4.350712418556213,0.0,0.0,0.0,1666.666666507721,0.0
63,0.22968940753322126,0.19968940457307235,0.0,0.9000000134110451,,True,False,False,1666.6666135787964,1666.6666666666667,1672.7225341796875,1672.6732177734375,0.0,0.0,0.0,1.6148066520690918,4.4411139488220215,0.0,0.0,0.0,1666.6666135787964,0.0
64,0.20667418700365348,0.1711096649100908,0.0,0.9000000134110451,0.800000011920929,True,False,False,1666.66667842865,1666.6666666666667,1672.556640625,1672.551513671875,0.0,0.0,0.0,1.7639915943145752,4.1259706020355225,0.0,0.0,0.0,1666.66667842865,0.0
65,0.14214224515752488,0.10484307462930381,0.0,0.800000011920929,0.6000000089406967,True,False,False,1666.718991279602,1666.7189967483782,1672.1927490234375,1672.2459716796875,0.0,0.0,0.0,1.3737918138504028,4.099965929985046,0.0,0.0,0.0,1666.718991279602,3.139804902689631e-05
66,0.17679641443309763,0.1467964114729494,0.0,0.9000000134110451,0.800000011920929,True,False,False,1666.666585445404,1666.6666666666667,1672.6033935546875,1672.674560546875,0.0,0.0,0.0,1.6118390560150146,4.324969053268433,0.0,0.0,0.0,1666.666585445404,0.0
67,0.5169593942582784,0.48585349830102764,0.0,0.6000000089406967,0.4000000059604645,True,False,False,1666.6666860580444,1666.6666666666667,1673.2015380859375,1673.040771484375,0.0,0.0,0.0,1.9381831884384155,4.596668839454651,0.0,0.0,0.0,1666.6666860580444,0.0
68,0.40307801851153624,0.36550561032280166,0.0,0.9000000134110451,0.4000000059604645,True,False,False,1666.6665983200073,1666.6666666666667,1672.5792236328125,1672.4600830078125,0.0,0.0,0.0,1.905062198638916,4.00756311416626,0.0,0.0,0.0,1666.6665983200073,0.0
69,0.26566986478513765,0.2343973909148085,0.0,0.7000000104308128,0.5000000074505806,True,False,False,1666.67183303833,1666.6718959048178,1672.273193359375,1672.1519775390625,0.0,0.0,0.0,1.3086415529251099,4.292718768119812,0.0,0.0,0.0,1666.67183303833,3.1375428906734797e-06
70,0.3062382877019489,0.2762382847418001,0.0,0.9000000134110451,0.800000011920929,True,False,False,1666.6666655540466,1666.6666666666667,1672.6932373046875,1672.67333984375,0.0,0.0,0.0,1.7274446487426758,4.299127101898193,0.0,0.0,0.0,1666.6666655540466,0.0
71,0.12350277881279884,0.0933063971876319,0.0,0.6000000089406967,,True,False,False,1666.7339372634888,1666.7338728796162,1671.836669921875,1671.8692626953125,0.0,0.0,0.0,1.0276492834091187,4.075083374977112,0.0,0.0,0.0,1666.7339372634888,4.0323727769659044e-05
72,0.27383346258621627,0.24150556773809484,0.0,0.800000011920929,0.5000000074505806,True,False,False,1666.666672706604,1666.6666666666667,1672.2603759765625,1672.267333984375,0.0,0.0,0.0,1.4922869205474854,4.101416349411011,0.0,0.0,0.0,1666.666672706604,0.0
73,0.1865219738271136,0.15652197086696515,0.0,0.9000000134110451,0.800000011920929,True,False,False,1666.6723918914795,1666.6723067415824,1672.4700927734375,1672.65283203125,0.0,0.0,0.0,1.4381377696990967,4.359563112258911,0.0,0.0,0.0,1666.6723918914795,3.3840449494389465e-06
74,0.2509515176240349,0.20861195194287152,0.08352420713537408,,,True,True,False,0.0,0.0,6.7733354568481445,6.830098628997803,0.0007609708700329065,0.0,0.0,2.5842602252960205,4.189075231552124,0.0,0.0,0.0,0.0,0.0
75,0.178023731063433,0.14579213786953238,0.0,0.800000011920929,0.7000000104308128,True,False,False,1666.666612625122,1666.6666666666667,1671.9207763671875,1671.9136962890625,0.0,0.0,0.0,1.3607732057571411,3.8933905363082886,0.0,0.0,0.0,1666.666612625122,0.0
76,0.44979039838916,0.4185351947224394,0.0,0.800000011920929,,True,False,False,1666.6666340827942,1666.6666666666667,1673.539306640625,1673.342529296875,0.0,0.0,0.0,2.233302116394043,4.639370441436768,0.0,0.0,0.0,1666.6666340827942,0.0
77,0.11739153447022233,0.07845316950142855,0.0,0.7000000104308128,0.6000000089406967,True,False,False,1666.6879434585571,1666.6880370130125,1672.006103515625,1672.029052734375,0.0,0.0,0.0,1.2293899059295654,4.088770151138306,0.0,0.0,0.0,1666.6879434585571,1.282220780740455e-05
78,0.37962217348340305,0.34962217052325456,0.0,0.6000000089406967,0.5000000074505806,True,False,False,1666.6811213493347,1666.6811897296914,1672.607666015625,1672.5238037109375,0.0,0.0,0.0,1.659488558769226,4.267056107521057,0.0,0.0,0.0,1666.6811213493347,8.713837814822226e-06
79,0.265955745377888,0.22755137863580022,0.0,0.800000011920929,,True,False,False,1666.671591758728,1666.6716224732352,1672.0770263671875,1672.077880859375,0.0,0.0,0.0,1.6975188255310059,3.707915782928467,0.0,0.0,0.0,1666.671591758728,2.973483941097873e-06
80,0.28596419853986166,0.25596419557971367,0.0,0.7000000104308128,0.4000000059604645,True,False,False,1666.7063012123108,1666.7062749031247,1672.6224365234375,1672.5220947265625,0.0,0.0,0.0,1.4694932699203491,4.44664204120636,0.0,0.0,0.0,1666.7063012123108,2.3764941874811517e-05
81,0.14151038042877384,0.11118170417419293,0.0,0.5000000074505806,0.30000000447034836,True,False,False,1666.6831550598145,1666.6830683646842,1672.5318603515625,1672.6680908203125,0.0,0.014207529835402966,0.0,0.9530903222039342,4.88140743970871,0.0,0.0,0.0,1666.6831550598145,9.841018810518155e-06
82,0.316165450810205,0.28401395684007635,0.004715085595521119,,0.9000000134110451,True,False,False,0.5,0.5,6.6196417808532715,6.7065534591674805,0.001148730400018394,0.0,0.0,1.7177692651748657,4.401872515678406,0.0,0.0,0.0,0.5,0.0
83,0.20004810085884905,0.1579274125344856,0.0,0.800000011920929,0.7000000104308128,True,False,False,1666.6666626930237,1666.6666707718794,1672.0032958984375,1672.0845947265625,0.0,0.0,0.0,1.9059535264968872,3.430679678916931,0.0,0.0,0.0,1666.6666626930237,2.4631275340257e-09
84,0.2000059101752681,0.1685489306164564,0.0,0.800000011920929,,True,False,False,1666.666657447815,1666.6666666666667,1671.88232421875,1671.9490966796875,0.0,0.0,0.0,1.2610654830932617,3.954601287841797,0.0,0.0,0.0,1666.666657447815,0.0
85,0.2266832929825817,0.19206353847235383,0.0,0.800000011920929,,True,False,False,1666.6665878295898,1666.6666666666667,1672.224853515625,1672.2518310546875,0.0,0.0,0.0,1.573302149772644,3.984963536262512,0.0,0.0,0.0,1666.6665878295898,0.0
86,0.32034597044288926,0.2795911412054517,0.04972769648017817,,,True,True,False,0.0,0.0,5.867210388183594,5.844254970550537,0.02034805715084076,0.0,0.0,2.2558209896087646,3.611389398574829,0.0,0.0,0.0,0.0,0.0
87,0.19306648362386689,0.16306648066371943,0.0,0.5000000074505806,,True,False,False,1666.685923576355,1666.685953442123,1672.2974853515625,1672.31494140625,0.0,0.0,0.0,1.2575750350952148,4.353986740112305,0.0,0.0,0.0,1666.685923576355,1.1572065273814862e-05
88,0.38125643749401306,0.3470170731372111,0.0,0.6000000089406967,,True,False,False,1666.6894755363464,1666.6894228584067,1673.419189453125,1673.2467041015625,0.0,0.0,0.0,1.7703653573989868,4.959348559379578,0.0,0.0,0.0,1666.6894755363464,1.3653715043979023e-05
89,0.01176824177758462,0.0,0.0,0.9000000134110451,,False,False,False,1666.6666259765625,1666.6666666666667,1671.598876953125,1671.75,0.0,0.0274640079587698,0.0,1.7109054569154978,3.1938815116882324,0.0,0.0,0.0,1666.6666259765625,0.0
90,0.4166956363626357,0.38669563340248647,0.0,0.9000000134110451,0.800000011920929,True,False,False,1666.6666712760925,1666.6666666666667,1673.13427734375,1673.099609375,0.0,0.0,0.0,1.886193037033081,4.58141303062439,0.0,0.0,0.0,1666.6666712760925,0.0
91,0.32533958836074933,0.29437401159679744,0.0,0.9000000134110451,,True,False,False,1666.6666526794434,1666.6666666666667,1672.81787109375,1672.741455078125,0.0,0.0,0.0,1.7817449569702148,4.369473457336426,0.0,0.0,0.0,1666.6666526794434,0.0
92,0.08488650072438925,0.054886497764240386,0.0,0.9000000134110451,0.5000000074505806,True,False,False,1666.6666173934937,1666.6666666666667,1672.6282958984375,1672.7032470703125,0.0,0.0,0.0,1.8186825513839722,4.1429959535598755,0.0,0.0,0.0,1666.6666173934937,0.0
93,0.3276830677278575,0.29261018120901916,0.0,0.9000000134110451,0.800000011920929,True,False,False,1666.6666331291199,1666.6666666666667,1672.7744140625,1672.5701904296875,0.0,0.0,0.0,1.7280014753341675,4.3797794580459595,0.0,0.0,0.0,1666.6666331291199,0.0
94,0.2841392724743539,0.24332060744060602,0.0,0.9000000134110451,0.800000011920929,True,False,False,1666.6666264533997,1666.6666666666667,1672.1611328125,1672.0562744140625,0.0,0.0067366124130785465,0.0,1.7328056334517896,3.7549641132354736,0.0,0.0,0.0,1666.6666264533997,0.0
95,0.1256768145717291,0.09567681161158122,0.0,0.800000011920929,0.6000000089406967,True,False,False,1666.6665711402893,1666.6666666666667,1671.844970703125,1671.9647216796875,0.0,0.0,0.0,1.3131489753723145,3.865250587463379,0.0,0.0,0.0,1666.6665711402893,0.0
96,0.3595583780592236,0.3285839468085867,0.0,0.9000000134110451,,True,False,False,1666.6666412353516,1666.6666666666667,1672.94775390625,1672.782958984375,0.0,0.0,0.0,2.078512668609619,4.202600002288818,0.0,0.0,0.0,1666.6666412353516,0.0
97,0.07504375442248357,0.03636060434500887,0.0,0.9000000134110451,,True,False,False,1666.6665816307068,1666.6666666666667,1672.38427734375,1672.5771484375,0.0,0.0,0.0,1.5523535013198853,4.165342211723328,0.0,0.0,0.0,1666.6665816307068,0.0
98,0.13101439336363355,0.10024053354160278,0.0,0.7000000104308128,0.4000000059604645,True,False,False,1666.6666679382324,1666.6666666666667,1672.5526123046875,1672.7298583984375,0.0,0.0,0.0,1.4815753698349,4.404368996620178,0.0,0.0,0.0,1666.6666679382324,0.0
99,0.30071901178863314,0.26164772193261054,0.0,0.9000000134110451,0.7000000104308128,True,False,False,1666.6676979064941,1666.667663623093,1673.399169921875,1673.3935546875,0.0,0.0,0.0,1.4733953475952148,5.2580766677856445,0.0,0.0,0.0,1666.6676979064941,5.981738557505276e-07
100,0.2895812216303882,0.24964026424869726,0.005269508835742447,,0.9000000134110451,True,False,False,0.5,0.5,7.034551620483398,6.983793258666992,0.0004559028893709183,0.0,0.0,2.1667654514312744,4.367786169052124,0.0,0.0,0.0,0.5,0.0
101,0.26605328719354304,0.22708403470724647,0.0,0.6000000089406967,,True,False,False,1666.6835613250732,1666.683606557534,1672.1134033203125,1672.135498046875,0.0,0.0,0.0,1.6015844345092773,3.8282575607299805,0.0,0.0,0.0,1666.6835613250732,1.0163934520355635e-05
102,0.1809116099297583,0.14093303207373253,0.0,0.800000011920929,0.7000000104308128,True,False,False,1666.6665925979614,1666.6666666666667,1672.2647705078125,1672.2442626953125,0.0,0.03899216651916504,0.0,1.6522548198699951,3.906930923461914,0.0,0.0,0.0,1666.6665925979614,0.0
103,0.23600898784934554,0.19756814269571718,0.0,0.7000000104308128,,True,False,False,1666.6665997505188,1666.6666666666667,1672.3875732421875,1672.4593505859375,0.0,0.0,0.0,1.6908411979675293,4.030132293701172,0.0,0.0,0.0,1666.6665997505188,0.0
104,0.16438571717159345,0.13335707705957223,0.0,0.9000000134110451,0.6000000089406967,True,False,False,1666.666645526886,1666.6666666666667,1672.897216796875,1672.8759765625,0.0,0.0,0.0,1.680543065071106,4.550028204917908,0.0,0.0,0.0,1666.666645526886,0.0
105,0.2148172578057439,0.17798087470844504,0.0,0.9000000134110451,0.800000011920929,True,False,False,1666.6666598320007,1666.6666666666667,1672.098388671875,1672.1549072265625,0.0,0.0018303632969036698,0.0,1.3962602376705036,4.03363823890686,0.0,0.0,0.0,1666.6666598320007,0.0
106,0.3969329885374293,0.35873535634164444,0.0,0.800000011920929,0.4000000059604645,True,False,False,1666.6666536331177,1666.6666666666667,1672.6116943359375,1672.572021484375,0.0,0.0,0.0,1.7835943698883057,4.1614463329315186,0.0,0.0,0.0,1666.6666536331177,0.0
107,0.19251597382902474,0.15939711401173895,0.04358649701448328,,,True,True,False,0.0,0.0,6.313572883605957,6.39520263671875,0.0032429825514554977,0.032526589930057526,0.0,1.8408566936850548,4.440189599990845,0.0,0.0,0.0,0.0,0.0
108,0.19888317951256113,0.15645677127526042,0.01193224504261449,,0.9000000134110451,True,False,False,0.5,0.5,6.159666061401367,6.115530967712402,0.008237788453698158,0.0,0.0,2.094709873199463,3.5649561882019043,0.0,0.0,0.0,0.5,0.0
109,0.2158327791590848,0.18583277619893615,0.0,0.800000011920929,0.5000000074505806,True,False,False,1666.6665844917297,1666.6666666666667,1672.0419921875,1672.1456298828125,0.0,0.06343469768762589,0.0,1.2701645120978355,4.041808485984802,0.0,0.0,0.0,1666.6665844917297,0.0
110,0.2079165045787983,0.16595955446619381,0.0,0.5000000074505806,0.4000000059604645,True,False,False,1666.6800284385681,1666.6801087276,1672.02783203125,1671.949462890625,0.0,0.0,0.0,1.9008700847625732,3.4469335079193115,0.0,0.0,0.0,1666.6800284385681,8.065236559993302e-06
111,0.1821562593040737,0.1508151335705145,0.0,0.9000000134110451,,True,False,False,1666.6666679382324,1666.6666666666667,1672.2354736328125,1672.1783447265625,0.0,0.0,0.0,1.7926307916641235,3.7761749029159546,0.0,0.0,0.0,1666.6666679382324,0.0
112,0.20220291804474577,0.1615497730859463,0.0,0.9000000134110451,,True,False,False,1666.6666269302368,1666.6666666666667,1672.1513671875,1672.2215576171875,0.0,0.0,0.0,1.727834939956665,3.7569053173065186,0.0,0.0,0.0,1666.6666269302368,0.0
113,0.17258011449324945,0.14233694863360447,0.0,0.800000011920929,0.7000000104308128,True,False,False,1666.669403553009,1666.669488307192,1672.1585693359375,1672.21728515625,0.0,0.0,0.0,1.177212119102478,4.311953663825989,0.0,0.0,0.0,1666.669403553009,1.6929843151751214e-06
114,0.3156955089192603,0.28569550595911175,0.0,0.800000011920929,0.7000000104308128,True,False,False,1666.7633848190308,1666.7634877942992,1672.6317138671875,1672.584716796875,0.0,0.0,0.0,1.566079020500183,4.302250027656555,0.0,0.0,0.0,1666.7633848190308,5.809267657952685e-05
115,0.16296178977188017,0.13276352528480562,0.0,0.9000000134110451,0.5000000074505806,True,False,False,1666.6666083335876,1666.6666666666667,1672.481689453125,1672.5838623046875,0.0,0.0,0.0,1.5808515548706055,4.234229564666748,0.0,0.0,0.0,1666.6666083335876,0.0
116,0.03763763853142166,0.0,0.0,0.9000000134110451,,False,False,False,1666.66663646698,1666.6666666666667,1671.9110107421875,1671.99169921875,0.0,0.0056202649138867855,0.0,1.6196176768280566,3.619136333465576,0.0,0.0,0.0,1666.66663646698,0.0
117,0.1201496374388924,0.08195023349290498,0.0,0.9000000134110451,,True,False,False,1666.6666831970215,1666.6666666666667,1672.110107421875,1672.0570068359375,0.0,0.0,0.0,1.3812308311462402,4.062193393707275,0.0,0.0,0.0,1666.6666831970215,0.0
118,0.20445726515272078,0.16421533745148853,0.0,0.9000000134110451,0.20000000298023224,True,False,False,1666.666648864746,1666.6666666666667,1672.361572265625,1672.3551025390625,0.0,0.0,0.0,1.9263032674789429,3.7686201333999634,0.0,0.0,0.0,1666.666648864746,0.0
119,0.09703023213017933,0.06691925399704196,0.050009498086108176,,,True,True,False,0.0,0.0,6.235007286071777,6.235654830932617,0.005519676022231579,0.0,0.0,2.1450438499450684,4.089963436126709,0.0,0.0,0.0,0.0,0.0
120,0.049816676690247697,0.007776852744948215,0.04205923844953022,,,False,True,False,0.0,0.0,5.712110996246338,5.818228244781494,0.022192208096385002,0.0,0.0,1.8640735149383545,3.8480374813079834,0.0,0.0,0.0,0.0,0.0
121,0.20160440783207173,0.17075046914828568,0.0,0.7000000104308128,0.6000000089406967,True,False,False,1666.728187084198,1666.7281241026867,1672.1251220703125,1672.227783203125,0.0,0.0,0.0,1.4070788621902466,3.9898561239242554,0.0,0.0,0.0,1666.728187084198,3.68744616120232e-05
122,0.2263458586725293,0.19634585571238083,0.0,0.9000000134110451,,True,False,False,1666.6666340827942,1666.6666666666667,1672.5543212890625,1672.683837890625,0.0,0.0,0.0,1.4289922714233398,4.458694934844971,0.0,0.0,0.0,1666.6666340827942,0.0
123,0.4081710795830896,0.36756289402346265,0.0,0.800000011920929,,True,False,False,1666.6666164398193,1666.6666666666667,1672.256591796875,1672.218505859375,0.0,0.0,0.0,2.0232574939727783,3.5667178630828857,0.0,0.0,0.0,1666.6666164398193,0.0
124,0.29731900666116584,0.2673190037010175,0.0,0.800000011920929,,True,False,False,1666.6665711402893,1666.6666666666667,1672.4822998046875,1672.49267578125,0.0,0.0,0.0,1.4516087770462036,4.36411988735199,0.0,0.0,0.0,1666.6665711402893,0.0
125,0.19326921709541758,0.15921308652587624,0.0,0.9000000134110451,0.7000000104308128,True,False,False,1666.6666798591614,1666.6666666666667,1672.5955810546875,1672.578369140625,0.0,0.0,0.0,1.7551426887512207,4.173758506774902,0.0,0.0,0.0,1666.6666798591614,0.0
126,0.0,0.0,0.036586754330531476,,,False,True,False,0.0,0.0,5.501889705657959,5.777616500854492,0.025409258902072906,0.0,0.0,1.627760410308838,3.874129295349121,0.0,0.0,0.0,0.0,0.0
127,0.06078721420957403,0.02500237976743035,0.020993973292493202,,,True,True,False,0.0,0.0,6.316703796386719,6.431848526000977,0.0028700807597488165,0.01736016385257244,0.0,2.016799734905362,4.282543897628784,0.0,0.0,0.0,0.0,0.0
128,0.13318166599779124,0.10318166303764247,0.0,0.9000000134110451,0.800000011920929,True,False,False,1666.6666741371155,1666.6666666666667,1672.30810546875,1672.3558349609375,0.0,0.0,0.0,1.6526567935943604,3.988774538040161,0.0,0.0,0.0,1666.6666741371155,0.0
129,0.33213612735203757,0.2946038537449063,0.0,0.9000000134110451,,True,False,False,1666.6666193008423,1666.6666666666667,1672.6103515625,1672.587890625,0.0,0.0,0.0,2.3442394733428955,3.5994927883148193,0.0,0.0,0.0,1666.6666193008423,0.0
130,0.22655505639607298,0.18500322978613148,0.001482338520815572,,0.9000000134110451,True,False,False,0.5,0.5,5.85850715637207,5.796268939971924,0.023877553641796112,0.0,0.0,1.741060495376587,3.6174466609954834,0.0,0.0,0.0,0.5,0.0
131,0.2364715923873845,0.2064715894272364,0.0,0.9000000134110451,,True,False,False,1666.66663980484,1666.6666666666667,1672.745849609375,1672.625244140625,0.0,0.0,0.0,1.8118393421173096,4.2673704624176025,0.0,0.0,0.0,1666.66663980484,0.0
132,0.17541734077266402,0.13299093253536287,0.0,0.9000000134110451,0.800000011920929,True,False,False,1666.6666059494019,1666.6666666666667,1671.4501953125,1671.5765380859375,0.0,0.03643031045794487,0.0,1.479342509061098,3.2678165435791016,0.0,0.0,0.0,1666.6666059494019,0.0
133,0.3062920094854357,0.27564780517652493,0.0,0.800000011920929,,True,False,False,1666.6666450500488,1666.6666666666667,1672.2135009765625,1672.161376953125,0.0,0.0,0.0,1.5812582969665527,3.965597629547119,0.0,0.0,0.0,1666.6666450500488,0.0
134,0.2996323838101205,0.2668321616427667,0.0,0.9000000134110451,,True,False,False,1666.666669368744,1666.6666666666667,1673.401123046875,1673.3963623046875,0.0,0.0,0.0,1.9975371360778809,4.736916542053223,0.0,0.0,0.0,1666.666669368744,0.0
135,0.23913051390768658,0.20913051094753726,0.0,0.9000000134110451,0.800000011920929,True,False,False,1666.6666107177734,1666.6666666666667,1672.2408447265625,1672.2314453125,0.0,0.0,0.0,1.4803040027618408,4.093930006027222,0.0,0.0,0.0,1666.6666107177734,0.0
136,0.2564897051831647,0.22648970222301643,0.0,0.5000000074505806,,True,False,False,1666.8236618041992,1666.8236478576114,1672.6219482421875,1672.496337890625,0.0,0.0,0.0,1.276030421257019,4.522256016731262,0.0,0.0,0.0,1666.8236618041992,9.418871456680143e-05
137,0.1963618462344998,0.15487896859686412,0.0,0.9000000134110451,0.7000000104308128,True,False,False,1666.6665921211243,1666.6666666666667,1671.86279296875,1671.757568359375,0.0,0.0,0.0,1.7868949174880981,3.4093059301376343,0.0,0.0,0.0,1666.6665921211243,0.0
138,0.2414967328099478,0.21149672984979906,0.0,0.9000000134110451,0.800000011920929,True,False,False,1666.6665925979614,1666.6666666666667,1673.15283203125,1673.051513671875,0.0,0.0,0.0,1.73503577709198,4.751203656196594,0.0,0.0,0.0,1666.6665925979614,0.0
139,0.17811580901326143,0.1391899054569322,0.0,0.800000011920929,0.7000000104308128,True,False,False,1666.7163171768188,1666.7163020286096,1671.983642578125,1672.0872802734375,0.0,0.0,0.0,1.489884376525879,3.7774410247802734,0.0,0.0,0.0,1666.7163171768188,2.9781217165704505e-05
140,0.25612718577489313,0.2194046176637725,0.0,0.6000000089406967,0.5000000074505806,True,False,False,1666.6793699264526,1666.6792947499757,1671.932861328125,1672.0595703125,0.0,0.06219170242547989,0.0,1.4250942692160606,3.7662054300308228,0.0,0.0,0.0,1666.6793699264526,7.576849985421789e-06
141,0.2865913004940295,0.2565912975338801,0.0,0.6000000089406967,0.4000000059604645,True,False,False,1666.7245154380798,1666.7244892208628,1672.527587890625,1672.625244140625,0.0,0.0,0.0,1.323725938796997,4.479346513748169,0.0,0.0,0.0,1666.7245154380798,3.469353251757375e-05
142,0.1999113013473449,0.16991129838719596,0.0,0.9000000134110451,0.800000011920929,True,False,False,1666.6666650772095,1666.6666666666667,1672.3497314453125,1672.40185546875,0.0,0.020804405212402344,0.0,1.0665572881698608,4.595704674720764,0.0,0.0,0.0,1666.6666650772095,0.0
143,0.4807050724120634,0.4467987524054209,0.046568375435291076,,,True,True,False,0.0,0.0,6.859529972076416,6.719613075256348,0.0010997962672263384,0.0,0.0,2.3474533557891846,4.5120766162872314,0.0,0.0,0.0,0.0,0.0
144,0.1778774369106174,0.14787743395046826,0.0,0.7000000104308128,0.6000000089406967,True,False,False,1666.8454966545105,1666.8454405929294,1672.2164306640625,1672.353271484375,0.0,0.0,0.0,1.1477735042572021,4.2231605052948,0.0,0.0,0.0,1666.8454966545105,0.00010726435575764708
145,0.25216400359422675,0.21038477937502797,0.0,0.800000011920929,0.6000000089406967,True,False,False,1666.6665930747986,1666.6666666666667,1671.6385498046875,1671.630859375,0.0,0.0,0.0,1.5042566061019897,3.4677001237869263,0.0,0.0,0.0,1666.6665930747986,0.0
146,0.0931089738317521,0.05564334850557362,0.0,0.5000000074505806,0.30000000447034836,True,False,False,1666.6685981750488,1666.6686384660682,1672.1488037109375,1672.1602783203125,0.0,0.006296944804489613,0.0,1.3593857763335109,4.114522814750671,0.0,0.0,0.0,1666.6685981750488,1.1830796408539295e-06
147,0.24713291661519232,0.20808550289580818,0.0,0.800000011920929,0.6000000089406967,True,False,False,1666.6665921211243,1666.6666666666667,1672.3211669921875,1672.4405517578125,0.0,0.0,0.0,1.6924495697021484,3.962125301361084,0.0,0.0,0.0,1666.6665921211243,0.0
148,0.20593137785940466,0.1708743004485301,0.0,0.30000000447034836,0.20000000298023224,True,False,False,1666.7171816825867,1666.7172156192194,1671.9998779296875,1672.0570068359375,0.0,0.0,0.0,1.3401813507080078,3.9425148963928223,0.0,0.0,0.0,1666.7171816825867,3.032937153160693e-05
149,0.385519790217075,0.35425889723405796,0.0,0.800000011920929,,True,False,False,1666.6666765213013,1666.6666666666667,1672.967529296875,1672.8619384765625,0.0,0.0,0.0,1.8874077796936035,4.413444995880127,0.0,0.0,0.0,1666.6666765213013,0.0
150,0.14647392875491796,0.11142169818942808,0.0,0.800000011920929,,True,False,False,1666.6666069030762,1666.6666666666667,1671.6884765625,1671.7496337890625,0.0,0.0,0.0,1.5556141138076782,3.46625554561615,0.0,0.0,0.0,1666.6666069030762,0.0
151,0.4198896930025231,0.3799936603120966,0.0,0.800000011920929,,True,False,False,1666.6666836738586,1666.6666666666667,1672.4351806640625,1672.3145751953125,0.0,0.0,0.0,2.0402169227600098,3.7282800674438477,0.0,0.0,0.0,1666.6666836738586,0.0
152,0.22953791463156747,0.1888199793536911,0.04031972919384557,,,True,True,False,0.0,0.0,6.083635330200195,6.250677108764648,0.005250088404864073,0.0,0.0,1.9625064134597778,4.1211289167404175,0.0,0.0,0.0,0.0,0.0
153,0.27784089067664125,0.2478408877164928,0.0,0.7000000104308128,0.6000000089406967,True,False,False,1666.666639328003,1666.6666666666667,1672.7174072265625,1672.754638671875,0.0,0.0,0.0,1.368841290473938,4.681926608085632,0.0,0.0,0.0,1666.666639328003,0.0
154,0.24617094624691482,0.20491276733217134,0.048624505318105415,,,True,True,False,0.0,0.0,6.507122993469238,6.489197254180908,0.002370682777836919,0.0,0.0,2.351943016052246,4.155179977416992,0.0,0.0,0.0,0.0,0.0
155,0.244201029606808,0.20291837463129525,0.0,0.800000011920929,,True,False,False,1666.66659450531,1666.6666666666667,1671.815673828125,1671.9024658203125,0.0,0.0,0.0,1.5764200687408447,3.5726592540740967,0.0,0.0,0.0,1666.66659450531,0.0
156,0.1335581748511636,0.09178379765366707,0.01562171051985638,,0.9000000134110451,True,False,False,0.5,0.5,6.376511573791504,6.427936553955078,0.002907751826569438,0.0,0.0,2.2037081718444824,3.6728034019470215,0.0,0.0,0.0,0.5,0.0
157,0.21339644783312917,0.17515803609300207,0.0,0.9000000134110451,,True,False,False,1666.6665949821472,1666.6666666666667,1672.6640625,1672.6866455078125,0.0,0.0,0.0,2.1479403972625732,3.84952712059021,0.0,0.0,0.0,1666.6665949821472,0.0
158,0.24052504864448318,0.2038619321602061,0.0,0.800000011920929,,True,False,False,1666.6666145324707,1666.6666666666667,1672.9202880859375,1672.755859375,0.0,0.009602928534150124,0.0,1.4755786415189505,4.768491983413696,0.0,0.0,0.0,1666.6666145324707,0.0
159,0.1704306784138545,0.12840283855879253,0.0,0.800000011920929,0.7000000104308128,True,False,False,1666.6665692329407,1666.6666666666667,1672.0589599609375,1672.0499267578125,0.0,0.0,0.0,1.7319989204406738,3.6603918075561523,0.0,0.0,0.0,1666.6665692329407,0.0
160,0.20739499947132423,0.17344884093731494,0.0,0.800000011920929,,True,False,False,1666.6823315620422,1666.6824163867693,1672.3099365234375,1672.2760009765625,0.0,0.0,0.0,1.4479219913482666,4.179682970046997,0.0,0.0,0.0,1666.6823315620422,9.449832061601516e-06
161,0.08146854753645351,0.05146854457630556,0.0,0.9000000134110451,,True,False,False,1666.6665773391724,1666.6666666666667,1672.42236328125,1672.536376953125,0.0,0.0,0.0,1.5262223482131958,4.229563593864441,0.0,0.0,0.0,1666.6665773391724,0.0
162,0.36863240764683436,0.3318831213298008,0.01064920713393211,,0.9000000134110451,True,False,False,0.5,0.5,6.311337471008301,6.246003150939941,0.005332524888217449,0.0,0.0,1.7763848304748535,4.034952640533447,0.0,0.0,0.0,0.5,0.0
163,0.20343696231640518,0.17041650198732583,0.03138579391599663,,,True,True,False,0.0,0.0,6.470547199249268,6.447839260101318,0.0027211045380681753,0.0,0.0,2.001434087753296,4.469113111495972,0.0,0.0,0.0,0.0,0.0
164,0.012790276494971997,0.0,0.05029183150082566,,,False,True,False,0.0,0.0,5.9772257804870605,6.064875602722168,0.009753081947565079,0.0,0.0,1.9865355491638184,3.990690231323242,0.0,0.0,0.0,0.0,0.0
165,0.05470855871325331,0.024708555753104714,0.04600953798569995,,,True,True,False,0.0,0.0,6.073265075683594,6.251577377319336,0.005234357435256243,0.03429308161139488,0.0,1.6275503374636173,4.4114216566085815,0.0,0.0,0.0,0.0,0.0
166,0.30497763924120225,0.26482185265859215,0.0,0.9000000134110451,,True,False,False,1666.6666536331177,1666.6666666666667,1672.1094970703125,1672.0810546875,0.0,0.0,0.0,1.7378133535385132,3.705030083656311,0.0,0.0,0.0,1666.6666536331177,0.0
167,0.24955599884110313,0.21369823479981065,0.0,0.800000011920929,0.6000000089406967,True,False,False,1666.6666049957275,1666.6666666666667,1672.288330078125,1672.2186279296875,0.0,0.0,0.0,1.4986978769302368,4.123027205467224,0.0,0.0,0.0,1666.6666049957275,0.0
168,0.24830013318247876,0.20952384520298714,0.024920544274937256,,,True,True,False,0.0,0.0,5.619765758514404,5.697998523712158,0.033132243901491165,0.0,0.0,1.8371866941452026,3.7825790643692017,0.0,0.0,0.0,0.0,0.0
169,0.28137659956653543,0.25096694396467173,0.030830134119454372,,,True,True,False,0.0,0.0,5.9272541999816895,5.991857051849365,0.012440764345228672,0.0,0.0,1.6592367887496948,4.268017411231995,0.0,0.0,0.0,0.0,0.0
170,0.1822948618007506,0.15229485884060212,0.007885332809648461,,0.9000000134110451,True,False,False,0.5,0.5,6.579169750213623,6.498999118804932,0.002294477540999651,0.0,0.0,1.8056820631027222,4.273487687110901,0.0,0.0,0.0,0.5,0.0
171,0.221057797022306,0.1880392056311187,0.0,0.7000000104308128,0.5000000074505806,True,False,False,1666.6945509910583,1666.6945330205963,1672.4249267578125,1672.273193359375,0.0,0.0,0.0,1.1752302646636963,4.555145502090454,0.0,0.0,0.0,1666.6945509910583,1.671981235768555e-05
172,0.22059713108155835,0.19059712812140964,0.0,0.7000000104308128,0.6000000089406967,True,False,False,1666.7434329986572,1666.743362680841,1672.26416015625,1672.3126220703125,0.0,0.0,0.0,1.2363958358764648,4.284331321716309,0.0,0.0,0.0,1666.7434329986572,4.601760850456483e-05
173,0.17633176380969676,0.1339053555723958,0.0,0.7000000104308128,,True,False,False,1666.7928891181946,1666.7928545383677,1672.41943359375,1672.455810546875,0.0,0.0,0.0,1.755383014678955,3.871161460876465,0.0,0.0,0.0,1666.7928891181946,7.571272302051451e-05
174,0.23559991857440457,0.1979959843692289,0.0,0.9000000134110451,0.800000011920929,True,False,False,1666.6666493415833,1666.6666666666667,1672.1861572265625,1672.19287109375,0.0,0.0,0.0,1.5672931671142578,3.9522147178649902,0.0,0.0,0.0,1666.6666493415833,0.0
175,0.3037536583507378,0.27375365539058966,0.0,0.9000000134110451,,True,False,False,1666.6666088104248,1666.6666666666667,1672.5899658203125,1672.5047607421875,0.0,0.0,0.0,1.5712707042694092,4.352086305618286,0.0,0.0,0.0,1666.6666088104248,0.0
176,0.45251552849524956,0.4214410355219796,0.0,0.7000000104308128,,True,False,False,1666.6685495376587,1666.6685668339514,1673.14990234375,1672.845703125,0.0,0.0,0.0,2.1800031661987305,4.301349639892578,0.0,0.0,0.0,1666.6685495376587,1.1401003708442104e-06
177,0.14962648606690576,0.10879208187204972,0.0,0.800000011920929,,True,False,False,1666.6665954589844,1666.6666666666667,1672.0531005859375,1672.12744140625,0.0,0.0,0.0,1.7620750665664673,3.6244300603866577,0.0,0.0,0.0,1666.6665954589844,0.0
178,0.36335247637660245,0.33212624512196065,0.0,0.9000000134110451,,True,False,False,1666.6666059494019,1666.6666666666667,1672.50439453125,1672.4049072265625,0.0,0.0,0.0,1.9078726768493652,3.9299159049987793,0.0,0.0,0.0,1666.6666059494019,0.0
179,0.14031926664490887,0.11031926368476018,0.0,0.9000000134110451,,True,False,False,1666.666597366333,1666.6666666666667,1672.43896484375,1672.4027099609375,0.0,0.00736923236399889,0.0,1.8447534320876002,3.920244812965393,0.0,0.0,0.0,1666.666597366333,0.0
180,0.25790969021911536,0.21872567827778244,0.0,0.7000000104308128,,True,False,False,1666.672643661499,1666.6726177071778,1672.053955078125,1672.0391845703125,0.0,0.0,0.0,1.7088607549667358,3.6724506616592407,0.0,0.0,0.0,1666.672643661499,3.570624306567488e-06
181,0.23093132846969855,0.18959103852989134,0.04266898125131704,,,True,True,False,0.0,0.0,5.657571792602539,5.769192218780518,0.026132887229323387,0.0,0.0,2.0262651443481445,3.6313066482543945,0.0,0.0,0.0,0.0,0.0
182,0.2097312897091701,0.16937915302743356,0.022145913134939816,,,True,True,False,0.0,0.0,5.707269191741943,5.699162006378174,0.03300399333238602,0.0,0.0,1.75260329246521,3.9546658992767334,0.0,0.0,0.0,0.0,0.0
183,0.27372645764369885,0.23667056342311898,0.0,0.9000000134110451,0.800000011920929,True,False,False,1666.6666259765625,1666.6666666666667,1672.3360595703125,1672.2027587890625,0.0,0.0,0.0,1.764778971672058,3.904654622077942,0.0,0.0,0.0,1666.6666259765625,0.0
184,0.4936554168659102,0.45747455567302,0.0052550164302855445,,0.9000000134110451,True,False,False,0.5,0.5,6.964736461639404,6.673107147216797,0.0012842112919315696,0.0,0.0,2.4011666774749756,4.063569784164429,0.0,0.0,0.0,0.5,0.0
185,0.19536414481175787,0.1644870492510854,0.0,0.9000000134110451,0.4000000059604645,True,False,False,1666.6666278839111,1666.6666666666667,1671.77978515625,1671.874755859375,0.0,0.0,0.0,1.2465134859085083,3.866643786430359,0.0,0.0,0.0,1666.6666278839111,0.0
186,0.19919807692686045,0.15941757809221097,0.0,0.800000011920929,0.7000000104308128,True,False,False,1666.6666731834412,1666.6666666666667,1672.576904296875,1672.6317138671875,0.0,0.0,0.0,1.9932795763015747,3.916951537132263,0.0,0.0,0.0,1666.6666731834412,0.0
187,0.20143019709072857,0.1714301941305798,0.0,0.800000011920929,,True,False,False,1666.6666660308838,1666.6666666666667,1672.5953369140625,1672.5233154296875,0.0,0.0,0.0,1.7237077951431274,4.2049630880355835,0.0,0.0,0.0,1666.6666660308838,0.0
188,0.33209054194158405,0.2992943204082703,0.0,0.9000000134110451,,True,False,False,1666.666663646698,1666.6666666666667,1672.9342041015625,1672.9537353515625,0.0,0.0,0.0,1.666602611541748,4.600937843322754,0.0,0.0,0.0,1666.666663646698,0.0
189,0.19696798089509465,0.15964260512013728,0.0,0.9000000134110451,,True,False,False,1666.6666059494019,1666.6666666666667,1672.23583984375,1672.1368408203125,0.0,0.0,0.0,1.6628367900848389,3.9063971042633057,0.0,0.0,0.0,1666.6666059494019,0.0
190,0.392749453790497,0.36274945083034965,0.0,0.6000000089406967,0.5000000074505806,True,False,False,1666.6793475151062,1666.679287646209,1672.765869140625,1672.5238037109375,0.0,0.0,0.0,1.8045974969863892,4.28192412853241,0.0,0.0,0.0,1666.6793475151062,7.572587725483637e-06
191,0.2602777699041807,0.22272512722791493,0.036844858791882776,,,True,True,False,0.0,0.0,5.762331485748291,5.923123836517334,0.015644026920199394,0.0,0.0,1.7721751928329468,3.9901562929153442,0.0,0.0,0.0,0.0,0.0
192,0.3111071634226068,0.27597718526671944,0.0,0.7000000104308128,0.6000000089406967,True,False,False,1666.7219848632812,1666.7219404102034,1672.537109375,1672.517578125,0.0,0.018776416778564453,0.0,1.6288114786148071,4.167536616325378,0.0,0.0,0.0,1666.7219848632812,3.316424612197932e-05
193,0.30133049036556603,0.2601698084196338,0.0,0.800000011920929,0.7000000104308128,True,False,False,1666.666612625122,1666.6666666666667,1672.072265625,1672.038818359375,0.0,0.0,0.0,1.8661143779754639,3.539538621902466,0.0,0.0,0.0,1666.666612625122,0.0
194,0.17214517254385586,0.14214516958370715,0.014408903814911916,,0.9000000134110451,True,False,False,0.5,0.5,6.8778486251831055,6.92415189743042,0.0005561756552197039,0.0,0.0,1.886553168296814,4.4912954568862915,0.0,0.0,0.0,0.5,0.0
195,0.14880521086682907,0.11880520790668117,0.0,0.800000011920929,0.7000000104308128,True,False,False,1666.6665649414062,1666.6666666666667,1672.441162109375,1672.526123046875,0.0,0.0,0.0,1.464168906211853,4.310428261756897,0.0,0.0,0.0,1666.6665649414062,0.0
196,0.29869626087142276,0.25719156297747503,0.0,0.9000000134110451,,True,False,False,1666.6666617393494,1666.6666666666667,1672.072021484375,1672.0703125,0.0,0.0,0.0,1.7758374214172363,3.6295223236083984,0.0,0.0,0.0,1666.6666617393494,0.0
197,0.27474867817654786,0.23714681569827972,0.0,0.9000000134110451,0.30000000447034836,True,False,False,1666.6666479110718,1666.6666666666667,1672.351318359375,1672.255126953125,0.0,0.0,0.0,1.6731187105178833,4.011551737785339,0.0,0.0,0.0,1666.6666479110718,0.0
198,0.48280358686171265,0.4501165451329303,0.0,0.800000011920929,0.7000000104308128,True,False,False,1666.672752380371,1666.6727213372542,1673.0545654296875,1672.952880859375,0.0,0.0,0.0,2.0787594318389893,4.303053617477417,0.0,0.0,0.0,1666.672752380371,3.6328023524744433e-06
199,0.21797731331037706,0.18460300705326738,0.0,0.9000000134110451,,True,False,False,1666.6666083335876,1666.6666666666667,1672.7496337890625,1672.8543701171875,0.0,0.0,0.0,1.6712851524353027,4.411740303039551,0.0,0.0,0.0,1666.6666083335876,0.0
200,0.170050038456898,0.1400500354967494,0.0,0.9000000134110451,,True,False,False,1666.6665744781494,1666.6666666666667,1672.149658203125,1672.3704833984375,0.0,0.0,0.0,1.4616588354110718,4.021424889564514,0.0,0.0,0.0,1666.6665744781494,0.0
201,0.2756721440906657,0.24421951346259654,0.0,0.4000000059604645,,True,False,False,1666.801489830017,1666.8014669753823,1672.8409423828125,1672.9603271484375,0.0,0.0,0.0,1.3229857683181763,4.716466784477234,0.0,0.0,0.0,1666.801489830017,8.088018522934838e-05
202,0.2562340607062906,0.2252014587129562,0.0,0.7000000104308128,0.6000000089406967,True,False,False,1666.6955451965332,1666.6955453367834,1672.5562744140625,1672.4288330078125,0.0,0.0,0.0,1.7243303060531616,4.136398911476135,0.0,0.0,0.0,1666.6955451965332,1.7327202069963445e-05
203,0.3419815918184197,0.3000022585177131,0.0,0.9000000134110451,,True,False,False,1666.6665978431702,1666.6666666666667,1672.0718994140625,1672.03515625,0.0,0.0,0.0,2.0333220958709717,3.3719794750213623,0.0,0.0,0.0,1666.6665978431702,0.0
204,0.32009648286702586,0.28615342206690375,0.007465744010879205,,0.9000000134110451,True,False,False,0.5,0.5,6.630875587463379,6.793999671936035,0.0008582753362134099,0.0,0.0,2.025888681411743,4.104986906051636,0.0,0.0,0.0,0.5,0.0
205,0.19862824070099983,0.1602098902915694,0.0,0.9000000134110451,0.800000011920929,True,False,False,1666.6666374206543,1666.6666666666667,1672.3358154296875,1672.3961181640625,0.0,0.0,0.0,1.5901012420654297,4.079076766967773,0.0,0.0,0.0,1666.6666374206543,0.0
206,0.31163207740519727,0.28162146820873674,0.0,0.9000000134110451,,True,False,False,1666.6666841506958,1666.6666666666667,1673.2911376953125,1673.0711669921875,0.0,0.0,0.0,2.1373772621154785,4.487076282501221,0.0,0.0,0.0,1666.6666841506958,0.0
207,0.23547628005968363,0.2054762770995354,0.0,0.7000000104308128,,True,False,False,1666.666790485382,1666.6667489004346,1672.2098388671875,1672.0706787109375,0.0,0.0,0.0,1.5118001699447632,4.031248211860657,0.0,0.0,0.0,1666.666790485382,4.9340260775748435e-08
208,0.19710573158117306,0.16364958004318364,0.0,0.9000000134110451,0.7000000104308128,True,False,False,1666.6665906906128,1666.6666666666667,1672.781494140625,1672.880859375,0.0,0.14912281930446625,0.0,1.09620501101017,4.869575619697571,0.0,0.0,0.0,1666.6665906906128,0.0
209,0.18469106954841624,0.15045121945142897,0.0,0.7000000104308128,,True,False,False,1666.6666812896729,1666.6666666666667,1672.0401611328125,1672.126708984375,0.0,0.0,0.0,1.4949769973754883,3.87850284576416,0.0,0.0,0.0,1666.6666812896729,0.0
210,0.2775042969833102,0.24692022396508045,0.0,0.9000000134110451,,True,False,False,1666.6666703224182,1666.6666666666667,1672.86376953125,1672.8990478515625,0.0,0.0,0.0,1.669608235359192,4.527490973472595,0.0,0.0,0.0,1666.6666703224182,0.0
211,0.22836887123846683,0.18892084020140842,0.0,0.9000000134110451,0.800000011920929,True,False,False,1666.6666011810303,1666.6666666666667,1671.9527587890625,1672.0841064453125,0.0,0.0,0.0,1.4655382633209229,3.8206193447113037,0.0,0.0,0.0,1666.6666011810303,0.0
212,0.262414004477751,0.2208519800782264,0.050490778858629376,,,True,True,False,0.0,0.0,5.988487720489502,5.9718804359436035,0.01329738087952137,0.0,0.0,1.9985346794128418,3.98995304107666,0.0,0.0,0.0,0.0,0.0
213,0.1812908263013451,0.15129082334119595,0.0,0.9000000134110451,0.800000011920929,True,False,False,1666.66667842865,1666.6666666666667,1672.29541015625,1672.406494140625,0.0,0.0,0.0,1.2560970783233643,4.372634649276733,0.0,0.0,0.0,1666.66667842865,0.0
214,0.3588354568750436,0.3250356616743515,0.0,0.5000000074505806,,True,False,False,1667.0468635559082,1667.0468901476095,1673.3857421875,1673.358642578125,0.0,0.0,0.0,1.4867476224899292,4.852131009101868,0.0,0.0,0.0,1667.0468635559082,0.00022813408856565894
215,0.33403384215547005,0.30403383919532123,0.0,0.7000000104308128,,True,False,False,1666.6669130325317,1666.666813381771,1673.1236572265625,1673.067138671875,0.0,0.0,0.0,1.670721173286438,4.786023020744324,0.0,0.0,0.0,1666.6669130325317,8.802906254116211e-08
216,0.2696323197255186,0.22937382154318886,0.0,0.800000011920929,0.7000000104308128,True,False,False,1666.803861618042,1666.8038066758952,1671.8175048828125,1671.9744873046875,0.0,0.0,0.0,1.307321548461914,3.7063217163085938,0.0,0.0,0.0,1666.803861618042,8.228400553711001e-05
217,0.28753574100404666,0.25280216886805107,0.0,0.6000000089406967,0.4000000059604645,True,False,False,1666.6666049957275,1666.6666666666667,1672.5477294921875,1672.5408935546875,0.0,0.015200949274003506,0.0,1.4863734478130937,4.379550099372864,0.0,0.0,0.0,1666.6666049957275,0.0
218,0.09352124260972428,0.05131746050173369,0.00030548028012879745,,0.9000000134110451,True,False,False,0.5,0.5,6.410984516143799,6.5598835945129395,0.0018730283482000232,0.0,0.0,2.266390085220337,3.644594430923462,0.0,0.0,0.0,0.5,0.0
219,0.3379349831157166,0.3071657609562387,0.0,0.7000000104308128,,True,False,False,1666.6678586006165,1666.667825856656,1672.7108154296875,1672.67041015625,0.0,0.0,0.0,1.58653724193573,4.456419587135315,0.0,0.0,0.0,1666.6678586006165,6.95513993538345e-07
220,0.2697981552431577,0.22737174700585722,0.056989720410168546,,,True,True,False,0.0,0.0,5.75592565536499,5.756521701812744,0.027260253205895424,0.0,0.0,2.252406358718872,3.503519296646118,0.0,0.0,0.0,0.0,0.0
221,0.22152904277148,0.18077015494363202,0.0,0.800000011920929,,True,False,False,1666.666594028473,1666.6666666666667,1672.2257080078125,1672.19921875,0.0,0.0,0.0,1.7365310192108154,3.822582960128784,0.0,0.0,0.0,1666.666594028473,0.0
222,0.2955508584600679,0.2566970882649695,0.0,0.9000000134110451,0.800000011920929,True,False,False,1666.6666622161865,1666.6666666666667,1671.962646484375,1671.934326171875,0.0,0.0,0.0,1.5083370208740234,3.787647247314453,0.0,0.0,0.0,1666.6666622161865,0.0
223,0.18783572598554343,0.14549878591403864,0.01943593244343422,,0.9000000134110451,True,False,False,0.5,0.5,6.117392063140869,6.125485897064209,0.007968919351696968,0.0,0.0,2.252998113632202,3.364393949508667,0.0,0.0,0.0,0.5,0.0
224,0.17120430069127057,0.14082901971561604,0.0,0.7000000104308128,,True,False,False,1666.675039768219,1666.6750601325555,1671.884033203125,1671.967041015625,0.0,0.0,0.0,1.3123708963394165,3.8966225385665894,0.0,0.0,0.0,1666.675039768219,5.036079533282675e-06
225,0.03789229888385748,0.0,0.0,0.800000011920929,0.7000000104308128,False,False,False,1666.6742448806763,1666.6742128763465,1671.25634765625,1671.4381103515625,0.0,0.004871940705925226,0.0,1.1558599709533155,3.4213708639144897,0.0,0.0,0.0,1666.6742448806763,4.527725807779241e-06
226,0.1330275822257037,0.09060117398840323,0.0,0.800000011920929,,True,False,False,1666.6693325042725,1666.6693666708422,1672.147705078125,1672.2060546875,0.0,0.019770026206970215,0.0,1.8386703729629517,3.619932174682617,0.0,0.0,0.0,1666.6693325042725,1.6200025053286575e-06
227,0.3949441926479047,0.36494418968775694,0.0,0.30000000447034836,,True,False,False,1666.7817115783691,1666.7817810656325,1672.511962890625,1672.3939208984375,0.0,0.0,0.0,1.4260461330413818,4.3042051792144775,0.0,0.0,0.0,1666.7817115783691,6.906863937936901e-05
228,0.2914625000422566,0.2543977968052653,0.0,0.9000000134110451,,True,False,False,1666.6665935516357,1666.6666666666667,1672.626953125,1672.5623779296875,0.0,0.0,0.0,1.8992555141448975,4.06110405921936,0.0,0.0,0.0,1666.6665935516357,0.0
229,0.2989296369559808,0.26892963399583236,0.0,0.6000000089406967,0.5000000074505806,True,False,False,1666.8427519798279,1666.8428336478312,1672.79150390625,1672.7236328125,0.0,0.0,0.0,1.4372193813323975,4.511532545089722,0.0,0.0,0.0,1666.8427519798279,0.00010570018869860845
230,0.056759699257123764,0.014821543824805161,0.0158096403642151,,0.9000000134110451,True,False,False,0.5,0.5,5.740362167358398,5.918727397918701,0.01587497629225254,0.0,0.0,1.9021551609039307,3.3382070064544678,0.0,0.0,0.0,0.5,0.0
231,0.19545773435328959,0.1530313261159887,0.0,0.9000000134110451,0.800000011920929,True,False,False,1666.6665902137756,1666.6666666666667,1672.220458984375,1672.2047119140625,0.0,0.0,0.0,1.9649271965026855,3.5889415740966797,0.0,0.0,0.0,1666.6665902137756,0.0
232,0.0,0.0,0.0,0.800000011920929,0.6000000089406967,False,False,False,1666.668420791626,1666.6684550483405,1672.3106689453125,1672.406005859375,0.0,0.02770519256591797,0.0,1.5706613063812256,4.04388165473938,0.0,0.0,0.0,1666.668420791626,1.073029004243413e-06
233,0.09673590301133914,0.06673590005119039,0.0,0.9000000134110451,,True,False,False,1666.6666202545166,1666.6666666666667,1672.0657958984375,1672.2437744140625,0.0,0.0,0.0,1.2044256925582886,4.19474995136261,0.0,0.0,0.0,1666.6666202545166,0.0
234,0.3627224631942215,0.33186114690864227,0.0,0.800000011920929,0.5000000074505806,True,False,False,1666.677405834198,1666.6773447483697,1673.2955322265625,1673.177490234375,0.0,0.0,0.0,1.6558412313461304,4.962285161018372,0.0,0.0,0.0,1666.677405834198,6.4068490217726966e-06
235,0.15892212929195715,0.11996044244165116,0.0,0.4000000059604645,0.30000000447034836,True,False,False,1666.6713128089905,1666.6712488614671,1672.418701171875,1672.3043212890625,0.0,0.0,0.0,1.4960960149765015,4.25129234790802,0.0,0.0,0.0,1666.6713128089905,2.74931688025558e-06
236,0.27173290259282545,0.23377152499366538,0.0,0.800000011920929,0.7000000104308128,True,False,False,1666.6711792945862,1666.6710850878517,1671.6800537109375,1671.7139892578125,0.0,0.0,0.0,1.1327987909317017,3.8760756254196167,0.0,0.0,0.0,1666.6711792945862,2.6510527110245157e-06
237,0.0,0.0,0.0,0.800000011920929,0.7000000104308128,False,False,False,1666.6666841506958,1666.6666666666667,1672.823486328125,1672.8453369140625,0.0,0.0,0.0,1.577607274055481,4.579194903373718,0.0,0.0,0.0,1666.6666841506958,0.0
238,0.2856706949453853,0.2556706919852361,0.0,0.9000000134110451,,True,False,False,1666.666585445404,1666.6666666666667,1672.73681640625,1672.733154296875,0.0,0.0,0.0,1.7563600540161133,4.313870906829834,0.0,0.0,0.0,1666.666585445404,0.0
239,0.24199983522338062,0.19992142918008918,0.00905012646258203,,0.9000000134110451,True,False,False,0.5,0.5,6.080981254577637,6.146011829376221,0.007441922090947628,0.0,0.0,1.862625241279602,3.7183560132980347,0.0,0.0,0.0,0.5,0.0
240,0.18600537441690435,0.14416885331633367,0.0,0.800000011920929,,True,False,False,1666.6665687561035,1666.6666666666667,1671.862548828125,1671.9322509765625,0.0,0.0,0.0,1.7678966522216797,3.4280834197998047,0.0,0.0,0.0,1666.6665687561035,0.0
241,0.16394735128085983,0.12982282267366324,0.0,0.6000000089406967,,True,False,False,1666.6730313301086,1666.6729666031401,1671.8057861328125,1671.6607666015625,0.0,0.0,0.0,1.4497259855270386,3.683028817176819,0.0,0.0,0.0,1666.6730313301086,3.779961884101021e-06
242,0.12555549753099626,0.08695040085061834,0.0,0.800000011920929,0.6000000089406967,True,False,False,1666.6665868759155,1666.6666666666667,1672.3740234375,1672.438720703125,0.0,0.0,0.0,1.570357322692871,4.137079238891602,0.0,0.0,0.0,1666.6665868759155,0.0
243,0.2180994143617874,0.17567300612448689,0.0,0.9000000134110451,0.800000011920929,True,False,False,1666.6666235923767,1666.6666666666667,1672.5733642578125,1672.4630126953125,0.0,0.0,0.0,2.154428005218506,3.752312660217285,0.0,0.0,0.0,1666.6666235923767,0.0
244,0.34490657881701825,0.31073314783450456,0.013560373774380727,,0.9000000134110451,True,False,False,0.5,0.5,7.011151313781738,6.938879489898682,0.0005295313894748688,0.0,0.0,1.8657766580581665,4.645374655723572,0.0,0.0,0.0,0.5,0.0
245,0.11221436145082997,0.07726629308552901,0.0,0.7000000104308128,,True,False,False,1667.055380821228,1667.055368330152,1673.2596435546875,1673.2896728515625,0.0,0.0,0.0,1.1530375480651855,5.051225185394287,0.0,0.0,0.0,1667.055380821228,0.000233220998091237
246,0.29635543057801234,0.26085389841746626,0.0,0.9000000134110451,,True,False,False,1666.666630744934,1666.6666666666667,1672.9749755859375,1672.9698486328125,0.0,0.0,0.0,2.0222067832946777,4.28613805770874,0.0,0.0,0.0,1666.666630744934,0.0
247,0.33432201706503645,0.2949187815882225,0.0,0.800000011920929,0.7000000104308128,True,False,False,1666.666639328003,1666.6666666666667,1672.322265625,1672.2408447265625,0.0,0.0,0.0,1.7990378141403198,3.8565884828567505,0.0,0.0,0.0,1666.666639328003,0.0
248,0.265326273691489,0.23177812111083984,0.0,0.800000011920929,,True,False,False,1666.666642665863,1666.6666666666667,1672.8831787109375,1672.83056640625,0.0,0.0,0.0,1.4306774139404297,4.785858631134033,0.0,0.0,0.0,1666.666642665863,0.0
249,0.35380588286673476,0.31808029724427284,0.0,0.800000011920929,,True,False,False,1666.6665892601013,1666.6666666666667,1672.106689453125,1672.038818359375,0.0,0.035911060869693756,0.0,1.384642980992794,4.019546151161194,0.0,0.0,0.0,1666.6665892601013,0.0
250,0.23247581961537575,0.19464047566687756,0.0,0.4000000059604645,0.30000000447034836,True,False,False,1666.6858673095703,1666.6858696027143,1672.288330078125,1672.2806396484375,0.0,0.0,0.0,1.7160407304763794,3.886422038078308,0.0,0.0,0.0,1666.6858673095703,1.1521761628589375e-05
251,0.19579809128321912,0.16029802881741428,0.011581222986198481,,0.9000000134110451,True,False,False,0.5,0.5,6.663665294647217,6.7336955070495605,0.0010493634035810828,0.0,0.0,2.0104763507843018,4.153188943862915,0.0,0.0,0.0,0.5,0.0
252,0.17866495550653205,0.1442017447727837,0.0,0.9000000134110451,0.7000000104308128,True,False,False,1666.6666688919067,1666.6666666666667,1673.04150390625,1673.03076171875,0.0,0.0,0.0,1.4826412200927734,4.892193794250488,0.0,0.0,0.0,1666.6666688919067,0.0
253,0.1873983344115364,0.1532868859674495,0.0,0.7000000104308128,0.6000000089406967,True,False,False,1666.6928706169128,1666.692894542209,1672.2198486328125,1672.318359375,0.0,0.0,0.0,1.398963212966919,4.128014802932739,0.0,0.0,0.0,1666.6928706169128,1.5736725325352975e-05
254,0.20378024842442505,0.16866875508273946,0.0,0.9000000134110451,0.800000011920929,True,False,False,1666.6666493415833,1666.6666666666667,1672.929443359375,1672.865478515625,0.0,0.0,0.0,1.8346196413040161,4.428174376487732,0.0,0.0,0.0,1666.6666493415833,0.0
255,0.2143275028038314,0.17421546005731248,0.0,0.800000011920929,,True,False,False,1666.6666688919067,1666.6666666666667,1671.7117919921875,1671.718017578125,0.0,0.0,0.0,1.4712245464324951,3.5738985538482666,0.0,0.0,0.0,1666.6666688919067,0.0
256,0.26894961184766203,0.2389496088875143,0.0,0.9000000134110451,,True,False,False,1666.6666536331177,1666.6666666666667,1673.167236328125,1673.147216796875,0.0,0.0,0.0,1.8118735551834106,4.688709139823914,0.0,0.0,0.0,1666.6666536331177,0.0
257,0.1763941315251368,0.1463941285649885,0.0,0.7000000104308128,0.30000000447034836,True,False,False,1666.7891001701355,1666.789002174325,1672.467041015625,1672.4190673828125,0.0,0.009819007478654385,0.0,1.2105314964428544,4.457590341567993,0.0,0.0,0.0,1666.7891001701355,7.340130459502834e-05
258,0.34329896902197576,0.3038825758542961,0.0,0.800000011920929,0.7000000104308128,True,False,False,1666.6666684150696,1666.6666666666667,1672.2587890625,1672.2789306640625,0.0,0.0,0.0,1.6725990772247314,3.9195215702056885,0.0,0.0,0.0,1666.6666684150696,0.0
259,0.26024514117072584,0.2302451382105772,0.03242683949623854,,,True,True,False,0.0,0.0,6.4902191162109375,6.459554672241211,0.0026168893091380596,0.0,0.0,1.9018073081970215,4.588411808013916,0.0,0.0,0.0,0.0,0.0
260,0.34557852365560837,0.3113731302222069,0.0,0.9000000134110451,0.800000011920929,True,False,False,1666.6666340827942,1666.6666666666667,1672.8399658203125,1672.8743896484375,0.0,0.0,0.0,1.5117515325546265,4.661580204963684,0.0,0.0,0.0,1666.6666340827942,0.0
261,0.25639892936323266,0.21408139068201348,0.007038010617481288,,0.9000000134110451,True,False,False,0.5,0.5,6.512909412384033,6.4609808921813965,0.0026044780388474464,0.0,0.0,2.0895638465881348,3.9233455657958984,0.0,0.0,0.0,0.5,0.0
262,0.19569810997927453,0.1656981070191259,0.0,0.800000011920929,,True,False,False,1666.6693506240845,1666.6692521638984,1671.8280029296875,1671.898681640625,0.0,0.0,0.0,1.1715672016143799,3.9870851039886475,0.0,0.0,0.0,1666.6693506240845,1.5512983389129984e-06
263,0.17509964006079176,0.14509963710064328,0.0,0.9000000134110451,0.800000011920929,True,False,False,1666.666676044464,1666.6666666666667,1672.4288330078125,1672.4564208984375,0.0,0.006476163864135742,0.0,1.248164176940918,4.507516622543335,0.0,0.0,0.0,1666.666676044464,0.0
264,0.1354534751026708,0.09997244309719644,0.0,0.9000000134110451,,True,False,False,1666.6666865348816,1666.6666666666667,1671.979736328125,1672.1280517578125,0.0,0.0,0.0,1.3889846801757812,3.924065113067627,0.0,0.0,0.0,1666.6666865348816,0.0
265,0.1288928448988882,0.09576528765398784,0.0,0.9000000134110451,0.800000011920929,True,False,False,1666.6666026115417,1666.6666666666667,1672.5372314453125,1672.478759765625,0.0,0.0,0.0,1.487002968788147,4.383625864982605,0.0,0.0,0.0,1666.6666026115417,0.0
266,0.32211053026769587,0.2913928844269477,0.0178698784481957,,0.9000000134110451,True,False,False,0.5,0.5,6.782857418060303,6.666092395782471,0.0013145934790372849,0.0,0.0,1.9149158000946045,4.367941617965698,0.0,0.0,0.0,0.5,0.0
267,0.30410778830565566,0.2625484064464682,0.0,0.9000000134110451,,True,False,False,1666.6666831970215,1666.6666666666667,1672.1502685546875,1671.9761962890625,0.0,0.0,0.0,1.8933939933776855,3.59019136428833,0.0,0.0,0.0,1666.6666831970215,0.0
268,0.31317523936741054,0.27225067545617065,0.0,0.800000011920929,,True,False,False,1666.6665706634521,1666.6666666666667,1671.700439453125,1671.635986328125,0.0,0.0,0.0,1.9816384315490723,3.0522303581237793,0.0,0.0,0.0,1666.6665706634521,0.0
269,0.18000760657343484,0.141586679370171,0.0,0.800000011920929,0.7000000104308128,True,False,False,1666.666609287262,1666.6666666666667,1672.3546142578125,1672.391845703125,0.0,0.0,0.0,1.4712961912155151,4.216708779335022,0.0,0.0,0.0,1666.666609287262,0.0
270,0.3527513733546357,0.31517416247474195,0.03253343225576185,,,True,True,False,0.0,0.0,5.9783477783203125,5.86789608001709,0.018806109204888344,0.0,0.0,2.016962766647339,3.9613850116729736,0.0,0.0,0.0,0.0,0.0
271,0.38696617009944845,0.34746458931430446,0.0,0.9000000134110451,,True,False,False,1666.6666045188904,1666.6666666666667,1672.8037109375,1672.5677490234375,0.0,0.0,0.0,2.142852783203125,3.994253635406494,0.0,0.0,0.0,1666.6666045188904,0.0
272,0.18134361419147904,0.15134361123133103,0.0,0.6000000089406967,0.5000000074505806,True,False,False,1666.7652707099915,1666.7652941867934,1672.2313232421875,1672.325927734375,0.0,0.0,0.0,1.2215676307678223,4.244484901428223,0.0,0.0,0.0,1666.7652707099915,5.917651207594678e-05
273,0.31464622567526085,0.28464622271511203,0.01405973057140425,,0.4000000059604645,True,False,False,0.5,0.5,7.1536712646484375,7.017944812774658,0.00040684861596673727,0.0,0.0,1.998763084411621,4.654908180236816,0.0,0.0,0.0,0.5,0.0
274,0.20933374836270938,0.17634578444577603,0.0,0.6000000089406967,,True,False,False,1666.689576625824,1666.689578144794,1672.4703369140625,1672.5123291015625,0.0,0.0,0.0,1.6194247007369995,4.161335587501526,0.0,0.0,0.0,1666.689576625824,1.3746886876403437e-05
275,0.09442314899201669,0.05860410921740323,0.06598655968692031,,,True,True,False,0.0,0.0,5.782329082489014,5.886002063751221,0.017704671248793602,0.0,0.0,2.032423734664917,3.7499053478240967,0.0,0.0,0.0,0.0,0.0
276,0.07820754863377473,0.04820754567362642,0.0,0.9000000134110451,,True,False,False,1666.6665840148926,1666.6666666666667,1672.4144287109375,1672.36669921875,0.0,0.02577507495880127,0.0,1.7750741243362427,3.946995496749878,0.0,0.0,0.0,1666.6665840148926,0.0
277,0.35307454331781707,0.3230745403576684,0.0,0.9000000134110451,0.800000011920929,True,False,False,1666.6666464805603,1666.6666666666667,1673.1759033203125,1673.056640625,0.0,0.0,0.0,1.9300652742385864,4.579191565513611,0.0,0.0,0.0,1666.6666464805603,0.0
278,0.24998011847618606,0.21637082891637247,0.0,0.9000000134110451,,True,False,False,1666.6665997505188,1666.6666666666667,1672.46630859375,1672.4571533203125,0.0,0.0038201571442186832,0.0,1.5490155457518995,4.246873140335083,0.0,0.0,0.0,1666.6665997505188,0.0
279,0.25901662447075324,0.2166606846640695,0.0,0.7000000104308128,0.6000000089406967,True,False,False,1666.757586479187,1666.7575662960903,1671.8714599609375,1671.837646484375,0.0,0.0,0.0,1.6967648267745972,3.417108654975891,0.0,0.0,0.0,1666.757586479187,5.4539777654131005e-05
280,0.19618530431883396,0.15592123147002201,0.026817595726392213,,,True,True,False,0.0,0.0,5.49416971206665,5.516118049621582,0.060750484466552734,0.0,0.0,1.7309337854385376,3.763235926628113,0.0,0.0,0.0,0.0,0.0
281,0.017424909628688433,0.0,0.02671409798481133,,,False,True,False,0.0,0.0,5.718379974365234,5.788112163543701,0.02453567273914814,0.0,0.0,1.8127185106277466,3.905661463737488,0.0,0.0,0.0,0.0,0.0
282,0.3397646336848997,0.30976463072475124,0.0,0.9000000134110451,,True,False,False,1666.6666326522827,1666.6666666666667,1672.9068603515625,1672.881591796875,0.0,0.0,0.0,1.7455414533615112,4.494686245918274,0.0,0.0,0.0,1666.6666326522827,0.0
283,0.09661768312762042,0.0661159625119998,0.0,0.800000011920929,,True,False,False,1666.6666803359985,1666.6666666666667,1672.3724365234375,1672.3408203125,0.0,0.0,0.0,1.084357738494873,4.621398448944092,0.0,0.0,0.0,1666.6666803359985,0.0
284,0.11558998786688947,0.07316357962958875,0.0,0.9000000134110451,,True,False,False,1666.6666469573975,1666.6666666666667,1672.077392578125,1672.1976318359375,0.0,0.0719945952296257,0.0,1.87855214625597,3.4601988792419434,0.0,0.0,0.0,1666.6666469573975,0.0
285,0.1804495029808582,0.15044950002070984,0.0,0.9000000134110451,0.800000011920929,True,False,False,1666.666630268097,1666.6666666666667,1672.05419921875,1672.13623046875,0.0,0.0,0.0,1.2263585329055786,4.161210417747498,0.0,0.0,0.0,1666.666630268097,0.0
286,0.2145603164940557,0.1845603135339072,0.0,0.9000000134110451,0.800000011920929,True,False,False,1666.6666827201843,1666.6666666666667,1672.15576171875,1672.1705322265625,0.0,0.0,0.0,1.444949984550476,4.044129014015198,0.0,0.0,0.0,1666.6666827201843,0.0
287,0.16643504840875567,0.13119106062470648,0.0,0.7000000104308128,,True,False,False,1666.6870284080505,1666.686969096674,1671.87890625,1671.8961181640625,0.0,0.0,0.0,1.310477375984192,3.881400465965271,0.0,0.0,0.0,1666.6870284080505,1.2181458004262263e-05
288,0.0963599815482219,0.06267311305625789,0.0,0.6000000089406967,,True,False,False,1666.7808747291565,1666.7808561209024,1672.7642822265625,1672.656005859375,0.0,0.0,0.0,1.2567365169525146,4.726670980453491,0.0,0.0,0.0,1666.7808747291565,6.851367254141863e-05
289,0.17775559769760996,0.14098147736159028,0.0,0.5000000074505806,0.4000000059604645,True,False,False,1666.6666264533997,1666.6666666666667,1671.93603515625,1672.002685546875,0.0,0.0,0.0,1.3790905475616455,3.8903181552886963,0.0,0.0,0.0,1666.6666264533997,0.0
290,0.2637649933181017,0.22906772272431972,0.0,0.800000011920929,0.7000000104308128,True,False,False,1666.6665725708008,1666.6666666666667,1672.2359619140625,1672.2659912109375,0.0,0.0,0.0,1.538748860359192,4.030640482902527,0.0,0.0,0.0,1666.6665725708008,0.0
291,0.25915346334007044,0.22533293901372262,0.0,0.7000000104308128,,True,False,False,1666.685544013977,1666.685489350239,1671.9310302734375,1672.0103759765625,0.0,0.021876050159335136,0.0,1.3060869444161654,3.9175232648849487,0.0,0.0,0.0,1666.685544013977,1.1293610143446956e-05
292,0.15547351286578778,0.12547350990563946,0.0,0.9000000134110451,,True,False,False,1666.6666350364685,1666.6666666666667,1672.523193359375,1672.643310546875,0.0,0.0,0.0,1.3971692323684692,4.459389090538025,0.0,0.0,0.0,1666.6666350364685,0.0
293,0.23037028721188868,0.19320407015736674,0.0,0.800000011920929,0.7000000104308128,True,False,False,1666.666594028473,1666.6666666666667,1671.9149169921875,1671.9656982421875,0.0,0.023672033101320267,0.0,1.5560941211879253,3.668556809425354,0.0,0.0,0.0,1666.666594028473,0.0
294,0.24101557438398924,0.20169002304728156,0.0,0.9000000134110451,0.800000011920929,True,False,False,1666.6666598320007,1666.6666666666667,1672.0390625,1672.1187744140625,0.0,0.0,0.0,1.4918659925460815,3.880536675453186,0.0,0.0,0.0,1666.6666598320007,0.0
295,0.2897338287959368,0.24885614883765875,0.0,0.800000011920929,0.6000000089406967,True,False,False,1666.7168521881104,1666.7168308317603,1672.1622314453125,1672.2353515625,0.0,0.0,0.0,1.609912633895874,3.8354666233062744,0.0,0.0,0.0,1666.7168521881104,3.009849905609971e-05
296,0.2771701709583727,0.2355545556717269,0.0,0.800000011920929,,True,False,False,1666.7113270759583,1666.7113273389132,1671.828369140625,1671.8726806640625,0.0,0.0,0.0,1.6347068548202515,3.4823352098464966,0.0,0.0,0.0,1666.7113270759583,2.6796403347868095e-05
297,0.2583501429920129,0.22835014003186424,0.0,0.800000011920929,0.7000000104308128,True,False,False,1666.7529382705688,1666.7528874126965,1672.713134765625,1672.604248046875,0.0,0.0,0.0,1.4182322025299072,4.541964292526245,0.0,0.0,0.0,1666.7529382705688,5.1732447617819857e-05
298,0.2682635931691184,0.22922134771915736,0.019074374342737586,,0.9000000134110451,True,False,False,0.5,0.5,6.386188983917236,6.302752494812012,0.004413466434925795,0.0,0.0,1.8442438840866089,4.041945099830627,0.0,0.0,0.0,0.5,0.0
299,0.11660791668679497,0.07418150844949419,0.0,0.800000011920929,0.5000000074505806,True,False,False,1666.6666259765625,1666.6666666666667,1671.8433837890625,1672.009765625,0.0,0.0,0.0,1.593069314956665,3.583688497543335,0.0,0.0,0.0,1666.6666259765625,0.0
