index,joint_safe_3s,hard_v1,body_gap_3s_m,padded_gap_3s_m,static_collision,standard_score,original_v1_score,original_overlap_mean,truth_overlap_mean,truth_near_count_9,truth_min_padded_gap_9_m,baseline_total,truth_overlap_total,truth_near_total
0,0,1,0.0,0.0,1,503.1324462890625,1848.77294921875,0.10926374898544935,0.007835919036267512,7,0.0,2352.052490234375,2183.006103515625,2173.446533203125
1,0,1,0.0,0.0,0,4.2606425285339355,1854.063232421875,0.1124379270554711,0.007872121300143989,7,0.0,1858.43017578125,1684.15380859375,1674.53369140625
2,0,1,0.0,0.0,1,502.95709228515625,1844.03369140625,0.1064202286568269,0.0017475750658774792,7,0.0,2346.679931640625,2172.2255859375,2172.81298828125
3,0,1,0.0,0.0,0,2.470552682876587,1844.4881591796875,0.10669286155156282,0.0032090162187635237,6,0.0,1846.8695068359375,1674.396484375,1672.048095703125
4,0,1,0.047721363553154816,0.0053196650250768585,0,3.4167098999023438,1810.6165771484375,0.08636994913196001,0.0,1,0.0053196650250768585,1814.2596435546875,1670.3096923828125,1670.8096923828125
5,1,1,0.06471893693764064,0.03471893397749175,0,4.251821517944336,1814.90625,0.08894372745014138,0.0,0,0.03471893397749175,1819.373046875,1671.133544921875,1671.133544921875
6,0,1,0.0,0.0,0,3.4339489936828613,1833.8541259765625,0.10031250336030059,0.0007249145827861647,4,0.0,1837.5382080078125,1671.558837890625,1672.3507080078125
7,0,1,0.0,0.0,1,502.84185791015625,1845.30029296875,0.10718015192213823,0.002851190332962689,7,0.0,2348.4287109375,2174.547119140625,2173.295166015625
8,0,1,0.020469670184653843,0.0,1,503.1712341308594,1829.271728515625,0.0975630172806844,0.0001940576431186185,4,0.0,2332.451416015625,2170.169921875,2171.846435546875
9,0,1,0.040372281989034815,0.010279253781348472,0,3.5977492332458496,1821.0811767578125,0.09264867352871368,0.0,2,0.010279253781348472,1824.5960693359375,1670.181640625,1671.181640625
10,0,1,0.0,0.0,0,2.5627858638763428,1837.569580078125,0.10254176426232503,0.0006768504670557938,5,0.0,1840.0689697265625,1670.2940673828125,1671.666015625
11,0,1,0.0,0.0,0,2.863434076309204,1840.316162109375,0.10418966776744731,0.0018511153675410629,6,0.0,1843.234130859375,1672.669921875,1672.584716796875
12,0,1,0.0,0.0,0,4.109471797943115,1840.3662109375,0.1042197197641185,0.003456437516784074,5,0.0,1844.53173828125,1676.5928955078125,1673.332275390625
13,0,1,0.0,0.0,0,3.7684390544891357,1847.552734375,0.10853162669984934,0.004597636138880822,6,0.0,1851.2225341796875,1677.999267578125,1673.3365478515625
14,0,1,0.0,0.0,0,3.5152134895324707,1850.0399169921875,0.11002392314008233,0.00752974175755563,7,0.0,1853.63671875,1682.8131103515625,1673.7635498046875
15,0,1,0.0,0.0,0,2.9164845943450928,1838.79052734375,0.10327433234067422,0.0016515086280902086,6,0.0,1841.6990966796875,1672.3277587890625,1672.5751953125
16,0,1,0.02470569635825548,0.0,0,2.566673994064331,1823.8021240234375,0.09428131089012488,0.00013015841622789913,3,0.0,1826.475830078125,1669.5572509765625,1670.84033203125
17,0,1,0.027355176714550566,0.0,0,2.57045316696167,1822.8770751953125,0.09372627921588622,0.00012944758760756843,3,0.0,1825.5704345703125,1669.57568359375,1670.8599853515625
18,0,1,0.01755071215894688,0.0,1,502.9443359375,1843.406494140625,0.10604386859556116,0.000461543252199192,6,0.0,2346.44580078125,2170.475341796875,2172.7060546875
19,0,1,0.007760787527098469,0.0,0,3.895817279815674,1841.5780029296875,0.10494682388450324,0.0011094699011680892,7,0.0,1845.36083984375,1672.298583984375,1673.949462890625
20,0,1,0.01708431043245198,0.0,0,2.877795696258545,1839.3319091796875,0.10359911039393807,0.00017477172714515518,6,0.0,1842.2725830078125,1669.898681640625,1672.607421875
21,0,1,0.0,0.0,0,4.795233726501465,1842.5440673828125,0.1055264258326054,0.002907960357566838,5,0.0,1847.4854736328125,1676.4547119140625,1674.108154296875
22,0,1,0.0,0.0,0,2.7607264518737793,1839.2626953125,0.10355765104591352,0.0015027001176113354,5,0.0,1841.9808349609375,1671.8892822265625,1671.884765625
23,0,1,0.0,0.0,0,3.0074687004089355,1849.0831298828125,0.10944988374559686,0.008221326020830703,6,0.0,1852.2767333984375,1683.5625,1672.8602294921875
24,0,1,0.0,0.0,0,2.672207832336426,1842.1807861328125,0.10530844815645893,0.0027534172603479803,6,0.0,1845.0364990234375,1674.1114501953125,1672.5224609375
25,0,1,0.0,0.0,1,503.2134094238281,1839.9046630859375,0.10394276698403962,0.0020289000105286024,6,0.0,2343.005126953125,2173.148681640625,2172.76708984375
26,0,1,0.005737757302403779,0.0,0,3.4823057651519775,1828.4256591796875,0.09705540770584943,0.00041530154682649796,4,0.0,1832.130615234375,1671.0638427734375,1672.37158203125
27,0,1,0.0,0.0,1,502.9657897949219,1848.0537109375,0.10883222669014785,0.0022396472846697916,7,0.0,2351.050048828125,2173.395751953125,2173.162841796875
28,0,1,0.012672535989230075,0.0,0,3.9830121994018555,1835.2825927734375,0.10116952504589678,0.0005597612325199724,5,0.0,1839.16259765625,1671.4796142578125,1673.0467529296875
29,0,1,0.0,0.0,0,3.748931646347046,1846.5579833984375,0.10793482586568992,0.005491258409251802,7,0.0,1850.3909912109375,1679.6517333984375,1673.9996337890625
30,0,1,0.0,0.0,0,3.0954225063323975,1847.697021484375,0.10861820431171693,0.009671442017940473,7,0.0,1851.060302734375,1686.1490478515625,1673.530029296875
31,0,1,0.0,0.0,0,3.119652509689331,1848.377685546875,0.1090266159031517,0.0061513398824669906,7,0.0,1851.190673828125,1679.73193359375,1672.9796142578125
32,0,1,0.009650268190922358,0.0,0,3.272806406021118,1832.2705078125,0.09936233960598741,0.00022534037405431398,4,0.0,1835.500244140625,1670.27197265625,1671.8963623046875
33,0,1,0.018185994276612938,0.0,0,3.9392242431640625,1827.3824462890625,0.09642947774542796,0.0001093900185292219,4,0.0,1831.2646484375,1670.731201171875,1672.548828125
34,0,1,0.004339772615038484,0.0,0,2.6649348735809326,1829.7640380859375,0.09785845372925815,0.0008132922179822004,4,0.0,1832.564208984375,1670.822265625,1671.466796875
35,0,1,0.0,0.0,0,3.6434953212738037,1838.130859375,0.10287851602918026,0.0012757087854443525,5,0.0,1841.738037109375,1672.4000244140625,1672.7738037109375
36,0,1,0.0,0.0,0,2.960583448410034,1857.9959716796875,0.11479758072432088,0.012044735048583975,7,0.0,1860.93505859375,1689.6802978515625,1673.105712890625
37,0,1,0.0,0.0,0,2.8970844745635986,1838.435546875,0.10306134499298514,0.003348642752756417,6,0.0,1841.3880615234375,1675.2001953125,1672.619140625
38,0,1,0.0,0.0,0,2.695746898651123,1844.6490478515625,0.10678944915131879,0.005248674378602065,7,0.0,1847.3670654296875,1678.1324462890625,1672.8846435546875
39,0,1,0.0,0.0,1,503.56854248046875,1857.491455078125,0.11449488952752176,0.026054378398758286,7,0.0,2360.909423828125,2213.508544921875,2173.58447265625
40,0,1,0.0,0.0,0,5.1748785972595215,1854.62255859375,0.11277355543791981,0.017286002410147244,7,0.0,1859.9925537109375,1700.8466796875,1675.53662109375
41,0,1,0.0022338838444577527,0.0,0,2.8408432006835938,1833.3565673828125,0.10001395121259882,0.0004272940336303427,4,0.0,1836.281982421875,1670.30419921875,1671.592041015625
42,0,1,0.0,0.0,0,2.742774248123169,1840.4969482421875,0.10429816501177686,0.004443808667876671,5,0.0,1843.5574951171875,1677.133544921875,1672.2271728515625
43,0,1,0.028464528809400418,0.0,0,2.5274577140808105,1829.4686279296875,0.09768118636457344,7.46462694773419e-07,3,0.0,1832.112548828125,1669.311767578125,1670.810546875
44,0,1,0.0,0.0,0,3.321993827819824,1843.625,0.10617499791578934,0.002788570426828495,6,0.0,1846.921875,1674.6112060546875,1672.9635009765625
45,0,1,0.0,0.0,0,3.3663175106048584,1854.9970703125,0.11299826165689304,0.013775983919232727,7,0.0,1858.2635498046875,1692.89306640625,1673.43310546875
46,0,1,0.015817001295481282,0.0,0,3.2443573474884033,1837.3436279296875,0.10240616910908014,0.00023097487619835,5,0.0,1840.4091796875,1670.1171875,1672.2322998046875
47,0,1,0.0,0.0,0,3.2442591190338135,1854.5264892578125,0.11271588335895552,0.011462423942990836,6,0.0,1857.95751953125,1689.2017822265625,1673.0977783203125
48,0,1,0.03953472888716776,0.008483211453147455,0,3.6147584915161133,1827.0391845703125,0.09622352338939413,0.0,3,0.008483211453147455,1830.5921630859375,1670.2196044921875,1671.7196044921875
49,0,1,0.0,0.0,1,502.9344787597656,1844.150634765625,0.10649036394550493,0.004428829545849428,7,0.0,2347.268798828125,2177.166259765625,2173.284912109375
50,0,1,0.0,0.0,1,502.9476623535156,1848.0946044921875,0.10885678736290036,0.004998311418496466,7,0.0,2350.879638671875,2177.7822265625,2172.95166015625
51,0,1,0.0,0.0,0,3.103181838989258,1846.408203125,0.10784491060631507,0.004116994231166747,6,0.0,1849.543701171875,1676.663818359375,1672.80224609375
52,0,1,0.0,0.0,1,502.9395446777344,1852.2071533203125,0.11132430843302547,0.011385051007335502,7,0.0,2355.117431640625,2188.552001953125,2173.076904296875
53,0,1,0.0,0.0,0,2.3800342082977295,1836.0850830078125,0.10165102769120438,0.0012316593718141565,4,0.0,1838.7479248046875,1671.38232421875,1671.32958984375
54,0,1,0.02527137596382461,0.0,1,503.6639404296875,1837.3984375,0.10243904115749375,0.0001433485779502287,7,0.0,2341.120361328125,2170.62744140625,2173.888427734375
55,0,1,0.020817368958683535,0.0,0,3.5858654975891113,1827.3961181640625,0.09643765015851816,0.0006328425148026802,4,0.0,1831.0662841796875,1671.3916015625,1672.3369140625
56,0,1,0.012049442808541144,0.0,0,2.9818484783172607,1835.4840087890625,0.10129040526981668,0.00041223896631211566,7,0.0,1838.6995849609375,1670.5693359375,1673.3822021484375
57,0,1,0.0,0.0,0,2.606621503829956,1840.1759033203125,0.10410555594649262,0.0018834632795448258,6,0.0,1842.9273681640625,1672.5572509765625,1672.4180908203125
58,0,1,0.0008321696129603958,0.0,0,2.8828208446502686,1831.99072265625,0.09919444204686252,0.0005016655335639744,4,0.0,1834.94677734375,1670.4588623046875,1671.6226806640625
59,0,1,0.003911097362931493,0.0,0,3.4845309257507324,1834.1595458984375,0.10049573141420556,0.0009912244467543743,4,0.0,1837.7303466796875,1671.8895263671875,1672.2374267578125
60,0,1,0.0,0.0,0,3.559087038040161,1843.439208984375,0.10606355958695135,0.0010725664818960208,7,0.0,1847.0284423828125,1672.04345703125,1673.755859375
61,0,1,0.02025783127883401,0.0,0,3.528581380844116,1834.07470703125,0.10044483677874938,2.9477583930044393e-05,4,0.0,1837.4659423828125,1670.1070556640625,1672.057861328125
62,0,1,0.0,0.0,0,2.397697687149048,1847.5103759765625,0.10850621844672653,0.0053795585462394,6,0.0,1849.6844482421875,1677.806640625,1671.8408203125
63,0,1,0.0013766624368463098,0.0,0,2.940504550933838,1837.4976806640625,0.10249857741525624,0.0008157551926128311,5,0.0,1840.3702392578125,1670.89892578125,1672.039306640625
64,0,1,0.0,0.0,0,3.161616563796997,1838.8929443359375,0.1033357806690296,0.0009365043472181602,5,0.0,1841.972412109375,1671.3070068359375,1672.24609375
65,0,1,0.0031281033345065268,0.0,0,3.8711867332458496,1841.2059326171875,0.10472358475495733,0.005474910543449932,7,0.0,1845.1356201171875,1679.72119140625,1674.0963134765625
66,0,1,0.0,0.0,0,2.89101243019104,1840.6087646484375,0.10436528828628235,0.002140743436909746,6,0.0,1843.369873046875,1672.99560546875,1672.427734375
67,0,1,0.017532500471643786,0.0,0,4.616971015930176,1831.3990478515625,0.09883946333236793,0.00047261655140537907,4,0.0,1835.9364013671875,1671.99169921875,1673.2039794921875
68,0,1,0.018496102157048,0.0,0,3.9052658081054688,1829.4373779296875,0.09766240139982554,0.0003674404638062976,4,0.0,1833.5177001953125,1671.359375,1672.7470703125
69,0,1,0.009078507351767406,0.0,0,2.962118625640869,1835.1163330078125,0.10106976795802207,0.0005169369924182183,6,0.0,1837.9615478515625,1670.37353515625,1672.511962890625
70,0,1,0.01628927308075312,0.0,0,2.955418825149536,1839.0322265625,0.10341934260616648,0.000480628913869658,6,0.0,1841.7679443359375,1670.2034912109375,1672.40234375
71,0,1,0.0,0.0,0,3.5329337120056152,1839.060791015625,0.10343650061581332,0.00194725777795742,7,0.0,1842.799560546875,1673.65087890625,1673.9053955078125
72,0,1,0.020362500128400463,0.0,0,3.027954578399658,1836.5335693359375,0.10192016905323295,0.000506226378268146,7,0.0,1839.6348876953125,1670.6116943359375,1673.2679443359375
73,0,1,0.0,0.0,0,2.7777867317199707,1842.3773193359375,0.10542639935692973,0.0020279590501758064,7,0.0,1845.212646484375,1672.8819580078125,1673.001953125
74,0,1,0.0,0.0,0,3.929903745651245,1859.6734619140625,0.1158040923923786,0.011198908395241628,7,0.0,1863.217041015625,1688.8751220703125,1673.710205078125
75,0,1,0.015109718164963176,0.0,0,4.238356113433838,1833.7950439453125,0.10027703796578344,0.00010135652291520617,4,0.0,1838.2503662109375,1671.2908935546875,1673.1219482421875
76,0,1,0.01417455872855733,0.0,0,5.104592323303223,1825.3349609375,0.09520099949650465,0.00023136500875835508,3,0.0,1830.1566162109375,1671.8739013671875,1672.98828125
77,0,1,0.0,0.0,0,4.512711048126221,1845.75927734375,0.10745555623051854,0.004413636824628069,7,0.0,1850.38671875,1678.650146484375,1674.794189453125
78,0,1,0.009480682401985518,0.0,0,3.524083375930786,1829.650146484375,0.09779008815114962,0.0007816371584308818,4,0.0,1833.201904296875,1671.5211181640625,1672.2183837890625
79,0,1,0.03412297482793344,0.004121647003838474,0,2.7686007022857666,1825.3265380859375,0.09519591922725537,0.0,1,0.004121647003838474,1828.2144775390625,1669.5545654296875,1670.0545654296875
80,0,1,0.012612934741411569,0.0,0,2.7558529376983643,1836.150390625,0.10169026694108342,0.00011572075313725968,5,0.0,1838.8203125,1669.5294189453125,1671.8365478515625
81,0,1,0.0,0.0,0,3.307832956314087,1842.6900634765625,0.10561405840170998,0.004597260630724343,7,0.0,1846.3271484375,1677.9658203125,1673.8037109375
82,0,1,0.0,0.0,0,3.0008904933929443,1847.141357421875,0.10828482521373348,0.003878027623649666,5,0.0,1850.1376953125,1676.1263427734375,1672.1629638671875
83,1,1,0.0528555579889845,0.022465526212575415,0,3.879223346710205,1814.4581298828125,0.08867484224876794,0.0,0,0.022465526212575415,1818.393798828125,1670.6024169921875,1670.6024169921875
84,0,1,0.0,0.0,0,2.4877355098724365,1839.0498046875,0.10342991915956516,0.0013882384080705847,6,0.0,1841.741455078125,1671.6719970703125,1672.3582763671875
85,0,1,0.011912160271452699,0.0,0,2.508737325668335,1833.4666748046875,0.10007999324196441,0.0006953550629470109,5,0.0,1836.2110595703125,1670.570068359375,1671.9111328125
86,0,1,0.046433784961871755,0.016433782001723303,0,2.9994683265686035,1827.179931640625,0.09630798412847526,0.0,1,0.016433782001723303,1830.131591796875,1669.6182861328125,1670.1182861328125
87,0,1,0.014050619095372419,0.0,0,2.5056495666503906,1832.6142578125,0.09956854859359264,0.0008244835993773366,5,0.0,1835.1644287109375,1670.5909423828125,1671.7169189453125
88,0,1,0.001273059346673655,0.0,0,4.385950088500977,1831.594482421875,0.09895666345694865,0.000934170827108434,4,0.0,1835.7633056640625,1672.3924560546875,1672.8355712890625
89,0,1,0.0,0.0,1,503.80804443359375,1846.7440185546875,0.10804639412720687,0.0040467361073395075,7,0.0,2350.85498046875,2177.522216796875,2174.27783203125
90,0,1,0.03938734427235807,0.0015188664853524356,0,4.424774646759033,1820.6375732421875,0.09238253602756043,0.0,1,0.0015188664853524356,1825.13427734375,1671.1634521484375,1671.6634521484375
91,0,1,0.001861799903718759,0.0,0,3.1070923805236816,1835.9810791015625,0.1015886152872448,0.00035949241189330255,4,0.0,1838.9422607421875,1670.22705078125,1671.6279296875
92,0,1,0.0,0.0,1,502.8522033691406,1841.9417724609375,0.10516509524432184,0.0036175385269665425,7,0.0,2344.689453125,2175.443603515625,2172.914306640625
93,0,1,0.0,0.0,0,3.1281073093414307,1840.9495849609375,0.10456973293568254,0.0019418000472198604,5,0.0,1843.97265625,1672.9261474609375,1672.1898193359375
94,0,1,0.018719253571512162,0.0,0,2.4923834800720215,1834.892333984375,0.10093543391834588,0.00015938730762304247,4,0.0,1837.35986328125,1669.3997802734375,1671.1341552734375
95,0,1,0.0,0.0,0,3.5015323162078857,1844.164306640625,0.10649855196918981,0.0037345730377670453,6,0.0,1847.8970947265625,1676.623779296875,1673.3995361328125
96,0,1,0.0,0.0,0,3.4689440727233887,1840.40283203125,0.10424168116102536,0.0022450729766269398,5,0.0,1843.585205078125,1673.5908203125,1672.34912109375
97,0,1,0.0,0.0,0,4.699861526489258,1859.7861328125,0.11587171202390005,0.012909396313701808,7,0.0,1864.58056640625,1692.9766845703125,1674.9610595703125
98,0,1,0.0,0.0,0,3.207580089569092,1845.033935546875,0.10702036502378648,0.005940299998578207,7,0.0,1848.530029296875,1680.063232421875,1673.6627197265625
99,0,1,0.0,0.0,0,3.721580982208252,1835.27685546875,0.10116610486778967,0.0010731625239868198,4,0.0,1838.8631591796875,1672.0416259765625,1672.2530517578125
100,0,1,0.010820502978010441,0.0,0,3.510411262512207,1833.2525634765625,0.09995155285440563,0.00023973929738787918,4,0.0,1836.5972900390625,1670.410888671875,1672.0113525390625
101,0,1,0.0,0.0,0,2.6004459857940674,1837.874755859375,0.10272482479556792,0.0020495581325355528,5,0.0,1840.76416015625,1672.9720458984375,1672.05615234375
102,0,1,0.015920200637570048,0.0,0,2.708026647567749,1827.3193359375,0.09639161429419672,0.0001206578587121904,3,0.0,1830.108642578125,1669.6571044921875,1670.9559326171875
103,0,1,0.003309864015512254,0.0,0,3.0370476245880127,1832.888671875,0.09973321871738158,0.00042507113587836196,4,0.0,1836.1685791015625,1670.655029296875,1671.946533203125
104,0,1,0.0106379530113756,0.0,0,3.7565689086914062,1836.544189453125,0.10192653381406255,0.0006266427260702173,7,0.0,1840.201904296875,1671.3687744140625,1673.8243408203125
105,0,1,0.0,0.0,0,3.118121385574341,1840.3660888671875,0.10421962092304864,0.0014431206961088502,5,0.0,1843.47998046875,1672.185791015625,1672.2806396484375
106,0,1,0.017318855407951972,0.0,0,4.079837322235107,1826.3905029296875,0.09583427697884273,9.636359118185877e-05,3,0.0,1830.697509765625,1671.13427734375,1672.4737548828125
107,0,1,0.0,0.0,0,2.908681869506836,1849.8909912109375,0.1099345828625891,0.003943266469078273,7,0.0,1852.45263671875,1675.8004150390625,1672.7283935546875
108,0,1,0.0,0.0,1,502.93994140625,1852.9290771484375,0.1117574408065036,0.008778847406851484,7,0.0,2355.837646484375,2184.20654296875,2173.0751953125
109,0,1,0.0,0.0,0,2.4013819694519043,1842.022216796875,0.10521335075482466,0.003977503704821431,5,0.0,1844.5599365234375,1675.83349609375,1671.704345703125
110,0,1,0.0005803626778062565,0.0,1,502.8840637207031,1835.151611328125,0.10109095735057241,0.0011821194379032377,5,0.0,2338.105712890625,2171.591064453125,2172.120849609375
111,0,1,0.0,0.0,0,3.834303617477417,1841.9407958984375,0.10516449447253941,0.000975134020021237,6,0.0,1845.64599609375,1671.9970703125,1673.371826171875
112,0,1,0.0,0.0,0,2.6337122917175293,1852.38232421875,0.11142939065896144,0.006215965700701679,7,0.0,1855.0550537109375,1679.6993408203125,1672.83935546875
113,0,1,0.0,0.0,0,3.1412601470947266,1844.7786865234375,0.1068672484403596,0.006172939860927697,7,0.0,1848.08740234375,1680.2635498046875,1673.475341796875
114,0,1,0.0,0.0,0,3.11386775970459,1847.332275390625,0.10839937038310121,0.007040711773938215,7,0.0,1850.3675537109375,1681.4364013671875,1673.201904296875
115,0,1,0.015435044057042066,0.0,0,2.5111043453216553,1832.1630859375,0.09929783379236766,0.0005875005644319267,3,0.0,1834.7208251953125,1670.20361328125,1670.7244873046875
116,0,1,0.0,0.0,1,503.6443176269531,1858.1976318359375,0.11491861296958797,0.029601866212794963,7,0.0,2361.9169921875,2219.722412109375,2173.885986328125
117,0,1,0.0,0.0,1,502.48675537109375,1859.781494140625,0.11586886822565376,0.03550372640460268,7,0.0,2362.226806640625,2228.284912109375,2172.612060546875
118,0,1,0.0,0.0,0,3.565938949584961,1848.2269287109375,0.1089361691112284,0.004130370376465718,6,0.0,1851.715087890625,1677.0386962890625,1673.15478515625
119,0,1,0.0,0.0,1,503.23492431640625,1853.3056640625,0.11198342574026736,0.010908223556927556,7,0.0,2356.316650390625,2187.858154296875,2173.177734375
120,0,1,0.0,0.0,1,503.07891845703125,1847.8260498046875,0.10869565401019639,0.0053341680595309846,7,0.0,2350.90966796875,2178.640380859375,2173.250244140625
121,0,1,0.0,0.0,0,2.800884485244751,1838.4007568359375,0.10304046539622384,0.0016714098135954614,5,0.0,1841.3638916015625,1672.41552734375,1672.1297607421875
122,0,1,0.02446647347570802,0.0,0,2.895754337310791,1836.0113525390625,0.10160682084346316,6.47698567634015e-05,5,0.0,1838.9488525390625,1669.712158203125,1672.1041259765625
123,0,1,0.043347130585039355,0.013347127624890617,0,2.9556775093078613,1824.271484375,0.09456285653546964,0.0,2,0.013347127624890617,1827.3941650390625,1669.7894287109375,1670.7894287109375
124,0,1,0.0,0.0,0,3.1205923557281494,1851.385009765625,0.11083097577468125,0.008622068052438415,7,0.0,1854.494873046875,1684.146728515625,1673.276611328125
125,0,1,0.004846153344449711,0.0,0,2.9022886753082275,1837.6707763671875,0.10260245668334803,0.0012401722629062405,5,0.0,1840.603759765625,1671.6666259765625,1672.0997314453125
126,0,1,0.0,0.0,1,503.18109130859375,1849.587890625,0.10975276170751265,0.006002361192401254,7,0.0,2353.062255859375,2180.144775390625,2173.640869140625
127,0,1,0.0,0.0,0,5.608884334564209,1856.8023681640625,0.11408140785404157,0.015386245423733007,7,0.0,1862.31103515625,1697.819091796875,1675.6754150390625
128,0,1,0.008962213873655903,0.0,0,4.104902744293213,1838.98095703125,0.10338855158904021,0.00031261096500782696,6,0.0,1843.0155029296875,1671.2222900390625,1673.7012939453125
129,0,1,0.00881479237958303,0.0,0,3.521782875061035,1837.55029296875,0.10253018452663673,0.0002835218542308189,5,0.0,1841.0030517578125,1670.5919189453125,1672.619384765625
130,0,1,0.00842981428298284,0.0,0,2.9634385108947754,1839.5206298828125,0.1037123887001033,0.0012525737294142244,7,0.0,1842.4906005859375,1671.7242431640625,1673.1365966796875
131,0,1,0.0,0.0,0,2.7328526973724365,1842.6654052734375,0.1055992523142163,0.0018081115468304857,6,0.0,1844.9844970703125,1671.999267578125,1671.9857177734375
132,0,1,0.0,0.0,1,502.66497802734375,1845.9779052734375,0.10758676683053545,0.0037077767539504913,7,0.0,2348.903564453125,2175.77197265625,2173.09228515625
133,0,1,0.030375056852110206,0.0,0,2.5803167819976807,1828.42626953125,0.09705573179733752,1.5892301714329542e-05,4,0.0,1831.1026611328125,1669.36962890625,1671.3431396484375
134,0,1,0.0,0.0,1,503.42724609375,1852.5623779296875,0.11153745771053214,0.005477811593086321,7,0.0,2355.72607421875,2178.9599609375,2173.330078125
135,0,1,0.0,0.0,0,2.7000374794006348,1843.67333984375,0.10620399082843354,0.004162729414663776,7,0.0,1846.39990234375,1676.3311767578125,1672.893310546875
136,0,1,0.0340381357032431,0.0,0,2.6013803482055664,1820.39404296875,0.09223643126081504,0.00010148224663583543,2,0.0,1822.9453125,1669.3870849609375,1670.2178955078125
137,0,1,0.0,0.0,0,3.381347417831421,1843.9892578125,0.106393527235393,0.0038814690725537484,7,0.0,1847.2335205078125,1676.380126953125,1673.4110107421875
138,0,1,0.0,0.0,0,2.8273229598999023,1836.993408203125,0.10219602756645013,0.0012935285355606839,5,0.0,1839.6546630859375,1671.48388671875,1671.8280029296875
139,0,1,0.003228141467373824,0.0,0,3.531829357147217,1837.106689453125,0.10226401996898632,0.0008133985298562278,7,0.0,1840.8458251953125,1671.761474609375,1673.90576171875
140,0,1,0.026575213428929878,0.0,0,2.700272560119629,1826.7557373046875,0.09605346814808892,7.724844523889526e-05,3,0.0,1829.8927001953125,1669.932373046875,1671.3035888671875
141,0,1,0.0,0.0,0,3.1143901348114014,1841.2147216796875,0.10472886195325294,0.003841288522453867,5,0.0,1844.6719970703125,1676.5260009765625,1672.6239013671875
142,0,1,0.0,0.0,0,2.9496073722839355,1846.0902099609375,0.10765412719239716,0.004084022363145601,7,0.0,1849.1041259765625,1676.4873046875,1673.1805419921875
143,0,1,0.01580201447851152,0.0,0,4.452986240386963,1836.820556640625,0.10209235905726577,0.00011877345338180101,6,0.0,1841.0340576171875,1671.078125,1673.880126953125
144,0,1,0.0,0.0,0,2.592874765396118,1838.775390625,0.10326525826797342,0.0032589967646423357,5,0.0,1841.7864990234375,1675.109375,1672.177734375
145,0,1,0.0,0.0,0,2.6250722408294678,1845.596923828125,0.10735817639173732,0.005469641515220381,7,0.0,1848.41796875,1678.603759765625,1672.9876708984375
146,0,1,0.0,0.0,0,3.371553659439087,1841.0333251953125,0.10461996036587612,0.004577368254904376,5,0.0,1844.4298095703125,1677.692138671875,1672.563232421875
147,0,1,0.00712274139362723,0.0,0,2.7883012294769287,1834.4873046875,0.10069241604230797,0.0002772654490842072,5,0.0,1837.460693359375,1670.10205078125,1672.1400146484375
148,0,1,0.03446700519159178,0.0,0,2.6609978675842285,1815.814453125,0.08948865371193442,5.634089093721325e-07,2,0.0,1818.6851806640625,1669.538330078125,1670.5374755859375
149,0,1,0.0,0.0,0,4.281987190246582,1836.503173828125,0.10190187090859636,0.0012323567791341554,4,0.0,1840.8099365234375,1673.0274658203125,1672.9735107421875
150,0,1,0.0,0.0,1,502.7179870605469,1845.7855224609375,0.10747134105845729,0.003988001787617332,7,0.0,2348.74951171875,2176.27734375,2173.130615234375
151,0,1,0.036932516160201684,0.005851072632886537,0,3.748277425765991,1819.2647705078125,0.09155884478218942,0.0,2,0.005851072632886537,1823.0989990234375,1670.5009765625,1671.5009765625
152,0,1,0.0,0.0,0,2.9726784229278564,1849.714111328125,0.1098284482144016,0.007584704126002004,7,0.0,1852.7008056640625,1682.2945556640625,1673.1534423828125
153,0,1,0.01698360226676421,0.0,0,3.278759479522705,1832.8126220703125,0.0996876056453066,0.00021405238293428848,5,0.0,1836.21240234375,1670.4232177734375,1672.56640625
154,0,1,0.0,0.0,0,3.1864068508148193,1842.554931640625,0.10553294380983641,0.0021029325858771524,6,0.0,1845.4813232421875,1673.0980224609375,1672.5931396484375
155,0,1,0.013730674767243342,0.0,0,2.585688829421997,1830.4815673828125,0.09828896514335753,0.000116857639337544,4,0.0,1833.2471923828125,1669.626953125,1671.4322509765625
156,0,1,0.018832029778402124,0.0,1,503.2428894042969,1840.9244384765625,0.10455466961329703,0.0002417765687933992,7,0.0,2344.11572265625,2170.260986328125,2173.35791015625
157,0,1,0.01664947942009043,0.0,0,3.8994998931884766,1837.1943359375,0.10231660746745914,0.000806219303162988,7,0.0,1840.8748779296875,1671.69091796875,1673.84716796875
158,0,1,0.009743040355471244,0.0,0,2.9870059490203857,1840.981689453125,0.10458903872554193,0.0026686688685223247,7,0.0,1843.62744140625,1673.7601318359375,1672.8123779296875
159,0,1,0.014300966059374254,0.0,0,4.5111002922058105,1832.1259765625,0.09927555968027316,0.000348002616436128,5,0.0,1836.567138671875,1671.6878662109375,1673.60791015625
160,0,1,0.0,0.0,0,2.9675452709198,1838.744384765625,0.10324660214960613,0.0025725163607532614,5,0.0,1841.6563720703125,1673.8662109375,1672.0787353515625
161,0,1,0.0,0.0,1,502.7215270996094,1846.2734375,0.1077640264017527,0.007284205761802196,7,0.0,2348.933349609375,2181.467041015625,2172.82666015625
162,0,1,0.0,0.0,0,3.5171868801116943,1849.7327880859375,0.10983964533318433,0.00547408674676384,7,0.0,1853.1995849609375,1679.2569580078125,1673.633544921875
163,0,1,0.0,0.0,0,3.7468814849853516,1846.9686279296875,0.10818114267556693,0.0025092808953075764,7,0.0,1850.4923095703125,1674.37255859375,1673.6904296875
164,0,1,0.0,0.0,1,503.3560485839844,1858.060546875,0.11483635290534572,0.014069797188935881,7,0.0,2361.19970703125,2193.255615234375,2173.305908203125
165,0,1,0.0,0.0,1,503.2819519042969,1860.45751953125,0.11627452521292204,0.027272083053577596,7,0.0,2363.771484375,2215.43408203125,2173.48046875
166,0,1,0.0,0.0,0,2.8431379795074463,1850.2471923828125,0.11014831529497912,0.0033180759208329843,7,0.0,1853.0430908203125,1674.99267578125,1672.9625244140625
167,0,1,0.02161066069841766,0.0,0,3.3731906414031982,1836.4925537109375,0.10189553037556381,0.0012805196532472375,6,0.0,1839.8052978515625,1672.1136474609375,1672.9793701171875
168,0,1,0.010898105780836609,0.0,0,2.9055891036987305,1840.3162841796875,0.10418977847008556,0.000590618220104263,6,0.0,1843.2724609375,1670.607177734375,1672.622802734375
169,0,1,0.0,0.0,0,2.811187744140625,1842.8011474609375,0.10568069498397085,0.0024846366842589903,6,0.0,1845.6600341796875,1673.6666259765625,1672.5255126953125
170,0,1,0.0,0.0,0,2.7582759857177734,1837.658935546875,0.1025953706223897,0.0008225177882162082,5,0.0,1840.0889892578125,1670.467529296875,1671.5966796875
171,0,1,0.008922423834545334,0.0,0,2.6994681358337402,1828.678955078125,0.09720739900301767,0.00036797488469393885,4,0.0,1831.2098388671875,1669.810791015625,1671.197509765625
172,0,1,0.0,0.0,0,2.5487542152404785,1838.4071044921875,0.10304425568150699,0.0031594828390606486,5,0.0,1841.018310546875,1674.543701171875,1671.7779541015625
173,0,1,0.01214385448241257,0.0,0,4.916756629943848,1835.0780029296875,0.10104682217797163,0.0002941702481553813,5,0.0,1839.989013671875,1672.0679931640625,1674.07763671875
174,0,1,0.0,0.0,0,3.82918381690979,1852.35009765625,0.11141005773429097,0.010520645392465175,7,0.0,1856.19482421875,1688.0457763671875,1674.0113525390625
175,0,1,0.012690178716094676,0.0,0,2.7451038360595703,1832.4307861328125,0.09945849546999738,0.00011388787136789458,4,0.0,1834.9765625,1669.4022216796875,1671.21240234375
176,1,1,0.05714527937508954,0.023138180226850182,0,5.167403697967529,1802.23828125,0.08134297375852574,0.0,0,0.023138180226850182,1807.1971435546875,1671.62548828125,1671.62548828125
177,0,1,0.034232389265321544,0.0042323863051718065,0,3.974613666534424,1831.18310546875,0.09870983669510047,0.0,7,0.0042323863051718065,1835.153076171875,1670.63671875,1674.13671875
178,0,1,0.00871808907779581,0.0,0,3.466533899307251,1837.605224609375,0.10256313464305532,0.00044129748893434917,7,0.0,1841.020751953125,1670.817626953125,1673.5821533203125
179,0,1,0.0,0.0,0,4.803823947906494,1853.1314697265625,0.11187888549657585,0.011614899573349213,7,0.0,1857.7166748046875,1690.6099853515625,1674.7518310546875
180,0,1,0.0,0.0,0,2.6797261238098145,1841.412353515625,0.10484740746273391,0.0021367882058838847,5,0.0,1844.0648193359375,1672.8804931640625,1671.819091796875
181,0,1,0.0,0.0,1,502.8485107421875,1849.9036865234375,0.10994220784069228,0.0036094018328557765,7,0.0,2352.797607421875,2175.576171875,2173.060546875
182,0,1,0.0,0.0,0,2.6155362129211426,1840.7525634765625,0.10445152964923565,0.0021029360655008145,5,0.0,1843.3524169921875,1672.771484375,1671.7666015625
183,0,1,0.0,0.0,0,3.2044968605041504,1845.123046875,0.10707386193027157,0.005191474495248245,7,0.0,1848.113037109375,1678.30908203125,1673.1566162109375
184,0,1,0.0,0.0,0,4.385861396789551,1844.361572265625,0.1066169390862366,0.0011322904804320316,6,0.0,1848.4033203125,1672.5955810546875,1673.7083740234375
185,0,1,0.0023306581649578106,0.0,0,3.2153398990631104,1837.607666015625,0.10256460443531089,0.0012152980772448833,6,0.0,1841.134521484375,1672.218994140625,1673.1934814453125
186,0,1,0.0,0.0,0,3.597548723220825,1849.17724609375,0.10950637431835089,0.004411761097516462,7,0.0,1852.614013671875,1677.456298828125,1673.6033935546875
187,0,1,0.0077691239785488975,0.0,0,3.054649829864502,1838.447998046875,0.10306878928202567,0.0022429072874525814,6,0.0,1841.37109375,1673.3280029296875,1672.58984375
188,0,1,0.01511328761695113,0.0,0,3.89308762550354,1828.57568359375,0.09714540194169607,7.924515871022058e-05,3,0.0,1832.3909912109375,1670.6141357421875,1671.9820556640625
189,0,1,0.0,0.0,0,2.279604434967041,1843.3004150390625,0.10598024278314347,0.003197836281842142,6,0.0,1845.4305419921875,1674.1265869140625,1671.796875
190,0,1,0.018282020231026763,0.0,0,3.1599385738372803,1829.490966796875,0.09769454524417717,0.0003959020760427348,4,0.0,1832.486572265625,1670.3221435546875,1671.662353515625
191,0,1,0.0,0.0,0,2.8365089893341064,1858.791259765625,0.11527475690982257,0.010849758852926222,7,0.0,1861.776123046875,1687.7344970703125,1673.1514892578125
192,0,1,0.007281291230629705,0.0,0,3.0069122314453125,1830.6888427734375,0.09841330513953112,0.0006085657956320708,4,0.0,1833.8546142578125,1670.8466796875,1671.8323974609375
193,0,1,0.0,0.0,0,2.7912659645080566,1841.2593994140625,0.10475560388406027,0.003023780120398837,6,0.0,1844.1495361328125,1674.596435546875,1672.556884765625
194,1,1,0.058686788605663814,0.028686785645515713,0,2.553426504135132,1818.9215087890625,0.09135290372803805,0.0,0,0.028686785645515713,1821.27734375,1669.0224609375,1669.0224609375
195,0,1,0.0,0.0,0,3.3420844078063965,1855.2703857421875,0.11316222058474698,0.019582986643546553,7,0.0,1858.616455078125,1702.6510009765625,1673.5128173828125
196,0,1,0.0,0.0,0,2.83976411819458,1845.526123046875,0.10731570808593083,0.0021170467225545123,7,0.0,1848.5079345703125,1673.1768798828125,1673.1484375
197,0,1,0.0,0.0,0,3.1732795238494873,1852.1304931640625,0.11127829501465443,0.0123002361658576,7,0.0,1855.2364501953125,1690.2730712890625,1673.2725830078125
198,0,1,0.0295428771686373,0.0,0,4.318851947784424,1827.774169921875,0.09666450708841841,4.197844534165956e-06,3,0.0,1832.1297607421875,1671.029296875,1672.522216796875
199,0,1,0.0074482695810038635,0.0,0,2.8838329315185547,1840.36767578125,0.10422061071662385,0.001583743240539564,6,0.0,1843.2171630859375,1672.15576171875,1672.51611328125
200,0,1,0.0,0.0,1,502.41278076171875,1855.1558837890625,0.11309349578057745,0.012355128916121415,7,0.0,2357.7392578125,2189.842041015625,2172.750244140625
201,0,1,0.01085135173583307,0.0,0,3.2085132598876953,1824.869384765625,0.09492162797410034,0.0008374914257370939,3,0.0,1828.3843994140625,1671.5775146484375,1671.681640625
202,0,1,0.001767113990240432,0.0,0,2.652259349822998,1836.158447265625,0.10169510483807909,0.0015847127361912257,5,0.0,1838.7823486328125,1671.9317626953125,1671.79052734375
203,0,1,0.0,0.0,0,3.1184463500976562,1852.9794921875,0.11178773101362928,0.007681124791394552,7,0.0,1856.116943359375,1682.60595703125,1673.3040771484375
204,0,1,0.0028292095542878926,0.0,0,3.29062557220459,1842.5233154296875,0.10551400820887859,0.0013113859303602107,7,0.0,1845.9171142578125,1672.24609375,1673.5604248046875
205,0,1,0.0,0.0,0,2.554499387741089,1848.4134521484375,0.10904803864382798,0.006480017140292856,7,0.0,1851.0155029296875,1680.06884765625,1672.768798828125
206,0,1,0.02519847225925179,0.0,0,3.350658655166626,1827.77783203125,0.09666671328684948,7.124208916559349e-06,2,0.0,1830.6708984375,1669.571533203125,1670.5596923828125
207,0,1,0.011289911690695235,0.0,0,3.3340024948120117,1837.5294189453125,0.10251764430542915,0.0008321214588991919,7,0.0,1840.5977783203125,1671.1219482421875,1673.235107421875
208,0,1,0.0,0.0,0,2.469007730484009,1840.6795654296875,0.10440773353044355,0.0023154136196074353,5,0.0,1843.220703125,1673.0667724609375,1671.7078857421875
209,0,1,0.00015081782954113278,0.0,0,2.924663543701172,1834.7989501953125,0.100879403718478,0.0004473262995097041,4,0.0,1837.72900390625,1670.3421630859375,1671.5966796875
210,0,1,0.0,0.0,0,3.095876932144165,1838.6875,0.10321253118916845,0.0017168503710893,5,0.0,1841.8968505859375,1672.7374267578125,1672.3759765625
211,0,1,0.011611992655802261,0.0,0,2.4912610054016113,1837.3553466796875,0.10241318082771902,0.0005858254708160547,6,0.0,1839.94921875,1670.2369384765625,1672.2606201171875
212,0,1,0.0002977689776792104,0.0,0,2.864846706390381,1839.9287109375,0.10395724265358969,0.0007020915371444585,7,0.0,1842.655029296875,1670.5631103515625,1672.8929443359375
213,0,1,0.0,0.0,0,2.3503291606903076,1838.44873046875,0.10306923575632118,0.001851314159743895,5,0.0,1840.8828125,1672.186279296875,1671.6007080078125
214,0,1,0.0,0.0,0,3.811288833618164,1834.499267578125,0.10069957850196237,0.001652957374851639,5,0.0,1838.642822265625,1673.565185546875,1673.3101806640625
215,0,1,0.004163875977630642,0.0,0,3.778439521789551,1833.515380859375,0.10010923163605735,0.0014573384163498152,4,0.0,1837.216552734375,1672.7967529296875,1672.3677978515625
216,0,1,0.0,0.0,0,2.8539435863494873,1843.058349609375,0.1058350115208062,0.004639551537384191,6,0.0,1846.396240234375,1677.7371826171875,1673.0045166015625
217,0,1,0.007916305764720022,0.0,0,2.726118564605713,1829.5252685546875,0.09771514268532948,0.0006905070257158387,3,0.0,1832.1431884765625,1670.4354248046875,1670.78466796875
218,0,1,0.019222829302306482,0.0,1,503.79266357421875,1843.6318359375,0.10617912808154148,7.660405603561946e-05,7,0.0,2347.320068359375,2170.482421875,2173.854736328125
219,0,1,0.011778767987048189,0.0,0,3.2539238929748535,1827.6162109375,0.09656975359097512,0.00012658504855423807,3,0.0,1830.7745361328125,1670.035888671875,1671.324951171875
220,0,1,0.0,0.0,0,3.0676794052124023,1845.468994140625,0.10728140815900539,0.0010414516097163084,6,0.0,1848.5150146484375,1671.4483642578125,1672.712646484375
221,0,1,0.018435520291723215,0.0,0,2.5601096153259277,1827.6302490234375,0.09657813643698741,4.367425502631357e-05,3,0.0,1830.1888427734375,1669.298095703125,1670.725341796875
222,0,1,0.0017829630622340211,0.0,0,2.6802453994750977,1839.1080322265625,0.10346483029077255,0.0006745536530028928,6,0.0,1841.94775390625,1670.630615234375,1672.50634765625
223,0,1,0.0,0.0,1,503.0122985839844,1850.686279296875,0.1104117946602307,0.005869821888784653,7,0.0,2353.4521484375,2179.215576171875,2172.9326171875
224,0,1,0.012574292891962102,0.0,0,2.3672022819519043,1828.6038818359375,0.09716232426339022,0.000210353984716014,4,0.0,1831.292724609375,1669.7061767578125,1671.35546875
225,0,1,0.0,0.0,1,502.915283203125,1851.2271728515625,0.1107362943722257,0.013324652423514572,7,0.0,2354.519287109375,2192.166259765625,2173.458740234375
226,0,1,0.0,0.0,1,503.0653381347656,1852.40185546875,0.11144113080773903,0.004770497874567083,7,0.0,2355.453369140625,2177.6689453125,2173.218017578125
227,0,1,0.0028054331366114127,0.0,0,3.1042609214782715,1830.629150390625,0.0983774741379807,0.0009998706230600046,4,0.0,1833.73046875,1671.4344482421875,1671.76806640625
228,0,1,0.008005572217451018,0.0,0,2.9539248943328857,1833.1207275390625,0.09987245033144343,0.0004903988483470705,5,0.0,1835.711181640625,1670.074462890625,1671.757080078125
229,0,1,0.04220510911546427,0.0,0,3.5884592533111572,1818.135009765625,0.09088103423816038,4.887304135211876e-07,2,0.0,1821.9200439453125,1670.4525146484375,1671.45166015625
230,0,1,0.0,0.0,1,503.8138427734375,1851.9473876953125,0.11116843985279644,0.003940790663569937,7,0.0,2355.748779296875,2177.035888671875,2173.968017578125
231,0,1,0.0,0.0,1,502.8160400390625,1842.184326171875,0.10531060865613562,0.003608307277346656,7,0.0,2345.035888671875,2175.531982421875,2173.01806640625
232,0,1,0.0,0.0,1,503.2524108886719,1843.4013671875,0.1060408174767954,0.00994878329333337,7,0.0,2346.637451171875,2186.484130859375,2173.402587890625
233,0,1,0.0,0.0,1,502.58404541015625,1855.1533203125,0.11309197534824617,0.011547150246641444,7,0.0,2357.8876953125,2188.646484375,2172.901123046875
234,0,1,0.00041504348375909217,0.0,0,4.352328777313232,1833.3759765625,0.10002561721118336,0.0015166839525093956,4,0.0,1837.6165771484375,1673.43505859375,1672.9072265625
235,0,1,0.0,0.0,0,2.9416422843933105,1842.224365234375,0.1053346035584562,0.003441209087125724,7,0.0,1845.096923828125,1675.274658203125,1673.039306640625
236,0,1,0.0,0.0,0,2.8400566577911377,1843.6865234375,0.10621190886902054,0.003772921998479849,6,0.0,1846.773681640625,1676.0419921875,1672.75390625
237,0,1,0.0,0.0,1,502.7476806640625,1848.614990234375,0.1091689991426269,0.011473400174162172,7,0.0,2351.0966796875,2188.2705078125,2172.648193359375
238,0,1,0.0005558664156540226,0.0,0,3.110690116882324,1836.3515625,0.10181095883180684,0.00048296819794895764,5,0.0,1839.4468994140625,1670.56689453125,1672.261962890625
239,0,1,0.004969741172413222,0.0,0,3.076965570449829,1836.521484375,0.10191288323090456,0.0006876575505857367,5,0.0,1839.8363037109375,1671.1275634765625,1672.4815673828125
240,0,1,0.020011593794695862,0.0,1,502.81060791015625,1836.0474853515625,0.10162850716272108,3.310149202890669e-05,7,0.0,2339.001708984375,2169.676025390625,2173.120849609375
241,0,1,0.002496425777438884,0.0,1,502.8581237792969,1841.6453857421875,0.10498723134449253,0.001532749495054419,7,0.0,2344.54931640625,2172.125244140625,2173.070556640625
242,0,1,0.0,0.0,0,3.8804869651794434,1837.7015380859375,0.10262091463228475,0.001974500027799064,5,0.0,1841.5908203125,1673.8468017578125,1673.0560302734375
243,0,1,0.0,0.0,0,4.391052722930908,1854.3369140625,0.1126021694745687,0.006428123051505475,7,0.0,1858.4322509765625,1681.4754638671875,1674.261962890625
244,0,1,0.0,0.0,0,3.7889318466186523,1844.9769287109375,0.10698614358317052,0.001629444128670071,6,0.0,1848.4974365234375,1672.9029541015625,1673.187255859375
245,0,1,0.0,0.0,0,3.935560464859009,1849.7969970703125,0.10987821556345456,0.011113841743527761,7,0.0,1853.7738037109375,1689.16650390625,1674.1434326171875
246,0,1,0.014675878723764413,0.0,0,3.480579137802124,1828.6658935546875,0.09719950525466813,0.0001647988234132738,4,0.0,1832.0909423828125,1670.366455078125,1672.091796875
247,0,1,0.017071133057780994,0.0,0,3.179410696029663,1826.2193603515625,0.09573160881029229,7.651303785006574e-05,3,0.0,1829.5145263671875,1670.08935546875,1671.4619140625
248,0,1,0.0,0.0,0,2.7320735454559326,1836.6920166015625,0.10201521228509228,0.0016837407366521945,5,0.0,1839.173583984375,1671.9544677734375,1671.648193359375
249,0,1,0.0,0.0,0,3.121035575866699,1846.2242431640625,0.10773457657945716,0.0029735617110499624,7,0.0,1849.5458984375,1674.9442138671875,1673.48828125
250,0,1,0.0,0.0,0,4.39560079574585,1842.3526611328125,0.10541156080174034,0.002939458338927397,6,0.0,1846.7471923828125,1675.9603271484375,1674.061279296875
251,0,1,0.0,0.0,0,4.387433052062988,1852.5111083984375,0.1115066721176693,0.010813192786447589,7,0.0,1856.6668701171875,1688.8443603515625,1674.3223876953125
252,0,1,0.0,0.0,0,2.9599251747131348,1846.0753173828125,0.10764518099769159,0.005673304939512999,7,0.0,1848.957275390625,1679.004150390625,1673.0487060546875
253,0,1,0.0015279501900949993,0.0,0,2.528538942337036,1829.65478515625,0.09779286459093316,0.00037017556825397636,3,0.0,1832.3951416015625,1670.0240478515625,1670.9071044921875
254,0,1,0.0,0.0,0,3.5872366428375244,1847.0609130859375,0.10823653591122583,0.005602466763087848,7,0.0,1850.6087646484375,1679.552001953125,1673.714599609375
255,0,1,0.0,0.0,0,2.881166934967041,1840.6219482421875,0.1043731969655768,0.0015268533227082845,7,0.0,1843.5863037109375,1672.17578125,1673.1309814453125
256,0,1,0.00478705930414236,0.0,0,3.3248116970062256,1841.1490478515625,0.10468941412876184,0.0008810607802257602,6,0.0,1844.27685546875,1671.262939453125,1672.7945556640625
257,0,1,0.0,0.0,0,3.305161476135254,1844.1234130859375,0.10647407914013488,0.004783027071016541,7,0.0,1847.514404296875,1678.029296875,1673.5576171875
258,0,1,0.007648627317128165,0.0,0,3.229674816131592,1833.075439453125,0.099845231749762,0.0003302724767262639,5,0.0,1836.3438720703125,1670.485595703125,1672.4351806640625
259,0,1,0.0,0.0,0,3.0843489170074463,1844.114990234375,0.10646901091523199,0.001736666697320479,7,0.0,1847.0733642578125,1672.5194091796875,1673.125
260,0,1,0.0,0.0,0,4.020512580871582,1848.6776123046875,0.10920654950196068,0.008736416423802535,6,0.0,1852.903076171875,1685.452880859375,1673.8922119140625
261,0,1,0.007092992988342876,0.0,0,3.209137201309204,1832.0528564453125,0.0992317063844033,0.000451809247980657,4,0.0,1835.135986328125,1670.5028076171875,1671.7498779296875
262,0,1,0.0,0.0,0,2.7188286781311035,1849.569091796875,0.10974142158184044,0.008142866245189158,7,0.0,1852.5467529296875,1683.2158203125,1673.1444091796875
263,0,1,0.0,0.0,0,3.266543388366699,1852.9678955078125,0.11178071098471398,0.015544105845354218,7,0.0,1856.13720703125,1695.742919921875,1673.3360595703125
264,0,1,0.0,0.0,0,3.1946184635162354,1841.478271484375,0.10488694448118101,0.0023646355193677627,7,0.0,1844.681640625,1673.8111572265625,1673.3701171875
265,0,1,0.0,0.0,0,4.661199569702148,1853.695068359375,0.11221706153396006,0.01034720643864448,7,0.0,1858.19384765625,1688.4107666015625,1674.6654052734375
266,0,1,0.0039310207583215144,0.0,0,3.1939496994018555,1840.119384765625,0.10407161638884298,0.0009328034660985384,6,0.0,1843.0528564453125,1671.1549072265625,1672.6002197265625
267,0,1,0.016238496215440986,0.0,0,2.5940821170806885,1833.095703125,0.09985743253980844,9.017072254153894e-05,4,0.0,1835.5357666015625,1669.2569580078125,1671.106689453125
268,0,1,0.0,0.0,0,3.3984079360961914,1838.2276611328125,0.10293657643284405,0.0005541653867989514,6,0.0,1841.748779296875,1671.1114501953125,1673.1878662109375
269,0,1,0.0024617954755044025,0.0,0,2.351040840148926,1830.3470458984375,0.09820822947530497,0.0007232882016296952,4,0.0,1832.7266845703125,1670.2518310546875,1671.0462646484375
270,0,1,0.006893158081638601,0.0,0,2.975402355194092,1834.910888671875,0.10094650302036433,0.0001860061248416164,4,0.0,1837.76318359375,1669.8289794921875,1671.51904296875
271,0,1,0.014517347337601905,0.0,0,3.394850015640259,1833.365966796875,0.10001957310208245,0.0005815624031989901,5,0.0,1836.524658203125,1670.794677734375,1672.325439453125
272,0,1,0.0,0.0,0,2.5309510231018066,1839.5189208984375,0.10371138780917256,0.00261831240382921,6,0.0,1842.2379150390625,1673.74951171875,1672.3856201171875
273,0,1,0.0,0.0,0,3.370573043823242,1852.51708984375,0.11151022049081101,0.009388137750373992,7,0.0,1855.447509765625,1685.2440185546875,1673.09716796875
274,0,1,0.031770323029104014,0.0017703200689553494,0,2.785710573196411,1827.146240234375,0.09628772287376033,0.0,3,0.0017703200689553494,1829.971435546875,1669.491943359375,1670.991943359375
275,0,1,0.0,0.0,1,503.3191223144531,1848.0897216796875,0.10885386899445201,0.008901547930777557,6,0.0,2351.4111328125,2184.823974609375,2172.988037109375
276,0,1,0.01721707619010844,0.0,1,503.0525207519531,1837.607177734375,0.10256433874847815,0.00015059644796965914,6,0.0,2340.40625,2169.716796875,2172.4658203125
277,0,1,0.0,0.0,0,3.4870283603668213,1847.8150634765625,0.10868901297263528,0.005330571460048634,6,0.0,1851.1871337890625,1678.923095703125,1673.038818359375
278,0,1,0.0,0.0,0,2.5822126865386963,1850.3404541015625,0.11020425059932228,0.006058611835390524,7,0.0,1852.857666015625,1679.2816162109375,1672.6839599609375
279,0,1,0.04300030190571578,0.010852547277284005,0,2.919203758239746,1815.85595703125,0.08951359097156361,0.0,2,0.010852547277284005,1818.9014892578125,1669.712158203125,1670.712158203125
280,0,1,0.0,0.0,0,3.811871290206909,1856.745849609375,0.11404752098678714,0.009941221394284055,7,0.0,1860.48583984375,1686.975341796875,1673.9066162109375
281,0,1,0.0,0.0,1,503.0949401855469,1856.9864501953125,0.1141918546127011,0.01923993253442058,7,0.0,2360.003662109375,2201.75048828125,2173.18408203125
282,0,1,0.0,0.0,0,3.206838369369507,1842.0557861328125,0.10523348220008541,0.0013447198606559851,6,0.0,1845.348388671875,1672.200439453125,1672.959228515625
283,0,1,0.0,0.0,0,4.121663570404053,1853.9417724609375,0.11236506090503846,0.011548680484649862,7,0.0,1857.972412109375,1689.945068359375,1674.197265625
284,0,1,0.02247115138951041,0.0,1,503.2573547363281,1841.5186767578125,0.10491118198291557,0.0001667936181938406,7,0.0,2344.794189453125,2170.22021484375,2173.442138671875
285,0,1,0.0,0.0,0,3.265033006668091,1853.0872802734375,0.11185236654066821,0.014333953875465112,7,0.0,1856.4102783203125,1693.879638671875,1673.4896240234375
286,0,1,0.0,0.0,0,2.632542371749878,1841.29248046875,0.10477550522413448,0.0013423933713206668,7,0.0,1843.9412841796875,1671.552734375,1672.8154296875
287,0,1,0.0,0.0,0,2.8647632598876953,1840.5111083984375,0.10430669915715604,0.0010919456604130799,6,0.0,1843.50927734375,1671.4847412109375,1672.664794921875
288,0,1,0.005315513725247634,0.0,0,3.6538193225860596,1836.9140625,0.10214845049683409,0.0018870909060513094,6,0.0,1840.4459228515625,1673.3436279296875,1673.198486328125
289,0,1,0.0,0.0,0,3.1597800254821777,1844.21923828125,0.10653152780832476,0.005338150755972848,7,0.0,1847.4674072265625,1678.811767578125,1673.4149169921875
290,0,1,0.004974719498382463,0.0,0,2.9702060222625732,1837.49462890625,0.10249680244800238,0.0008574614921106896,7,0.0,1840.5391845703125,1671.1402587890625,1673.211181640625
291,0,1,0.0,0.0,0,2.865797758102417,1852.9752197265625,0.11178513666965756,0.011473374337126542,7,0.0,1856.21240234375,1689.026123046875,1673.40380859375
292,0,1,0.0,0.0,0,4.1932830810546875,1843.38232421875,0.10602941287595949,0.002452998929119305,7,0.0,1847.630859375,1675.0035400390625,1674.4151611328125
293,0,1,0.044304416846913615,0.012788328808336573,0,3.0024495124816895,1823.379638671875,0.09402775107710847,0.0,2,0.012788328808336573,1826.53125,1669.818359375,1670.818359375
294,0,1,0.0,0.0,0,2.94903826713562,1846.449951171875,0.10786995551443253,0.007771473064722161,7,0.0,1849.54345703125,1682.712646484375,1673.26025390625
295,0,1,0.008473703386300713,0.0,0,3.4868037700653076,1826.697021484375,0.09601821750012882,0.0004066762752155071,3,0.0,1830.544189453125,1671.191650390625,1672.0137939453125
296,0,1,0.0011470174130208122,0.0,0,2.6872737407684326,1834.4736328125,0.10068419627732086,0.0006629439204079279,4,0.0,1837.39013671875,1670.68798828125,1671.5831298828125
297,0,1,0.0,0.0,0,2.850045919418335,1842.8359375,0.10570154173440845,0.004721956815330207,5,0.0,1845.5225830078125,1677.2232666015625,1671.8533935546875
298,0,1,0.022406086081755656,0.0,0,2.6640965938568115,1833.0848388671875,0.09985092362774325,0.00010825923044067606,5,0.0,1835.6279296875,1669.39013671875,1671.709716796875
299,0,1,0.0,0.0,1,502.58758544921875,1848.0302734375,0.10881817750734193,0.008927416518489861,7,0.0,2350.93115234375,2184.446533203125,2173.0673828125
