rollout,body_gap_3s_m,padded_gap_3s_m,static_collision,joint_safe_3s
0,0.01837776635754107,0.0,0,0
1,0.0005119438331373516,0.0,0,0
2,0.008926495529104628,0.0,0,0
3,0.0,0.0,0,0
4,0.0,0.0,0,0
5,0.0003089791361441385,0.0,0,0
6,0.0,0.0,0,0
7,0.0,0.0,0,0
8,0.0098258657896384,0.0,0,0
9,0.0024890409148115773,0.0,0,0
10,0.005195415598369557,0.0,0,0
11,0.0,0.0,1,0
12,0.026771579939918258,0.0,0,0
13,0.004736301194107284,0.0,0,0
14,0.0,0.0,0,0
15,0.0,0.0,0,0
16,0.0,0.0,0,0
17,0.0,0.0,0,0
18,0.0436172002870121,0.010168162774098748,0,0
19,0.019916793596063874,0.0,0,0
20,0.0,0.0,1,0
21,0.0,0.0,0,0
22,0.029971812405064722,0.0,0,0
23,0.008829276259406839,0.0,0,0
24,0.0,0.0,0,0
25,0.0562361547371532,0.025001635860110377,0,1
26,0.0,0.0,0,0
27,8.301064051085758e-05,0.0,0,0
28,0.003645486190960156,0.0,1,0
29,0.012640986649596614,0.0,0,0
30,0.0,0.0,0,0
31,0.0,0.0,0,0
32,0.0,0.0,0,0
33,0.01644280370420563,0.0,0,0
34,0.0005329950458107198,0.0,0,0
35,0.0,0.0,0,0
36,0.0,0.0,0,0
37,0.0053310537190169125,0.0,0,0
38,0.01353616532276014,0.0,0,0
39,0.04618226834093189,0.01164934396287093,0,0
40,0.019760460992238972,0.0,0,0
41,0.0015664183020769329,0.0,0,0
42,0.0038786066668062835,0.0,0,0
43,0.0,0.0,0,0
44,0.0,0.0,0,0
45,0.0,0.0,0,0
46,0.009183411034343263,0.0,0,0
47,0.0,0.0,0,0
48,0.0020117028622665956,0.0,0,0
49,0.003743059111330105,0.0,0,0
50,0.0,0.0,0,0
51,0.014296574422623267,0.0,0,0
52,0.0,0.0,0,0
53,0.0047579816905294284,0.0,0,0
54,0.026312654105285382,0.0,0,0
55,0.0004894127839740747,0.0,0,0
56,0.0,0.0,0,0
57,0.0,0.0,1,0
58,0.0,0.0,0,0
59,0.0,0.0,0,0
60,0.0,0.0,1,0
61,0.0,0.0,0,0
62,0.0,0.0,0,0
63,0.0,0.0,0,0
64,0.0,0.0,0,0
65,0.0,0.0,0,0
66,0.0,0.0,1,0
67,0.050255647386376445,0.007923063400299135,0,1
68,0.0055228924981749,0.0,0,0
69,0.001590496409326192,0.0,0,0
70,0.028550580056708075,0.0,0,0
71,0.0,0.0,0,0
72,0.02879503617026442,0.0,0,0
73,0.0,0.0,0,0
74,0.00481388326459431,0.0,0,0
75,0.0,0.0,0,0
76,0.0,0.0,0,0
77,0.0,0.0,1,0
78,0.0,0.0,0,0
79,0.000934057396471083,0.0,0,0
80,0.0,0.0,1,0
81,0.003385521864258022,0.0,0,0
82,0.014388270219467536,0.0,0,0
83,0.0,0.0,0,0
84,0.006244377558532613,0.0,1,0
85,0.005330405218240131,0.0,0,0
86,0.032379139019704795,0.0,0,0
87,0.0,0.0,0,0
88,0.012392708511247614,0.0,0,0
89,0.0,0.0,1,0
90,0.016935030265609448,0.0,0,0
91,0.0,0.0,0,0
92,0.0,0.0,1,0
93,0.019633849497669952,0.0,0,0
94,0.0003894680165821285,0.0,0,0
95,0.0,0.0,0,0
96,0.00395741160142649,0.0,0,0
97,0.016905867479315974,0.0,0,0
98,0.0,0.0,0,0
99,0.02759951083138193,0.0,0,0
100,0.012232765204037932,0.0,0,0
101,0.0,0.0,0,0
102,0.0016972080443295996,0.0,0,0
103,0.0,0.0,1,0
104,0.017652427993538996,0.0,0,0
105,0.022044828238675488,0.0,0,0
106,0.009724400897956897,0.0,0,0
107,0.024045342708592616,0.0,0,0
108,0.0,0.0,0,0
109,0.0019738983557773333,0.0,0,0
110,0.046021217601960096,0.0037684004334241905,0,0
111,0.0,0.0,0,0
112,0.0,0.0,0,0
113,0.00850256054576537,0.0,1,0
114,0.0,0.0,1,0
115,0.0,0.0,0,0
116,0.0,0.0,0,0
117,0.026608394125788217,0.0,0,0
118,0.0,0.0,0,0
119,0.010386170667280759,0.0,0,0
120,0.0,0.0,0,0
121,0.0666014432644544,0.03660144030430531,0,1
122,0.0,0.0,0,0
123,0.00818591127027446,0.0,0,0
124,0.007384365138152489,0.0,0,0
125,0.02540791717448787,0.0,0,0
126,0.0,0.0,0,0
127,0.0,0.0,0,0
128,0.0,0.0,0,0
129,0.000963864355271889,0.0,0,0
130,0.0,0.0,0,0
131,0.0,0.0,0,0
132,0.012240016747905652,0.0,1,0
133,0.0,0.0,0,0
134,0.0,0.0,0,0
135,0.0,0.0,0,0
136,0.01254787127014699,0.0,0,0
137,0.009588213659099232,0.0,1,0
138,0.0,0.0,0,0
139,0.0,0.0,1,0
140,0.0,0.0,0,0
141,0.0,0.0,0,0
142,0.0,0.0,0,0
143,0.0,0.0,0,0
144,0.0,0.0,0,0
145,0.0,0.0,0,0
146,0.0,0.0,1,0
147,0.02300164551177364,0.0,0,0
148,0.021123191374517444,0.0,0,0
149,0.0,0.0,0,0
150,0.0,0.0,0,0
151,0.0,0.0,0,0
152,0.0030984919403884703,0.0,0,0
153,0.0,0.0,0,0
154,0.0,0.0,0,0
155,0.0,0.0,0,0
156,0.0,0.0,0,0
157,0.0,0.0,0,0
158,0.010165394567455332,0.0,1,0
159,0.0,0.0,1,0
160,0.0,0.0,0,0
161,0.006985645266350074,0.0,0,0
162,0.017217189437521263,0.0,0,0
163,0.0007873155492283956,0.0,0,0
164,0.014484350338222818,0.0,0,0
165,0.0,0.0,0,0
166,0.0,0.0,1,0
167,0.015595708055110012,0.0,0,0
168,0.0,0.0,0,0
169,0.0,0.0,0,0
170,0.002457762529163621,0.0,0,0
171,0.019895495075459735,0.0,0,0
172,0.0,0.0,0,0
173,0.0,0.0,0,0
174,0.0,0.0,1,0
175,0.008011343110711167,0.0,0,0
176,0.013564015971230248,0.0,0,0
177,0.0,0.0,0,0
178,0.013201491474797322,0.0,0,0
179,0.002059097378474206,0.0,0,0
180,0.009653180613779178,0.0,0,0
181,0.013476876713269803,0.0,0,0
182,0.0,0.0,1,0
183,0.0,0.0,1,0
184,0.0,0.0,0,0
185,0.0,0.0,0,0
186,0.0,0.0,0,0
187,0.0,0.0,0,0
188,0.0,0.0,0,0
189,0.0,0.0,0,0
190,0.030416666317914672,0.0004166633577662569,0,0
191,0.0,0.0,0,0
192,0.007397601946104615,0.0,0,0
193,0.0,0.0,0,0
194,0.0,0.0,0,0
195,0.02232805525565773,0.0,0,0
196,0.0,0.0,0,0
197,0.0,0.0,0,0
198,0.0,0.0,0,0
199,0.0,0.0,0,0
200,0.0,0.0,0,0
201,0.0,0.0,1,0
202,0.0,0.0,0,0
203,0.03711145017649642,0.0,0,0
204,0.009152351547192517,0.0,0,0
205,0.0,0.0,0,0
206,0.019161054635170777,0.0,0,0
207,0.0,0.0,0,0
208,0.0,0.0,0,0
209,0.0,0.0,0,0
210,0.0,0.0,1,0
211,0.0,0.0,1,0
212,0.032372446596274,0.0,0,0
213,0.006949139770061841,0.0,0,0
214,0.015714541442332242,0.0,0,0
215,0.013599429076654486,0.0,1,0
216,0.0,0.0,0,0
217,0.016116271302233046,0.0,0,0
218,0.02080518744475149,0.0,0,0
219,0.0,0.0,0,0
220,0.0,0.0,0,0
221,0.0,0.0,0,0
222,0.0,0.0,1,0
223,0.0,0.0,0,0
224,0.0,0.0,1,0
225,0.0,0.0,0,0
226,0.0,0.0,0,0
227,0.0,0.0,0,0
228,0.0,0.0,0,0
229,0.03364415575946659,0.001261435990626818,0,0
230,0.0,0.0,0,0
231,0.0,0.0,1,0
232,0.0,0.0,0,0
233,0.0,0.0,1,0
234,0.0,0.0,0,0
235,0.0,0.0,0,0
236,0.0,0.0,0,0
237,0.0039048808280996734,0.0,0,0
238,0.0,0.0,0,0
239,0.0,0.0,0,0
240,0.0,0.0,0,0
241,0.006958739979878953,0.0,0,0
242,0.018576231950875766,0.0,0,0
243,0.006006132649370609,0.0,0,0
244,0.0,0.0,0,0
245,0.009227228009880654,0.0,0,0
246,0.004895714817975794,0.0,0,0
247,0.02478747895490052,0.0,0,0
248,0.0,0.0,0,0
249,0.020129280333922688,0.0,0,0
250,0.007924984754786202,0.0,0,0
251,0.0,0.0,0,0
252,0.0,0.0,0,0
253,0.015468585301184667,0.0,0,0
254,0.02752589795752169,0.0,0,0
255,0.03325923426520738,0.0,0,0
256,0.007062294436799683,0.0,0,0
257,0.005635191931848027,0.0,0,0
258,0.0,0.0,0,0
259,0.013085279497526692,0.0,0,0
260,0.0,0.0,0,0
261,0.0,0.0,0,0
262,0.0,0.0,0,0
263,0.001704390878591866,0.0,0,0
264,0.0,0.0,1,0
265,0.00715757225943447,0.0,0,0
266,0.0035557002877801835,0.0,0,0
267,0.0,0.0,1,0
268,0.0,0.0,0,0
269,0.022831707020998238,0.0,0,0
270,0.01139958124937528,0.0,0,0
271,0.04448992760798913,0.004869097909289083,0,0
272,0.017957795249135877,0.0,0,0
273,0.0,0.0,0,0
274,0.0,0.0,0,0
275,0.0,0.0,0,0
276,0.0,0.0,0,0
277,0.0,0.0,0,0
278,0.0039274199501223295,0.0,0,0
279,0.00019420076230591832,0.0,0,0
280,0.0,0.0,0,0
281,0.0,0.0,0,0
282,0.026464336180290537,0.0,0,0
283,0.0,0.0,0,0
284,0.0012277919854746244,0.0,0,0
285,0.0,0.0,0,0
286,0.0,0.0,1,0
287,0.023298316565153243,0.0,0,0
288,0.0,0.0,0,0
289,0.0,0.0,0,0
290,0.0,0.0,0,0
291,0.0,0.0,0,0
292,0.0,0.0,0,0
293,0.0,0.0,0,0
294,0.014066140959632073,0.0,1,0
295,0.0,0.0,1,0
296,0.02593738702226089,0.0,0,0
297,0.0,0.0,0,0
298,0.018080519808171047,0.0,0,0
299,0.002704068790816868,0.0,0,0
300,0.0011034682593020761,0.0,0,0
301,0.0,0.0,0,0
302,0.0,0.0,0,0
303,0.005637024886275377,0.0,0,0
304,0.0,0.0,0,0
305,0.012961286893258933,0.0,0,0
306,0.0,0.0,0,0
307,0.0,0.0,0,0
308,0.016063681722334067,0.0,0,0
309,0.0,0.0,0,0
310,0.0,0.0,0,0
311,0.0,0.0,0,0
312,0.011375021723381451,0.0,0,0
313,0.015155184027919806,0.0,0,0
314,0.024334436715831874,0.0,0,0
315,0.0,0.0,1,0
316,0.0,0.0,0,0
317,0.0,0.0,0,0
318,0.022328928163181036,0.0,0,0
319,0.0,0.0,1,0
320,0.0,0.0,0,0
321,0.0,0.0,0,0
322,0.0,0.0,1,0
323,0.015240107169108619,0.0,0,0
324,0.0,0.0,0,0
325,0.0,0.0,1,0
326,0.0,0.0,0,0
327,0.04109778946489939,0.0,0,0
328,0.019636022960427546,0.0,0,0
329,0.0,0.0,0,0
330,0.009957532871382568,0.0,0,0
331,0.012090933988211816,0.0,0,0
332,0.005781420623971911,0.0,1,0
333,0.0,0.0,0,0
334,0.0,0.0,0,0
335,0.032643347845043635,0.0,0,0
336,0.0,0.0,1,0
337,0.0,0.0,0,0
338,0.0,0.0,0,0
339,0.0,0.0,0,0
340,0.0,0.0,0,0
341,0.0,0.0,0,0
342,0.0,0.0,0,0
343,0.0,0.0,0,0
344,0.0,0.0,0,0
345,0.0,0.0,0,0
346,0.0,0.0,0,0
347,0.0,0.0,0,0
348,0.0,0.0,0,0
349,0.0,0.0,1,0
350,0.0055057884147444724,0.0,0,0
351,0.011800416233912259,0.0,0,0
352,0.003505356045638841,0.0,0,0
353,0.029527283282133974,0.0,0,0
354,0.0,0.0,0,0
355,0.0,0.0,0,0
356,0.0,0.0,0,0
357,0.02743146179633607,0.0,0,0
358,0.0,0.0,0,0
359,0.0,0.0,0,0
360,0.01894345666742228,0.0,0,0
361,0.010158624052292176,0.0,0,0
362,0.016214666408031597,0.0,0,0
363,0.0,0.0,0,0
364,0.0,0.0,0,0
365,0.0,0.0,0,0
366,0.0,0.0,0,0
367,0.0,0.0,0,0
368,0.0,0.0,0,0
369,0.0,0.0,0,0
370,0.0010184311918139954,0.0,0,0
371,0.016567326951960656,0.0,0,0
372,0.0,0.0,0,0
373,0.0,0.0,0,0
374,0.0,0.0,0,0
375,0.0,0.0,1,0
376,0.0,0.0,0,0
377,0.0,0.0,0,0
378,0.0068874517468167085,0.0,0,0
379,0.01969485976873475,0.0,0,0
380,0.0,0.0,1,0
381,0.01432059367736116,0.0,0,0
382,0.0,0.0,0,0
383,0.0,0.0,0,0
384,0.0,0.0,0,0
385,0.0,0.0,0,0
386,0.0,0.0,1,0
387,0.0,0.0,0,0
388,0.0,0.0,0,0
389,0.0,0.0,1,0
390,0.0018307522737847773,0.0,0,0
391,0.003845061997419096,0.0,0,0
392,0.008240923546566137,0.0,0,0
393,0.003946689280917681,0.0,0,0
394,0.030315608503379665,0.0003156055432313577,0,0
395,0.0021633820595700556,0.0,0,0
396,0.02877641469346547,0.0,0,0
397,0.004800637675024255,0.0,0,0
398,0.0,0.0,0,0
399,0.024570324646651855,0.0,0,0
400,0.02454378209552921,0.0,0,0
401,0.018871435602804024,0.0,0,0
402,0.0020682994566455556,0.0,0,0
403,0.0,0.0,0,0
404,0.017941360951203078,0.0,0,0
405,0.0,0.0,1,0
406,0.04957782985871086,0.018078368373401488,0,0
407,0.0,0.0,0,0
408,0.007833639021463945,0.0,0,0
409,0.02484642745345292,0.0,0,0
410,0.0,0.0,0,0
411,0.0,0.0,0,0
412,0.0,0.0,0,0
413,0.0065564371948273106,0.0,0,0
414,0.0,0.0,0,0
415,0.0,0.0,0,0
416,0.0015035568780366049,0.0,0,0
417,0.03328596976849525,0.0,0,0
418,0.0,0.0,0,0
419,0.015327674352537372,0.0,0,0
420,0.006980633254171309,0.0,0,0
421,0.034435083315459636,0.0,0,0
422,0.0,0.0,0,0
423,0.0,0.0,0,0
424,0.0,0.0,0,0
425,0.0,0.0,0,0
426,0.0058243101002517506,0.0,0,0
427,0.0,0.0,0,0
428,0.0,0.0,0,0
429,0.020420561186491347,0.0,0,0
430,0.0007238216223397487,0.0,0,0
431,0.0,0.0,1,0
432,0.0009867272492085633,0.0,0,0
433,0.00481024281195145,0.0,0,0
434,0.014211073005159829,0.0,1,0
435,0.028132875736362976,0.0,0,0
436,0.008619422441308089,0.0,0,0
437,0.014572526241983417,0.0,0,0
438,0.0,0.0,0,0
439,0.0,0.0,0,0
440,0.007171282430752021,0.0,0,0
441,0.0,0.0,0,0
442,0.003091510570636835,0.0,0,0
443,0.026326583047696417,0.0,0,0
444,0.04293916509281992,0.002378989035100693,0,0
445,0.0,0.0,0,0
446,0.010162476861518499,0.0,0,0
447,0.0,0.0,0,0
448,0.007676659872007718,0.0,1,0
449,0.005523807336181186,0.0,0,0
450,0.0,0.0,1,0
451,0.0,0.0,1,0
452,0.0,0.0,0,0
453,0.02765076646538151,0.0,0,0
454,0.0,0.0,0,0
455,0.0,0.0,0,0
456,0.028513888128944724,0.0,0,0
457,0.0,0.0,0,0
458,0.0,0.0,0,0
459,0.0,0.0,1,0
460,0.01265793244962502,0.0,0,0
461,0.019019673538168066,0.0,0,0
462,0.0,0.0,0,0
463,0.0,0.0,0,0
464,0.0,0.0,1,0
465,0.0,0.0,0,0
466,0.0,0.0,0,0
467,0.0,0.0,0,0
468,0.001958534999438167,0.0,1,0
469,0.003278735165747726,0.0,1,0
470,0.0,0.0,0,0
471,0.0,0.0,0,0
472,0.0,0.0,0,0
473,0.016904781842881356,0.0,1,0
474,0.0,0.0,0,0
475,0.007584694825907252,0.0,0,0
476,0.0,0.0,0,0
477,0.0,0.0,0,0
478,0.0,0.0,0,0
479,0.0,0.0,0,0
480,0.015111958790979152,0.0,0,0
481,0.0,0.0,0,0
482,0.0,0.0,0,0
483,0.0,0.0,1,0
484,0.0,0.0,0,0
485,0.021401153201701106,0.0,0,0
486,0.041431428799187965,0.011316959281348554,0,0
487,0.0,0.0,0,0
488,0.0,0.0,0,0
489,0.0,0.0,0,0
490,0.043969672920552566,0.0139696699604037,0,0
491,0.0,0.0,0,0
492,0.05267011386784404,0.010419282267118746,0,1
493,0.0,0.0,0,0
494,0.027431586716089657,0.0,0,0
495,0.039535727050230805,0.009535724090082664,0,0
496,0.016343969242159417,0.0,0,0
497,0.0020878071147842903,0.0,0,0
498,0.023998826407305884,0.0,0,0
499,0.0,0.0,0,0
500,0.02566176536499122,0.0,0,0
501,0.0,0.0,0,0
502,0.015837397488223992,0.0,0,0
503,0.014891761140115811,0.0,0,0
504,0.0,0.0,0,0
505,0.0012886397797926901,0.0,1,0
506,0.0,0.0,1,0
507,0.0,0.0,0,0
508,0.0,0.0,0,0
509,0.008759025754751548,0.0,0,0
510,0.01681226134351199,0.0,1,0
511,0.0,0.0,0,0
512,0.01756029970469704,0.0,0,0
513,0.020641606207988304,0.0,0,0
514,0.0015886341426156747,0.0,0,0
515,0.021738110276802107,0.0,0,0
516,0.05216395670627188,0.01956155632356756,0,1
517,0.015038930297501283,0.0,0,0
518,0.03012699248574718,0.0,0,0
519,0.0,0.0,0,0
520,0.0,0.0,1,0
521,0.0,0.0,0,0
522,0.0,0.0,0,0
523,0.0,0.0,0,0
524,0.013045933543744429,0.0,0,0
525,0.0,0.0,0,0
526,0.0,0.0,0,0
527,0.0,0.0,1,0
528,0.0,0.0,0,0
529,0.0,0.0,1,0
530,0.0,0.0,0,0
531,0.0,0.0,0,0
532,0.024594946693477837,0.0,0,0
533,0.0,0.0,1,0
534,0.010999270786341652,0.0,0,0
535,0.0,0.0,1,0
536,0.01467643247957362,0.0,0,0
537,0.0,0.0,0,0
538,0.0080467064192149,0.0,0,0
539,0.0,0.0,1,0
540,0.00879896104356881,0.0,0,0
541,0.0,0.0,1,0
542,0.0,0.0,1,0
543,0.029149919453328916,0.0,0,0
544,0.0,0.0,0,0
545,0.0,0.0,0,0
546,0.0,0.0,1,0
547,0.0,0.0,0,0
548,0.0,0.0,1,0
549,0.017085293000680728,0.0,0,0
550,0.0,0.0,0,0
551,0.004188719930433571,0.0,0,0
552,0.0,0.0,0,0
553,0.02568198863669376,0.0,0,0
554,0.0,0.0,0,0
555,0.0,0.0,0,0
556,0.0007386924099570535,0.0,0,0
557,0.0,0.0,0,0
558,0.010743872171378399,0.0,0,0
559,0.016694510801717577,0.0,1,0
560,0.0,0.0,0,0
561,0.0,0.0,0,0
562,0.00849124473516838,0.0,0,0
563,0.0,0.0,0,0
564,0.017439484445792353,0.0,0,0
565,0.021877961907608098,0.0,0,0
566,0.0,0.0,1,0
567,0.0054939848800995075,0.0,0,0
568,0.0,0.0,0,0
569,0.0,0.0,0,0
570,0.0,0.0,0,0
571,0.0,0.0,0,0
572,0.0,0.0,0,0
573,0.05799983665366847,0.020376878620851357,0,1
574,0.0,0.0,0,0
575,0.01341047859754754,0.0,0,0
576,0.02445251670184771,0.0,0,0
577,0.0,0.0,1,0
578,0.0,0.0,1,0
579,0.013244540960373818,0.0,0,0
580,0.0,0.0,0,0
581,0.01806958185681662,0.0,0,0
582,0.01385114957003209,0.0,0,0
583,0.0,0.0,0,0
584,0.0,0.0,1,0
585,0.0,0.0,1,0
586,0.0029467092325118414,0.0,0,0
587,0.0,0.0,0,0
588,0.015473855337479137,0.0,1,0
589,0.00017738311587933708,0.0,0,0
590,0.011189100556636689,0.0,0,0
591,0.0,0.0,1,0
592,0.0,0.0,0,0
593,0.0,0.0,0,0
594,0.0,0.0,1,0
595,0.012403001252997637,0.0,0,0
596,0.0,0.0,0,0
597,0.0,0.0,0,0
598,0.0,0.0,0,0
599,0.006030454253819971,0.0,0,0
600,0.0,0.0,0,0
601,0.0,0.0,0,0
602,0.0,0.0,0,0
603,0.0013632530056118136,0.0,0,0
604,0.0,0.0,0,0
605,0.0,0.0,0,0
606,0.0,0.0,0,0
607,0.03051907376986218,0.0,1,0
608,0.031273565292342376,0.0,0,0
609,0.0,0.0,0,0
610,0.0,0.0,0,0
611,0.0,0.0,1,0
612,0.0,0.0,0,0
613,0.0,0.0,0,0
614,0.0,0.0,0,0
615,0.01149537804349876,0.0,1,0
616,0.014942871455457215,0.0,0,0
617,0.0054207209537072915,0.0,0,0
618,0.0,0.0,1,0
619,0.03126337178482114,0.0012633688246724158,0,0
620,0.01232237351188997,0.0,0,0
621,0.0,0.0,1,0
622,0.020934569469099367,0.0,0,0
623,0.0,0.0,0,0
624,0.0,0.0,0,0
625,0.0,0.0,0,0
626,0.01625740508916529,0.0,0,0
627,0.0,0.0,1,0
628,0.0009405429926010456,0.0,0,0
629,0.0,0.0,0,0
630,0.0,0.0,0,0
631,0.0,0.0,1,0
632,0.0,0.0,0,0
633,0.0,0.0,0,0
634,0.0,0.0,0,0
635,0.0,0.0,0,0
636,0.0,0.0,0,0
637,0.0,0.0,0,0
638,0.0,0.0,0,0
639,0.021827704499237655,0.0,0,0
640,0.0,0.0,0,0
641,0.006308133760858637,0.0,0,0
642,0.0,0.0,0,0
643,0.0,0.0,0,0
644,0.0,0.0,0,0
645,0.0,0.0,1,0
646,0.0,0.0,0,0
647,0.02082438132402585,0.0,0,0
648,0.0,0.0,0,0
649,0.0,0.0,0,0
650,0.022453115653427558,0.0,0,0
651,0.0,0.0,0,0
652,0.0,0.0,0,0
653,0.0,0.0,0,0
654,0.0005212080447847938,0.0,0,0
655,0.0,0.0,0,0
656,0.0,0.0,0,0
657,0.0,0.0,0,0
658,0.02285682224042418,0.0,0,0
659,0.010446250885701034,0.0,0,0
660,0.0,0.0,0,0
661,0.0,0.0,1,0
662,0.0,0.0,0,0
663,0.008769459995596307,0.0,0,0
664,0.0,0.0,0,0
665,0.007968086115988982,0.0,0,0
666,0.028243119551142115,0.0,0,0
667,0.0,0.0,0,0
668,0.002716474577273864,0.0,0,0
669,0.0,0.0,0,0
670,0.023270902995474615,0.0,0,0
671,0.0,0.0,0,0
672,0.023215591733697437,0.0,0,0
673,0.0,0.0,0,0
674,0.0,0.0,0,0
675,0.0,0.0,0,0
676,0.0,0.0,1,0
677,0.001499603767181057,0.0,0,0
678,0.0,0.0,0,0
679,0.0036688799801813795,0.0,0,0
680,0.05863607087407892,0.026329088150928825,0,1
681,0.0,0.0,0,0
682,0.0,0.0,0,0
683,0.0,0.0,0,0
684,0.021138562604853403,0.0,1,0
685,0.0,0.0,0,0
686,0.039137307878967055,0.003995187858377229,0,0
687,0.0,0.0,0,0
688,0.0,0.0,0,0
689,0.0003606269944622653,0.0,0,0
690,0.04230426875161264,0.0,0,0
691,0.003781952251512344,0.0,0,0
692,0.0,0.0,0,0
693,0.01677331530056315,0.0,0,0
694,0.009000742072503391,0.0,0,0
695,0.0,0.0,1,0
696,0.0,0.0,0,0
697,0.0,0.0,0,0
698,0.02151138458337254,0.0,0,0
699,0.0017333420118504548,0.0,0,0
700,0.030000617254382033,0.0,0,0
701,0.022061178095980516,0.0,0,0
702,0.0,0.0,0,0
703,0.0,0.0,1,0
704,0.009690050067706879,0.0,0,0
705,0.0,0.0,0,0
706,0.017126837170270956,0.0,0,0
707,0.02875186053780343,0.0,0,0
708,0.016932034350451985,0.0,0,0
709,0.0,0.0,0,0
710,0.0,0.0,0,0
711,0.0,0.0,0,0
712,0.03726144898086772,0.0,0,0
713,0.0,0.0,0,0
714,0.0,0.0,0,0
715,0.009110082891994331,0.0,0,0
716,0.0,0.0,1,0
717,0.004562232589530701,0.0,0,0
718,0.021234724972188635,0.0,0,0
719,0.03975481611324305,0.0,0,0
720,0.005650131124674857,0.0,0,0
721,0.03505484864412178,0.0,0,0
722,0.0,0.0,1,0
723,0.006969154135385125,0.0,0,0
724,0.0029257502769297616,0.0,0,0
725,0.03757269358551995,0.002407192665859759,0,0
726,0.015542946086012206,0.0,1,0
727,0.0,0.0,0,0
728,0.010946016031748051,0.0,0,0
729,0.0,0.0,1,0
730,0.0013157718272704955,0.0,0,0
731,0.0,0.0,0,0
732,0.0017124949258859564,0.0,0,0
733,0.0,0.0,0,0
734,0.0,0.0,1,0
735,0.0,0.0,0,0
736,0.0,0.0,0,0
737,0.012043343515425242,0.0,0,0
738,0.009280048932931446,0.0,0,0
739,0.0,0.0,0,0
740,0.0,0.0,1,0
741,0.018041039809551407,0.0,0,0
742,0.0,0.0,1,0
743,0.025548901199046625,0.0,0,0
744,0.0,0.0,1,0
745,0.0,0.0,0,0
746,0.0,0.0,0,0
747,0.0,0.0,0,0
748,0.0,0.0,0,0
749,0.0,0.0,0,0
750,0.03700149006112419,0.0,0,0
751,0.0,0.0,0,0
752,0.0,0.0,0,0
753,0.0,0.0,0,0
754,0.009311749680171658,0.0,0,0
755,0.0,0.0,1,0
756,0.0,0.0,0,0
757,0.0,0.0,0,0
758,0.0,0.0,1,0
759,0.0,0.0,0,0
760,0.0,0.0,0,0
761,0.0,0.0,0,0
762,0.017965322640725923,0.0,0,0
763,0.0,0.0,0,0
764,0.0,0.0,1,0
765,0.0,0.0,1,0
766,0.03489623485234006,0.0,0,0
767,0.0,0.0,0,0
768,0.0,0.0,0,0
769,0.0,0.0,1,0
770,0.0,0.0,0,0
771,0.0,0.0,0,0
772,0.01571838574481177,0.0,0,0
773,0.0,0.0,0,0
774,0.009773244458427964,0.0,1,0
775,0.0,0.0,0,0
776,0.02650303311192501,0.0,0,0
777,0.02201493802753518,0.0,0,0
778,0.0,0.0,0,0
779,2.9622739570633883e-05,0.0,0,0
780,0.0,0.0,0,0
781,0.011947574077227685,0.0,0,0
782,0.0,0.0,0,0
783,0.0,0.0,1,0
784,0.0,0.0,0,0
785,0.0,0.0,1,0
786,0.0,0.0,0,0
787,0.0,0.0,0,0
788,0.0,0.0,0,0
789,0.014087790244791343,0.0,0,0
790,0.01745758166190875,0.0,0,0
791,0.0,0.0,1,0
792,0.012464020145507959,0.0,0,0
793,0.0,0.0,1,0
794,0.0021821951717377885,0.0,1,0
795,0.0,0.0,1,0
796,0.0,0.0,0,0
797,0.0,0.0,1,0
798,0.025392671294775404,0.0,0,0
799,0.019577748095488623,0.0,0,0
800,0.00041366372581202353,0.0,1,0
801,0.0,0.0,0,0
802,0.0,0.0,0,0
803,0.0,0.0,0,0
804,0.03831116920178612,0.0,0,0
805,0.0,0.0,0,0
806,0.0010353751816323253,0.0,0,0
807,0.0,0.0,0,0
808,0.0,0.0,0,0
809,0.0016962659587136386,0.0,0,0
810,0.0,0.0,0,0
811,0.0,0.0,0,0
812,0.0,0.0,1,0
813,0.0,0.0,0,0
814,0.015084851966894242,0.0,0,0
815,0.0,0.0,0,0
816,0.0,0.0,0,0
817,0.0,0.0,0,0
818,0.005309675581095519,0.0,0,0
819,0.004628897292877632,0.0,0,0
820,0.0,0.0,0,0
821,0.0,0.0,0,0
822,0.0,0.0,0,0
823,0.0,0.0,0,0
824,0.03330752172804706,0.0,0,0
825,0.0020302912462222267,0.0,0,0
826,0.0,0.0,0,0
827,0.03813069486799869,0.0,0,0
828,0.012632974833283406,0.0,0,0
829,0.0,0.0,1,0
830,0.030518584089178985,0.00032937424045908196,0,0
831,0.0028097740820928,0.0,0,0
832,0.0,0.0,0,0
833,0.0,0.0,0,0
834,0.002491202029223555,0.0,0,0
835,0.0,0.0,0,0
836,0.024777901728984197,0.0,0,0
837,0.0,0.0,0,0
838,0.0,0.0,0,0
839,0.05338717944288566,0.014379952599373327,0,1
840,0.008490522713931803,0.0,0,0
841,0.0,0.0,0,0
842,0.035514882067310835,0.0,0,0
843,0.023339750258028147,0.0,0,0
844,0.0,0.0,0,0
845,0.0,0.0,1,0
846,0.0,0.0,1,0
847,0.025417624511264746,0.0,0,0
848,0.011677013882114291,0.0,0,0
849,0.0,0.0,0,0
850,0.0,0.0,1,0
851,0.0,0.0,0,0
852,0.0,0.0,1,0
853,0.0,0.0,0,0
854,0.005376120047442257,0.0,0,0
855,0.0,0.0,0,0
856,0.0,0.0,0,0
857,0.0,0.0,0,0
858,0.026873940737366375,0.0,0,0
859,0.0,0.0,0,0
860,0.0,0.0,0,0
861,0.0,0.0,0,0
862,0.0,0.0,1,0
863,0.011582665515923019,0.0,0,0
864,0.0,0.0,0,0
865,0.0,0.0,0,0
866,0.0,0.0,1,0
867,0.0,0.0,0,0
868,0.0,0.0,1,0
869,0.0,0.0,0,0
870,0.0,0.0,0,0
871,0.015305390625064036,0.0,0,0
872,0.0,0.0,0,0
873,0.0,0.0,0,0
874,0.0,0.0,1,0
875,0.0,0.0,0,0
876,0.0073545908056285424,0.0,1,0
877,0.01394168060335943,0.0,1,0
878,0.0,0.0,0,0
879,0.0,0.0,0,0
880,0.017110932640949983,0.0,0,0
881,0.0,0.0,0,0
882,0.0,0.0,1,0
883,0.0,0.0,0,0
884,0.0,0.0,0,0
885,0.016812784194173425,0.0,0,0
886,0.007125403476115899,0.0,0,0
887,0.0,0.0,0,0
888,0.0,0.0,1,0
889,0.0,0.0,0,0
890,0.0,0.0,0,0
891,0.0,0.0,0,0
892,0.0,0.0,0,0
893,0.0,0.0,0,0
894,0.0,0.0,0,0
895,0.0,0.0,0,0
896,0.0,0.0,0,0
897,0.0010293971400878732,0.0,0,0
898,0.0,0.0,0,0
899,0.0,0.0,0,0
900,0.0,0.0,0,0
901,0.0,0.0,0,0
902,0.0,0.0,0,0
903,0.0,0.0,0,0
904,0.0,0.0,1,0
905,0.0,0.0,1,0
906,0.0,0.0,0,0
907,0.013193634332322488,0.0,0,0
908,0.0,0.0,0,0
909,0.0,0.0,0,0
910,0.0017184297273127314,0.0,0,0
911,0.0,0.0,0,0
912,0.01594940119727281,0.0,1,0
913,0.03712139141976856,0.0,0,0
914,0.0,0.0,0,0
915,0.0,0.0,0,0
916,0.0,0.0,1,0
917,0.0,0.0,0,0
918,0.0,0.0,0,0
919,0.0,0.0,0,0
920,0.046435585003314905,0.004023744927349249,0,0
921,0.0,0.0,1,0
922,0.01186255796601099,0.0,0,0
923,0.024043430124231054,0.0,0,0
924,0.0,0.0,0,0
925,0.0028088758890731924,0.0,0,0
926,0.0,0.0,0,0
927,0.0,0.0,0,0
928,0.0,0.0,0,0
929,0.0002351648591369937,0.0,0,0
930,0.01786307544214079,0.0,0,0
931,0.0,0.0,1,0
932,0.02964937093033157,0.0,1,0
933,0.003458304378892052,0.0,0,0
934,0.0038042505532231985,0.0,0,0
935,0.01329982978548065,0.0,0,0
936,0.0,0.0,0,0
937,0.0,0.0,0,0
938,0.0,0.0,0,0
939,0.0,0.0,1,0
940,0.0,0.0,0,0
941,0.0,0.0,0,0
942,0.026515755790118334,0.0,0,0
943,0.0,0.0,0,0
944,0.0,0.0,0,0
945,0.004579079514646599,0.0,0,0
946,0.009743625646408738,0.0,0,0
947,0.0,0.0,1,0
948,0.0,0.0,0,0
949,0.006084201297671858,0.0,0,0
950,0.0,0.0,0,0
951,0.0,0.0,1,0
952,0.012721370981305161,0.0,0,0
953,0.0,0.0,0,0
954,0.0,0.0,0,0
955,0.010845363277941687,0.0,0,0
956,0.0002478083163799383,0.0,0,0
957,0.0,0.0,1,0
958,0.01778836319415067,0.0,0,0
959,0.0141693536127647,0.0,0,0
960,0.004486045259405103,0.0,0,0
961,0.0,0.0,0,0
962,0.0,0.0,1,0
963,0.0,0.0,0,0
964,0.0,0.0,0,0
965,0.0,0.0,0,0
966,0.03602816859661484,0.0,0,0
967,0.0,0.0,0,0
968,0.0,0.0,0,0
969,0.0,0.0,0,0
970,0.026534979824439378,0.0,0,0
971,0.019858515021129057,0.0,0,0
972,0.001506980368238243,0.0,1,0
973,0.0,0.0,0,0
974,0.0,0.0,0,0
975,0.0,0.0,0,0
976,0.013262790698455262,0.0,0,0
977,0.0,0.0,0,0
978,0.019598365858190095,0.0,0,0
979,0.0,0.0,0,0
980,0.009877247159680635,0.0,0,0
981,0.0,0.0,0,0
982,0.0065775561223304635,0.0,0,0
983,0.02508589838083619,0.0,0,0
984,0.0248534995489198,0.0,1,0
985,0.0,0.0,0,0
986,0.0,0.0,0,0
987,0.0,0.0,0,0
988,0.0,0.0,0,0
989,0.001116505745830807,0.0,0,0
990,0.013729286358102222,0.0,0,0
991,0.004861552839878769,0.0,0,0
992,0.0,0.0,0,0
993,0.027206820333884885,0.0,0,0
994,0.0,0.0,0,0
995,0.03831353787796211,0.008313534917812993,0,0
996,0.0,0.0,0,0
997,0.03758996837066775,0.0,0,0
998,0.006092896329159991,0.0,0,0
999,0.0,0.0,0,0
1000,0.0,0.0,0,0
1001,0.0,0.0,0,0
1002,0.0,0.0,0,0
1003,0.021502773729143988,0.0,0,0
1004,0.0,0.0,0,0
1005,0.0,0.0,0,0
1006,0.012263692918002889,0.0,0,0
1007,0.0,0.0,0,0
1008,0.0304912225179416,0.0,0,0
1009,0.04454581230587331,0.009809344527069979,0,0
1010,0.01719509907041683,0.0,0,0
1011,0.0,0.0,0,0
1012,0.0,0.0,0,0
1013,0.0,0.0,0,0
1014,0.03573859801513635,0.0,0,0
1015,0.03339904771648372,0.0,0,0
1016,0.0,0.0,0,0
1017,0.0,0.0,1,0
1018,0.010856401374027996,0.0,0,0
1019,0.008276297544107835,0.0,0,0
1020,0.0031835586527728665,0.0,0,0
1021,0.021672810973442758,0.0,0,0
1022,0.0,0.0,0,0
1023,0.006185987453789288,0.0,0,0
1024,0.0,0.0,0,0
1025,0.015113443532851711,0.0,0,0
1026,0.0,0.0,1,0
1027,0.0,0.0,0,0
1028,0.0,0.0,0,0
1029,0.018613168862576857,0.0,0,0
1030,0.0,0.0,0,0
1031,0.01497942899794655,0.0,0,0
1032,0.030993916481255934,0.0,0,0
1033,0.0,0.0,1,0
1034,0.0,0.0,0,0
1035,0.0018155056396524927,0.0,0,0
1036,0.0,0.0,0,0
1037,0.0,0.0,1,0
1038,0.0,0.0,0,0
1039,0.03718652815666089,0.007186525196511855,0,0
1040,0.0,0.0,0,0
1041,0.0,0.0,0,0
1042,0.0,0.0,0,0
1043,0.017873719005876865,0.0,0,0
1044,0.003090356450989873,0.0,0,0
1045,0.028345581737898584,0.0,0,0
1046,0.01274114362012746,0.0,0,0
1047,0.01796558091380973,0.0,0,0
1048,0.0,0.0,0,0
1049,0.02970991357610547,0.0,0,0
1050,0.0,0.0,0,0
1051,0.014967567818444216,0.0,0,0
1052,0.0026581998080905003,0.0,1,0
1053,0.0,0.0,0,0
1054,0.0,0.0,0,0
1055,0.0,0.0,0,0
1056,0.020141075793393245,0.0,0,0
1057,0.00857659627861107,0.0,0,0
1058,0.004733133993155534,0.0,0,0
1059,0.0,0.0,0,0
1060,0.0,0.0,0,0
1061,0.0,0.0,0,0
1062,0.0,0.0,1,0
1063,0.016761740466827213,0.0,0,0
1064,0.0,0.0,1,0
1065,0.0,0.0,0,0
1066,0.01456371098657705,0.0,0,0
1067,0.020119490000167613,0.0,0,0
1068,0.025184008886764534,0.0,0,0
1069,0.00797427079728763,0.0,0,0
1070,0.0,0.0,0,0
1071,0.0014801783236570998,0.0,0,0
1072,0.004347607638593895,0.0,0,0
1073,0.0,0.0,1,0
1074,0.0,0.0,0,0
1075,0.0,0.0,0,0
1076,0.0,0.0,0,0
1077,0.0,0.0,0,0
1078,0.020676047955504786,0.0,0,0
1079,0.0,0.0,0,0
1080,0.015726450376091404,0.0,0,0
1081,0.0,0.0,0,0
1082,0.02591394565567562,0.0,0,0
1083,0.02635549605295232,0.0,0,0
1084,0.0,0.0,0,0
1085,0.0,0.0,0,0
1086,0.0,0.0,0,0
1087,0.02584512451793623,0.0,0,0
1088,0.02834124704494445,0.0,1,0
1089,0.0,0.0,0,0
1090,0.0,0.0,0,0
1091,0.0,0.0,1,0
1092,0.0,0.0,0,0
1093,0.014081330963731986,0.0,0,0
1094,0.0,0.0,0,0
1095,0.0,0.0,0,0
1096,0.0,0.0,1,0
1097,0.0,0.0,0,0
1098,0.0,0.0,0,0
1099,0.0,0.0,0,0
1100,0.0,0.0,0,0
1101,0.0,0.0,0,0
1102,0.0,0.0,0,0
1103,0.004867236010163367,0.0,0,0
1104,0.0,0.0,1,0
1105,0.0,0.0,0,0
1106,0.0243782891601958,0.0,0,0
1107,0.0006066211074227112,0.0,0,0
1108,0.0,0.0,0,0
1109,0.0,0.0,0,0
1110,0.0,0.0,0,0
1111,0.0,0.0,1,0
1112,0.0,0.0,0,0
1113,0.0,0.0,0,0
1114,0.0,0.0,0,0
1115,0.0,0.0,0,0
1116,0.0,0.0,0,0
1117,0.0,0.0,1,0
1118,0.032579664556474944,0.002579661596326968,0,0
1119,0.0,0.0,0,0
1120,0.0,0.0,0,0
1121,0.0,0.0,0,0
1122,0.0,0.0,0,0
1123,0.025516189365323072,0.0,0,0
1124,0.0,0.0,0,0
1125,0.035948062442230685,0.005948059482081986,0,0
1126,0.0,0.0,0,0
1127,0.00527649399920449,0.0,0,0
1128,0.01947979401319877,0.0,0,0
1129,0.0,0.0,0,0
1130,0.00838514247976807,0.0,0,0
1131,0.020508609723686178,0.0,0,0
1132,0.0115819317539073,0.0,0,0
1133,0.0,0.0,0,0
1134,0.0,0.0,0,0
1135,0.0,0.0,0,0
1136,0.0,0.0,0,0
1137,0.0,0.0,0,0
1138,0.01670822526562077,0.0,1,0
1139,0.0,0.0,0,0
1140,0.0339675193327853,0.0,0,0
1141,0.0,0.0,0,0
1142,0.0,0.0,1,0
1143,0.024184930648829095,0.0,0,0
1144,0.0,0.0,0,0
1145,0.0,0.0,0,0
1146,0.0,0.0,0,0
1147,0.0,0.0,0,0
1148,0.0005552304713232203,0.0,0,0
1149,0.018530200918694284,0.0,0,0
1150,0.0,0.0,1,0
1151,0.0,0.0,1,0
1152,0.0,0.0,0,0
1153,0.0,0.0,0,0
1154,0.003260357745371145,0.0,0,0
1155,0.011650671276959734,0.0,0,0
1156,0.0,0.0,0,0
1157,0.03945864429125656,0.0,0,0
1158,0.02237176282430637,0.0,0,0
1159,0.0,0.0,0,0
1160,0.0,0.0,0,0
1161,0.0006609266642660927,0.0,0,0
1162,0.0008219877288944133,0.0,0,0
1163,0.031452105577562534,0.001452102617414244,0,0
1164,0.012738236393200347,0.0,0,0
1165,0.0,0.0,0,0
1166,0.0,0.0,0,0
1167,0.02092725702233593,0.0,0,0
1168,0.0,0.0,0,0
1169,0.008789459073379607,0.0,0,0
1170,0.0,0.0,0,0
1171,0.0,0.0,0,0
1172,0.0,0.0,1,0
1173,0.0,0.0,0,0
1174,0.007522095357769487,0.0,0,0
1175,0.0,0.0,1,0
1176,0.0,0.0,0,0
1177,0.0177656161426194,0.0,0,0
1178,0.032353811525293076,0.00235380856514526,0,0
1179,0.046898553973835515,0.016898551013686883,0,0
1180,0.0,0.0,0,0
1181,0.0,0.0,0,0
1182,0.0,0.0,0,0
1183,0.0,0.0,0,0
1184,0.0,0.0,1,0
1185,0.0,0.0,0,0
1186,0.04431102750799898,0.0019781720919427315,0,0
1187,0.0200860175422574,0.0,0,0
1188,0.01903979231633851,0.0,0,0
1189,0.001665260690374204,0.0,0,0
1190,0.0,0.0,0,0
1191,0.0,0.0,0,0
1192,0.012290957831819327,0.0,0,0
1193,0.0,0.0,0,0
1194,0.038940452818521556,0.0,0,0
1195,0.002577310615893502,0.0,0,0
1196,0.01794746374717759,0.0,0,0
1197,0.0,0.0,0,0
1198,0.0,0.0,0,0
1199,0.023384830398869343,0.0,0,0
1200,0.0,0.0,0,0
1201,0.016788785857331203,0.0,0,0
1202,0.019369139418459604,0.0,0,0
1203,0.0,0.0,0,0
1204,0.0,0.0,1,0
1205,0.0012224992427043446,0.0,0,0
1206,0.0,0.0,1,0
1207,0.0,0.0,0,0
1208,0.0,0.0,0,0
1209,0.0,0.0,0,0
1210,0.0,0.0,0,0
1211,0.012135635134962186,0.0,0,0
1212,0.03780672083161007,0.005776504175015015,0,0
1213,0.0,0.0,0,0
1214,0.0,0.0,0,0
1215,0.020604028166448414,0.0,0,0
1216,0.0,0.0,0,0
1217,0.0,0.0,0,0
1218,0.0029130297018760292,0.0,1,0
1219,0.0037597302455791848,0.0,0,0
1220,0.0,0.0,1,0
1221,0.005736742685533959,0.0,0,0
1222,0.0049136670661509285,0.0,1,0
1223,0.0,0.0,0,0
1224,0.01145010114304501,0.0,0,0
1225,0.025142861404155413,0.0,0,0
1226,0.0,0.0,0,0
1227,0.0,0.0,0,0
1228,0.009561762738963253,0.0,0,0
1229,0.02174324121009343,0.0,0,0
1230,0.040432364265113555,0.01043236130496458,0,0
1231,0.02903995550021919,0.0,0,0
1232,0.0,0.0,0,0
1233,0.028572425601284264,0.0,0,0
1234,0.0,0.0,0,0
1235,0.0,0.0,0,0
1236,0.0,0.0,1,0
1237,0.0,0.0,0,0
1238,0.0,0.0,0,0
1239,0.023228548989683517,0.0,0,0
1240,0.0,0.0,0,0
1241,0.0,0.0,0,0
1242,0.0,0.0,0,0
1243,0.0,0.0,1,0
1244,0.0,0.0,0,0
1245,0.0,0.0,0,0
1246,0.0,0.0,0,0
1247,0.0,0.0,0,0
1248,0.007634610118678443,0.0,0,0
1249,0.0,0.0,1,0
1250,0.0,0.0,0,0
1251,0.02833643569846523,0.0,0,0
1252,0.012518804786687819,0.0,0,0
1253,0.016436379394900946,0.0,0,0
1254,0.024809707243226065,0.0,0,0
1255,0.0,0.0,1,0
1256,0.0,0.0,1,0
1257,0.03996142575765625,0.009961422797507535,0,0
1258,0.0,0.0,0,0
1259,0.022971403806049544,0.0,0,0
1260,0.02661795060570693,0.0,0,0
1261,0.0006525912494612362,0.0,0,0
1262,0.0,0.0,1,0
1263,0.0,0.0,0,0
1264,0.0,0.0,0,0
1265,0.0,0.0,0,0
1266,0.0,0.0,0,0
1267,0.0,0.0,0,0
1268,0.013205155627064258,0.0,0,0
1269,0.0,0.0,0,0
1270,0.0,0.0,0,0
1271,0.0,0.0,1,0
1272,0.01713330988783568,0.0,0,0
1273,0.006026774057340312,0.0,0,0
1274,0.010267333854715233,0.0,0,0
1275,0.0,0.0,0,0
1276,1.0560448767904518e-05,0.0,0,0
1277,0.0,0.0,1,0
1278,0.0,0.0,1,0
1279,0.0,0.0,0,0
1280,0.0,0.0,0,0
1281,0.0,0.0,0,0
1282,0.0,0.0,0,0
1283,0.0,0.0,0,0
1284,0.0,0.0,0,0
1285,0.0,0.0,0,0
1286,0.0,0.0,0,0
1287,0.0,0.0,1,0
1288,0.010605564320798943,0.0,0,0
1289,0.0,0.0,0,0
1290,0.0,0.0,0,0
1291,0.005811325947977508,0.0,0,0
1292,0.0,0.0,0,0
1293,0.0,0.0,0,0
1294,0.0007075411068052443,0.0,0,0
1295,0.00030258068204869204,0.0,0,0
1296,0.0,0.0,0,0
1297,0.0005049823848555235,0.0,1,0
1298,0.0,0.0,0,0
1299,0.0,0.0,0,0
1300,0.022199605950416493,0.0,0,0
1301,0.008937197595481727,0.0,0,0
1302,0.0,0.0,0,0
1303,0.01218654001357411,0.0,0,0
1304,0.013995455562534787,0.0,0,0
1305,0.011094883402115795,0.0,0,0
1306,0.0,0.0,0,0
1307,0.00959933027924338,0.0,0,0
1308,0.006801671503407518,0.0,0,0
1309,0.0,0.0,0,0
1310,0.0,0.0,0,0
1311,0.0,0.0,0,0
1312,0.0,0.0,0,0
1313,0.0,0.0,0,0
1314,0.012664868466556456,0.0,0,0
1315,0.0,0.0,0,0
1316,0.04247587715773933,0.012343249781192648,0,0
1317,0.0,0.0,0,0
1318,0.0,0.0,0,0
1319,0.0,0.0,0,0
1320,0.0,0.0,1,0
1321,0.0,0.0,0,0
1322,0.0,0.0,0,0
1323,0.002622664040715253,0.0,1,0
1324,0.014112466914692364,0.0,0,0
1325,0.041028368872633024,0.011028365912485082,0,0
1326,0.0034940849565456844,0.0,0,0
1327,0.0,0.0,0,0
1328,0.0,0.0,0,0
1329,0.04344946527062185,0.011764349207252273,0,0
1330,0.024808625333663237,0.0,0,0
1331,0.0,0.0,1,0
1332,0.0,0.0,0,0
1333,0.0,0.0,0,0
1334,0.0,0.0,0,0
1335,0.0,0.0,1,0
1336,0.0,0.0,0,0
1337,0.0,0.0,0,0
1338,0.0,0.0,0,0
1339,0.0,0.0,0,0
1340,0.0,0.0,1,0
1341,0.007438432899031788,0.0,0,0
1342,0.0,0.0,0,0
1343,0.0,0.0,1,0
1344,0.0,0.0,0,0
1345,0.012347550040229643,0.0,0,0
1346,0.002308328187597297,0.0,1,0
1347,0.0,0.0,0,0
1348,0.0,0.0,0,0
1349,0.0,0.0,0,0
1350,0.0,0.0,1,0
1351,0.0,0.0,1,0
1352,0.003127909710489727,0.0,0,0
1353,0.031967126503734455,0.0,0,0
1354,0.0,0.0,0,0
1355,0.006048647601759167,0.0,0,0
1356,0.009852819423686654,0.0,0,0
1357,0.0,0.0,0,0
1358,0.0,0.0,0,0
1359,0.017230151617233333,0.0,0,0
1360,0.0,0.0,1,0
1361,0.012907945431594204,0.0,0,0
1362,0.0,0.0,0,0
1363,0.0,0.0,1,0
1364,0.00406232455399369,0.0,0,0
1365,0.0,0.0,0,0
1366,0.01554330071698181,0.0,1,0
1367,0.0,0.0,0,0
1368,0.0,0.0,0,0
1369,0.0,0.0,0,0
1370,0.0,0.0,0,0
1371,0.0,0.0,0,0
1372,0.0032091030497936046,0.0,0,0
1373,0.0,0.0,0,0
1374,0.02658587161415138,0.0,0,0
1375,0.0,0.0,0,0
1376,0.010543811642300227,0.0,0,0
1377,0.0,0.0,0,0
1378,0.01982473683790913,0.0,0,0
1379,0.0012870722902503966,0.0,0,0
1380,0.02803544325659246,0.0,0,0
1381,9.883316492409477e-05,0.0,0,0
1382,0.0,0.0,1,0
1383,0.0,0.0,0,0
1384,0.0,0.0,1,0
1385,0.0,0.0,0,0
1386,0.0,0.0,0,0
1387,0.0,0.0,0,0
1388,0.0,0.0,1,0
1389,0.02568531460015601,0.0,0,0
1390,0.007167975870930654,0.0,0,0
1391,0.0,0.0,0,0
1392,0.021472180104561644,0.0,0,0
1393,0.0,0.0,0,0
1394,0.05359292416189554,0.012264410581857454,0,1
1395,0.018122164055021095,0.0,0,0
1396,0.0,0.0,0,0
1397,0.00494146314595767,0.0,1,0
1398,0.005759446478300845,0.0,1,0
1399,0.021466445254772815,0.0,1,0
1400,0.0,0.0,1,0
1401,0.0024323727814490326,0.0,1,0
1402,0.022537449853246367,0.0,0,0
1403,0.026640141913087056,0.0,0,0
1404,0.0,0.0,0,0
1405,0.006924372947367807,0.0,0,0
1406,0.013238976305322225,0.0,0,0
1407,0.0,0.0,0,0
1408,0.0,0.0,0,0
1409,0.02263879792996093,0.0,0,0
1410,0.037435273793586354,0.0,0,0
1411,0.022753720732604066,0.0,0,0
1412,0.0,0.0,0,0
1413,0.0,0.0,0,0
1414,0.0,0.0,0,0
1415,0.022764398386357243,0.0,0,0
1416,0.0,0.0,1,0
1417,0.0,0.0,0,0
1418,0.0,0.0,0,0
1419,0.0,0.0,0,0
1420,0.0,0.0,0,0
1421,0.0,0.0,0,0
1422,0.0,0.0,0,0
1423,0.0,0.0,1,0
1424,0.0,0.0,0,0
1425,0.01217494795579469,0.0,1,0
1426,0.0,0.0,0,0
1427,0.01987649170430493,0.0,0,0
1428,0.0,0.0,0,0
1429,0.006841971772824529,0.0,0,0
1430,0.0012930250227540796,0.0,0,0
1431,0.022514187244233597,0.0,0,0
1432,0.03132836371726002,0.001328360757111778,0,0
1433,0.023196285099718224,0.0,0,0
1434,0.0,0.0,0,0
1435,0.0,0.0,0,0
1436,0.020204043868411386,0.0,0,0
1437,0.0,0.0,0,0
1438,0.015210935468404685,0.0,0,0
1439,0.0,0.0,1,0
1440,0.0,0.0,0,0
1441,0.0035380687869190908,0.0,0,0
1442,0.0,0.0,0,0
1443,0.0,0.0,1,0
1444,0.038187631467187746,0.005381629744908971,0,0
1445,0.020882118205230248,0.0,0,0
1446,0.000671397735351853,0.0,0,0
1447,0.0035766480224062036,0.0,0,0
1448,0.0,0.0,0,0
1449,0.0,0.0,1,0
1450,0.0,0.0,0,0
1451,0.0,0.0,0,0
1452,0.0,0.0,0,0
1453,0.0,0.0,0,0
1454,0.0,0.0,0,0
1455,0.0,0.0,0,0
1456,0.0,0.0,1,0
1457,0.0,0.0,1,0
1458,0.032579344002005045,0.001988066660872146,0,0
1459,0.00839115647215549,0.0,0,0
1460,0.05294258970098516,0.022942586740837077,0,1
1461,0.0,0.0,0,0
1462,0.001451450727889967,0.0,0,0
1463,0.0,0.0,0,0
1464,0.042756619580103364,0.012756616619954936,0,0
1465,0.029941022692636588,0.0,0,0
1466,0.0,0.0,1,0
1467,0.0034654235491568116,0.0,0,0
1468,0.0016195726414318656,0.0,0,0
1469,0.002081757979325083,0.0,0,0
1470,0.0,0.0,0,0
1471,0.0,0.0,0,0
1472,0.0,0.0,0,0
1473,0.0,0.0,0,0
1474,0.04235010034982366,0.011476442938094474,0,0
1475,0.003159589855120437,0.0,1,0
1476,0.0,0.0,0,0
1477,0.0,0.0,0,0
1478,0.0,0.0,0,0
1479,0.04282704909512497,0.011808905837288448,0,0
1480,0.0,0.0,0,0
1481,0.0,0.0,1,0
1482,0.0,0.0,0,0
1483,0.006956175043842288,0.0,0,0
1484,0.0,0.0,0,0
1485,0.010265928461775431,0.0,0,0
1486,0.0,0.0,0,0
1487,0.0,0.0,0,0
1488,0.008896586136469153,0.0,0,0
1489,0.0,0.0,0,0
1490,0.0,0.0,0,0
1491,0.0,0.0,1,0
1492,0.009384120506144455,0.0,0,0
1493,0.0,0.0,0,0
1494,0.0,0.0,0,0
1495,0.0004928153887963199,0.0,0,0
1496,0.028798196536777357,0.0,0,0
1497,0.0,0.0,0,0
1498,0.0,0.0,1,0
1499,0.0,0.0,1,0
1500,0.0,0.0,0,0
1501,0.0,0.0,0,0
1502,0.003093289532675847,0.0,0,0
1503,0.0,0.0,0,0
1504,0.0,0.0,0,0
1505,0.0,0.0,0,0
1506,0.0,0.0,0,0
1507,0.0,0.0,0,0
1508,0.0006758589533948367,0.0,1,0
1509,0.0,0.0,1,0
1510,0.010421695357012916,0.0,0,0
1511,0.0,0.0,0,0
1512,0.0,0.0,1,0
1513,0.0,0.0,0,0
1514,0.0,0.0,0,0
1515,0.0,0.0,0,0
1516,0.02483392699901188,0.0,0,0
1517,0.0,0.0,0,0
1518,0.0,0.0,0,0
1519,0.0,0.0,0,0
1520,0.0019635999785609926,0.0,0,0
1521,0.006260478197541275,0.0,0,0
1522,0.0,0.0,0,0
1523,0.0,0.0,0,0
1524,0.0008802384271415775,0.0,0,0
1525,0.0,0.0,0,0
1526,0.0,0.0,0,0
1527,0.0,0.0,1,0
1528,0.0,0.0,1,0
1529,0.0,0.0,1,0
1530,0.0,0.0,0,0
1531,0.0,0.0,0,0
1532,0.0,0.0,0,0
1533,0.0,0.0,0,0
1534,0.013275113244459529,0.0,0,0
1535,0.0,0.0,1,0
1536,0.003940116491571999,0.0,0,0
1537,0.0,0.0,0,0
1538,0.0015847772925994931,0.0,0,0
1539,0.0014032918288373608,0.0,0,0
1540,0.011558604642173616,0.0,0,0
1541,0.0,0.0,0,0
1542,0.0,0.0,0,0
1543,0.022143357697285454,0.0,0,0
1544,0.0,0.0,1,0
1545,0.009832041013640769,0.0,0,0
1546,0.0,0.0,0,0
1547,0.0,0.0,0,0
1548,0.0,0.0,0,0
1549,0.0,0.0,0,0
1550,0.006524603385873444,0.0,1,0
1551,0.02075031810508,0.0,0,0
1552,0.0032413194245198974,0.0,1,0
1553,0.0,0.0,0,0
1554,0.0,0.0,0,0
1555,0.024375577657366622,0.0,0,0
1556,0.0,0.0,0,0
1557,0.007376176495649922,0.0,0,0
1558,0.00034705000196805794,0.0,0,0
1559,0.0,0.0,0,0
1560,0.0,0.0,0,0
1561,0.0,0.0,1,0
1562,0.0,0.0,0,0
1563,0.0,0.0,0,0
1564,0.05588486865996408,0.019698427301498664,0,1
1565,0.017510980732929227,0.0,0,0
1566,0.007217948778467154,0.0,0,0
1567,0.012237216320747023,0.0,0,0
1568,0.0,0.0,0,0
1569,0.028010853444540018,0.0,0,0
1570,0.010949402772516579,0.0,0,0
1571,0.0,0.0,0,0
1572,0.0,0.0,0,0
1573,0.006926686854208721,0.0,0,0
1574,0.0,0.0,0,0
1575,0.0,0.0,0,0
1576,0.0,0.0,0,0
1577,0.0,0.0,0,0
1578,0.024310725349840582,0.0,0,0
1579,0.0,0.0,0,0
1580,0.0,0.0,0,0
1581,0.00030960425144321846,0.0,0,0
1582,0.026917759514251485,0.0,0,0
1583,0.004178178457680204,0.0,0,0
1584,0.0020470184359382415,0.0,0,0
1585,0.008007171442225847,0.0,0,0
1586,0.043117034734894595,0.010020179265685002,0,0
1587,0.0,0.0,0,0
1588,0.0,0.0,0,0
1589,0.0,0.0,1,0
1590,0.013673247170122416,0.0,0,0
1591,0.0,0.0,1,0
1592,0.001765408244137546,0.0,0,0
1593,0.00587469316252065,0.0,0,0
1594,0.0,0.0,0,0
1595,0.005144931686639065,0.0,0,0
1596,0.01661352836897123,0.0,0,0
1597,0.0,0.0,0,0
1598,0.0,0.0,0,0
1599,0.0,0.0,0,0
1600,0.01241154638115649,0.0,0,0
1601,0.0,0.0,0,0
1602,0.002784494914049696,0.0,0,0
1603,0.0,0.0,0,0
1604,0.0,0.0,0,0
1605,0.02237551484777397,0.0,0,0
1606,0.0,0.0,0,0
1607,0.006361575495790639,0.0,0,0
1608,0.04137343325741303,0.0016475358648778294,0,0
1609,0.0,0.0,1,0
1610,0.0,0.0,0,0
1611,0.00905327244559162,0.0,0,0
1612,0.0,0.0,0,0
1613,0.0,0.0,1,0
1614,0.0033047895965809815,0.0,0,0
1615,0.0,0.0,0,0
1616,0.0,0.0,1,0
1617,0.0,0.0,0,0
1618,0.0,0.0,0,0
1619,0.0,0.0,0,0
1620,0.014878302294855317,0.0,0,0
1621,0.0,0.0,0,0
1622,0.0026849666136854466,0.0,0,0
1623,0.022245824778512325,0.0,0,0
1624,0.0,0.0,0,0
1625,0.0,0.0,0,0
1626,0.0,0.0,0,0
1627,0.01101336052596215,0.0,0,0
1628,0.010161114238710566,0.0,0,0
1629,0.0,0.0,1,0
1630,0.0,0.0,0,0
1631,0.0,0.0,0,0
1632,0.0,0.0,0,0
1633,0.0,0.0,1,0
1634,0.0,0.0,0,0
1635,0.0,0.0,0,0
1636,0.0,0.0,0,0
1637,0.01240650349717976,0.0,0,0
1638,0.0001926922290858002,0.0,0,0
1639,0.00471873639820064,0.0,0,0
1640,0.00624689353011032,0.0,0,0
1641,0.0,0.0,0,0
1642,0.019891142007431837,0.0,0,0
1643,0.0005868253328562732,0.0,0,0
1644,0.0,0.0,0,0
1645,0.013494126218415762,0.0,0,0
1646,0.0,0.0,0,0
1647,0.0,0.0,0,0
1648,0.0,0.0,0,0
1649,0.016137985377024044,0.0,1,0
1650,0.0,0.0,0,0
1651,0.0,0.0,0,0
1652,0.0,0.0,1,0
1653,0.01366922692304321,0.0,0,0
1654,0.011930102890485017,0.0,0,0
1655,0.013899337121188182,0.0,0,0
1656,0.0,0.0,0,0
1657,0.0,0.0,1,0
1658,0.0,0.0,0,0
1659,0.0,0.0,0,0
1660,0.012361049620365883,0.0,0,0
1661,0.011964028246310043,0.0,0,0
1662,0.0,0.0,0,0
1663,0.03288294421526782,0.0028829412551191085,0,0
1664,0.0,0.0,0,0
1665,0.0,0.0,0,0
1666,0.011295521976170342,0.0,0,0
1667,0.00788493032087434,0.0,0,0
1668,0.0,0.0,1,0
1669,0.0,0.0,1,0
1670,0.0,0.0,0,0
1671,0.0,0.0,0,0
1672,0.0,0.0,0,0
1673,0.0,0.0,0,0
1674,0.00514580416100241,0.0,0,0
1675,0.0,0.0,1,0
1676,0.0,0.0,0,0
1677,0.0,0.0,1,0
1678,0.0029249984572183862,0.0,0,0
1679,0.00018648095527689802,0.0,0,0
1680,0.010047173824721253,0.0,0,0
1681,0.0,0.0,0,0
1682,0.0,0.0,0,0
1683,0.018649312871827917,0.0,0,0
1684,0.0,0.0,0,0
1685,0.0,0.0,0,0
1686,0.03620774146334208,0.001155983901453987,0,0
1687,0.0,0.0,1,0
1688,0.011298884292819937,0.0,0,0
1689,0.000624331161001912,0.0,0,0
1690,0.0,0.0,1,0
1691,0.0,0.0,0,0
1692,0.0,0.0,0,0
1693,0.0,0.0,1,0
1694,0.002359042977776774,0.0,0,0
1695,0.0,0.0,0,0
1696,0.0,0.0,1,0
1697,0.0,0.0,0,0
1698,0.0,0.0,0,0
1699,0.0006196294322613483,0.0,0,0
1700,0.0,0.0,0,0
1701,0.016107638001001234,0.0,0,0
1702,0.0013755733167195427,0.0,0,0
1703,0.0,0.0,0,0
1704,0.0,0.0,1,0
1705,0.0,0.0,0,0
1706,0.0,0.0,0,0
1707,0.0,0.0,0,0
1708,0.0,0.0,0,0
1709,0.0,0.0,0,0
1710,0.0,0.0,0,0
1711,0.0,0.0,0,0
1712,0.033937462602266266,0.0039374596421183905,0,0
1713,0.0,0.0,0,0
1714,0.0,0.0,0,0
1715,0.005055469259390044,0.0,1,0
1716,0.0,0.0,0,0
1717,0.0,0.0,0,0
1718,0.0,0.0,0,0
1719,0.0,0.0,0,0
1720,0.0,0.0,0,0
1721,0.0,0.0,0,0
1722,0.031952912453881765,0.0,0,0
1723,0.0,0.0,1,0
1724,0.003901448318447187,0.0,0,0
1725,0.04688205463592515,0.014365158603775015,0,0
1726,0.0,0.0,0,0
1727,0.0,0.0,1,0
1728,0.0,0.0,1,0
1729,0.019087730791310622,0.0,0,0
1730,0.0,0.0,0,0
1731,0.016877179005205356,0.0,0,0
1732,0.01603897895233164,0.0,0,0
1733,0.0,0.0,0,0
1734,0.03986095708174482,0.007255679528548762,0,0
1735,0.032296093262331786,0.0022960903021835275,0,0
1736,0.007669094445763136,0.0,0,0
1737,0.0,0.0,0,0
1738,0.02678564545337632,0.0,0,0
1739,0.017920600126190678,0.0,0,0
1740,0.0,0.0,0,0
1741,0.0,0.0,0,0
1742,0.0,0.0,1,0
1743,0.0,0.0,0,0
1744,0.013015009608781198,0.0,1,0
1745,0.01946816429892317,0.0,0,0
1746,0.0,0.0,0,0
1747,0.0,0.0,0,0
1748,0.008888938118006173,0.0,0,0
1749,0.0,0.0,0,0
1750,0.013266992067300976,0.0,0,0
1751,0.0,0.0,0,0
1752,0.0,0.0,0,0
1753,0.003173475431042405,0.0,0,0
1754,0.025493707207956184,0.0,0,0
1755,0.0,0.0,0,0
1756,0.0,0.0,0,0
1757,0.0,0.0,0,0
1758,0.0,0.0,1,0
1759,0.0,0.0,0,0
1760,0.010514192540721003,0.0,0,0
1761,0.0,0.0,0,0
1762,0.014756833195933794,0.0,0,0
1763,0.0,0.0,0,0
1764,0.0,0.0,0,0
1765,0.004585061548696423,0.0,0,0
1766,0.0,0.0,0,0
1767,0.006334313827452753,0.0,0,0
1768,0.021236016335796748,0.0,1,0
1769,0.0,0.0,0,0
1770,0.005066848346982233,0.0,0,0
1771,0.0,0.0,0,0
1772,0.02155478117392562,0.0,0,0
1773,0.0,0.0,0,0
1774,0.002317927927919985,0.0,0,0
1775,0.0,0.0,0,0
1776,0.014994676098854853,0.0,0,0
1777,0.0,0.0,1,0
1778,0.0013178742823765077,0.0,0,0
1779,0.02009738713505356,0.0,0,0
1780,0.0,0.0,0,0
1781,0.018732539871137988,0.0,0,0
1782,0.0,0.0,0,0
1783,0.008441997773470433,0.0,0,0
1784,0.0,0.0,1,0
1785,0.0,0.0,0,0
1786,0.006127743070641678,0.0,0,0
1787,0.004149452242654839,0.0,1,0
1788,0.0009286561257586767,0.0,0,0
1789,0.0,0.0,0,0
1790,0.0,0.0,0,0
1791,0.0066353088161683615,0.0,0,0
1792,0.028823086777167786,0.0,0,0
1793,0.0,0.0,0,0
1794,0.024903877301528432,0.0,0,0
1795,0.011302858233420731,0.0,0,0
1796,0.0,0.0,0,0
1797,0.0,0.0,0,0
1798,0.0,0.0,1,0
1799,0.0002916001400530137,0.0,0,0
1800,0.03227377203449779,0.0,0,0
1801,0.004830710815681094,0.0,0,0
1802,0.0,0.0,0,0
1803,0.0,0.0,0,0
1804,0.0,0.0,0,0
1805,0.02189870113126686,0.0,0,0
1806,0.0,0.0,0,0
1807,0.003449848834318203,0.0,0,0
1808,0.0,0.0,0,0
1809,0.0,0.0,1,0
1810,0.017863439720563718,0.0,0,0
1811,0.0028677651507881758,0.0,0,0
1812,0.0,0.0,0,0
1813,0.0,0.0,0,0
1814,0.012268141449880865,0.0,0,0
1815,0.0,0.0,0,0
1816,0.0054097127918799615,0.0,0,0
1817,0.0,0.0,0,0
1818,0.0119033961189548,0.0,0,0
1819,0.0,0.0,1,0
1820,0.02968273859281112,0.0,0,0
1821,0.0,0.0,0,0
1822,0.04981168069757227,0.019811677737423303,0,0
1823,0.0,0.0,0,0
1824,0.0,0.0,0,0
1825,0.007346011062232982,0.0,0,0
1826,0.04611519539997019,0.016115192439822013,0,0
1827,0.0,0.0,0,0
1828,0.0,0.0,0,0
1829,0.0,0.0,0,0
1830,0.0,0.0,0,0
1831,0.0,0.0,0,0
1832,0.019030980252992526,0.0,0,0
1833,0.0,0.0,0,0
1834,0.029022238100421482,0.0,0,0
1835,0.009472046714362747,0.0,0,0
1836,0.0,0.0,1,0
1837,0.01721728681776112,0.0,0,0
1838,0.0,0.0,0,0
1839,0.0,0.0,0,0
1840,0.0,0.0,0,0
1841,0.0,0.0,0,0
1842,0.0,0.0,0,0
1843,0.0,0.0,0,0
1844,0.0,0.0,0,0
1845,0.0,0.0,1,0
1846,0.0010746616574923706,0.0,0,0
1847,0.0,0.0,1,0
1848,0.0031212546798550164,0.0,0,0
1849,0.0,0.0,0,0
1850,0.011522787614251837,0.0,0,0
1851,0.01577799408956082,0.0,0,0
1852,0.007217485928657119,0.0,0,0
1853,0.0,0.0,0,0
1854,0.0029649349084150964,0.0,1,0
1855,0.0,0.0,0,0
1856,0.02636524178798716,0.0,0,0
1857,0.0,0.0,0,0
1858,0.04253920924011317,0.009375141866736492,0,0
1859,0.04900675565199464,0.006617032085985741,0,0
1860,0.0,0.0,0,0
1861,0.045825682416266764,0.015825679456118485,0,0
1862,0.018772970607652262,0.0,0,0
1863,0.0,0.0,0,0
1864,0.0,0.0,0,0
1865,0.01086957928982601,0.0,0,0
1866,0.0,0.0,0,0
1867,0.047126924739421455,0.01702023403677199,0,0
1868,0.0,0.0,0,0
1869,0.0029509257311576068,0.0,0,0
1870,0.0,0.0,0,0
1871,0.0,0.0,0,0
1872,0.0,0.0,0,0
1873,0.014043234804134386,0.0,0,0
1874,0.008360529845728718,0.0,0,0
1875,0.0,0.0,0,0
1876,0.007505770631435205,0.0,0,0
1877,0.0,0.0,0,0
1878,0.0,0.0,0,0
1879,0.0,0.0,0,0
1880,0.0,0.0,0,0
1881,0.0,0.0,0,0
1882,0.004298146635428884,0.0,0,0
1883,0.006261854905158345,0.0,0,0
1884,0.0,0.0,0,0
1885,0.0,0.0,0,0
1886,0.0,0.0,0,0
1887,0.04154234265128916,0.004487395957112561,0,0
1888,0.005816188689633389,0.0,1,0
1889,0.0,0.0,0,0
1890,0.014734665816811479,0.0,0,0
1891,0.012260908976449159,0.0,0,0
1892,0.0036478780818688904,0.0,0,0
1893,0.0,0.0,1,0
1894,0.007451815932219219,0.0,0,0
1895,0.0,0.0,0,0
1896,0.021107912200386103,0.0,0,0
1897,0.017372974665323504,0.0,0,0
1898,0.0001340935685760769,0.0,0,0
1899,0.0,0.0,0,0
1900,0.0,0.0,0,0
1901,0.0,0.0,0,0
1902,0.0,0.0,1,0
1903,0.020312366172050088,0.0,0,0
1904,0.011820649417843221,0.0,0,0
1905,0.0,0.0,0,0
1906,0.0,0.0,0,0
1907,0.0,0.0,1,0
1908,0.0,0.0,0,0
1909,0.0,0.0,1,0
1910,0.0,0.0,1,0
1911,0.0,0.0,0,0
1912,0.0,0.0,0,0
1913,0.0,0.0,0,0
1914,0.03554086870880835,0.004586881878981153,0,0
1915,0.043866993551445965,0.013866990591297737,0,0
1916,0.025781832644118607,0.0,0,0
1917,0.0,0.0,0,0
1918,0.0,0.0,1,0
1919,0.0,0.0,0,0
1920,0.008839377557149992,0.0,0,0
1921,0.034851487081712096,0.004851484121563851,0,0
1922,0.0,0.0,0,0
1923,0.0,0.0,0,0
1924,0.029169650404823777,0.0,0,0
1925,0.0,0.0,0,0
1926,0.0,0.0,1,0
1927,0.0,0.0,1,0
1928,0.0,0.0,0,0
1929,0.0,0.0,0,0
1930,0.0,0.0,0,0
1931,0.019528754530159453,0.0,0,0
1932,0.0,0.0,0,0
1933,0.0006592197032586283,0.0,0,0
1934,0.002463535756088042,0.0,0,0
1935,0.0,0.0,0,0
1936,0.0,0.0,1,0
1937,0.0,0.0,0,0
1938,0.02639820968333656,0.0,0,0
1939,0.0,0.0,0,0
1940,0.032135122310176456,0.0,0,0
1941,0.0,0.0,0,0
1942,0.0,0.0,0,0
1943,0.024814421573029044,0.0,1,0
1944,0.021072330391509464,0.0,1,0
1945,0.014363807121640093,0.0,0,0
1946,0.0,0.0,1,0
1947,0.0,0.0,0,0
1948,0.023020396785275565,0.0,0,0
1949,0.0,0.0,0,0
1950,0.01954670080215209,0.0,0,0
1951,0.018684657318650644,0.0,0,0
1952,0.0014714077525813305,0.0,0,0
1953,0.0,0.0,0,0
1954,0.0236023080954606,0.0,0,0
1955,0.02690091943522521,0.0,0,0
1956,0.0,0.0,0,0
1957,0.0,0.0,0,0
1958,0.0,0.0,0,0
1959,0.0,0.0,0,0
1960,0.010081861939852015,0.0,0,0
1961,0.0,0.0,0,0
1962,0.0,0.0,0,0
1963,0.0073936410353470094,0.0,0,0
1964,0.0,0.0,0,0
1965,0.0,0.0,0,0
1966,0.0,0.0,0,0
1967,0.0,0.0,0,0
1968,0.0,0.0,0,0
1969,0.028021897633992765,0.0,0,0
1970,0.0,0.0,1,0
1971,0.0,0.0,0,0
1972,0.0,0.0,0,0
1973,0.07138104955326038,0.038141869459631855,0,1
1974,0.00101799288858895,0.0,0,0
1975,0.06319081344418626,0.031221819338122427,0,1
1976,0.0,0.0,0,0
1977,0.0,0.0,0,0
1978,0.0,0.0,0,0
1979,0.0,0.0,1,0
1980,0.0,0.0,1,0
1981,0.0,0.0,0,0
1982,0.0,0.0,0,0
1983,0.0,0.0,0,0
1984,0.0,0.0,0,0
1985,0.0,0.0,0,0
1986,0.0,0.0,0,0
1987,0.0,0.0,0,0
1988,0.0,0.0,0,0
1989,0.0,0.0,0,0
1990,0.018023611210060686,0.0,0,0
1991,0.00033744693729875763,0.0,0,0
1992,0.0,0.0,0,0
1993,0.0,0.0,1,0
1994,0.0,0.0,1,0
1995,0.0,0.0,0,0
1996,0.0,0.0,0,0
1997,0.07704349620085675,0.04704349324070838,0,1
1998,0.0,0.0,0,0
1999,0.003143206548751998,0.0,0,0
