rollout,truth_body_min_clearance_m,truth_padded_min_clearance_m,predicted_padded_min_clearance_m,first_predicted_conflict_s,first_predicted_margin_breach_s,truth_dynamic_safe,predicted_dynamic_safe,costcritic_collision,prediction_score_captured,prediction_score_recomputed,total_score,weighted_score,mppi_probability,critic_FollowPath.ConstraintCritic,critic_FollowPath.CostCritic,critic_FollowPath.GoalCritic,critic_FollowPath.GoalAngleCritic,critic_FollowPath.PathAlignCritic,critic_FollowPath.PathFollowCritic,critic_FollowPath.PathAngleCritic,critic_FollowPath.PredictionV1Critic
0,0.0,0.0,0.0,0.10000000149011612,,False,False,True,1666.6665954589844,1666.6666666666667,2169.87939453125,2170.02685546875,0.0,0.0,500.0,1.953216552734375,0.0,1.25958251953125,0.0,0.0,1666.6665954589844
1,0.0,0.0,0.0,0.10000000149011612,,False,False,False,1666.666600227356,1666.6666666666667,1670.6473388671875,1670.753662109375,6.754451896995306e-05,0.10004520416259766,1.6434999704360962,1.5628279447555542,0.0,0.6743655204772949,0.0,0.0,1666.666600227356
2,0.0,0.0,0.0,0.10000000149011612,,False,False,True,1666.6665344238281,1666.6666666666667,2169.58447265625,2169.273681640625,0.0,0.0,500.0,2.05157470703125,0.0,0.866363525390625,0.0,0.0,1666.6665344238281
3,0.0,0.0,0.0,0.10000000149011612,,False,False,False,1666.666674375534,1666.6666666666667,1669.1556396484375,1669.06640625,0.01871298812329769,0.05542290210723877,0.16599999368190765,1.7679019123315811,0.0,0.49964046478271484,0.0,0.0,1666.666674375534
4,0.06668975829717481,0.03402182650170966,0.0,0.10000000149011612,,True,False,False,1666.6665954589844,1666.6666666666667,1670.468994140625,1670.6954345703125,8.201307355193421e-05,0.04201231151819229,0.0,2.0421339496970177,0.0,1.718252420425415,0.0,0.0,1666.6665954589844
5,0.07427630693661298,0.044276303976464676,0.0,0.10000000149011612,,True,False,False,1666.6665997505188,1666.6666666666667,1671.003662109375,1671.2186279296875,1.4337824723043013e-05,0.034598540514707565,0.0,2.4070806987583637,0.0,1.8953831195831299,0.0,0.0,1666.6665997505188
6,0.0020915603766091806,0.0,0.0,0.10000000149011612,,False,False,False,1666.6665830612183,1666.6666666666667,1671.0684814453125,1671.318603515625,1.0274337000737432e-05,0.031034350395202637,0.0,1.909779667854309,0.0,2.4610843658447266,0.0,0.0,1666.6665830612183
7,0.006809867214794707,0.0,0.0,0.10000000149011612,,False,False,True,1666.6666564941406,1666.6666666666667,2169.200927734375,2169.487548828125,0.0,0.06965170055627823,499.999989412725,1.6522216796875,0.0,0.812408447265625,0.0,0.0,1666.6666564941406
8,0.008787660914855626,0.0,0.0,0.10000000149011612,,False,False,True,1666.6665649414062,1666.6666666666667,2169.713623046875,2169.72216796875,0.0,0.003733563469722867,499.9999895810615,2.26007080078125,0.0,0.78326416015625,0.0,0.0,1666.6665649414062
9,0.07899078580376033,0.03684653124393094,0.0,0.10000000149011612,,True,False,False,1666.666630744934,1666.6666666666667,1670.5977783203125,1670.5150146484375,0.0001496469194535166,0.0,0.0,2.320180892944336,0.0,1.610966682434082,0.0,0.0,1666.666630744934
10,0.0012847961654196887,0.0,0.0,0.10000000149011612,,False,False,False,1666.66659283638,1666.6666666666667,1669.1236572265625,1669.0604248046875,0.0190898347645998,0.04139361530542374,0.0,1.775405429303646,0.0,0.6402653455734253,0.0,0.0,1666.66659283638
11,0.0,0.0,0.0,0.10000000149011612,,False,False,False,1666.6666231155396,1666.6666666666667,1669.489013671875,1669.5435791015625,0.0038138595409691334,0.039949703961610794,0.08350000157952309,2.0989120975136757,0.0,0.6000287532806396,0.0,0.0,1666.6666231155396
12,0.0,0.0,0.0,0.10000000149011612,,False,False,False,1666.666640996933,1666.6666666666667,1670.462158203125,1670.51806640625,0.0001481323706684634,0.01879754103720188,0.08349999599158764,2.25576401501894,0.0,1.437455654144287,0.0,0.0,1666.666640996933
13,0.0,0.0,0.0,0.10000000149011612,,False,False,False,1666.6666703224182,1666.6666666666667,1671.3304443359375,1671.2318115234375,1.372138831357006e-05,0.029244232922792435,0.0,2.2257351391017437,0.0,2.408794641494751,0.0,0.0,1666.6666703224182
14,0.0,0.0,0.0,0.10000000149011612,,False,False,False,1666.6666214466095,1666.6666666666667,1670.2159423828125,1670.2974853515625,0.0003090107929892838,0.02851262129843235,1.1204999443143606,1.7680613994598389,0.0,0.6322469711303711,0.0,0.0,1666.6666214466095
15,0.018412600905118204,0.0,0.0,0.10000000149011612,,False,False,False,1666.6666178703308,1666.6666666666667,1669.799560546875,1669.7916259765625,0.0016683227149769664,0.05500612407922745,0.0,1.9739243015646935,0.0,1.1040122509002686,0.0,0.0,1666.6666178703308
16,0.03534698523966995,0.0,0.0,0.10000000149011612,,False,False,False,1666.6665947437286,1666.6666666666667,1669.1829833984375,1669.2901611328125,0.008876153267920017,0.052013564854860306,0.0,1.7616415731608868,0.0,0.7027335166931152,0.0,0.0,1666.6665947437286
17,0.044310767276708005,0.001945755185118025,0.0,0.10000000149011612,,False,False,False,1666.6665925979614,1666.6666666666667,1671.2701416015625,1671.3931884765625,8.01274200057378e-06,0.16363731026649475,0.0,1.6897841393947601,0.0,2.7501275539398193,0.0,0.0,1666.6665925979614
18,0.015478038924618076,0.0,0.0,0.10000000149011612,,False,False,False,1666.6666793823242,1666.6666666666667,1671.4658203125,1671.5606689453125,4.5848819354432635e-06,0.09799206256866455,1.9480000734329224,1.767479658126831,0.0,0.9856691360473633,0.0,0.0,1666.6666793823242
19,0.002174332332867124,0.0,0.0,0.10000000149011612,,False,False,False,1666.666673898697,1666.6666666666667,1670.285400390625,1670.1724853515625,0.0004687374166678637,0.10643484443426132,0.981999970972538,1.8266247510910034,0.0,0.7036669254302979,0.0,0.0,1666.666673898697
20,0.0,0.0,0.0,0.10000000149011612,,False,False,False,1666.6666300296783,1666.6666666666667,1669.40380859375,1669.466796875,0.004926271270960569,0.027797222137451172,0.08749999850988388,1.9673412814736366,0.0,0.6545400619506836,0.0,0.0,1666.6666300296783
21,0.0,0.0,0.0,0.10000000149011612,,False,False,False,1666.6666078567505,1666.6666666666667,1670.7530517578125,1670.899169921875,4.158589581493288e-05,0.0659913569688797,1.5954999178647995,1.6682180166244507,0.0,0.7567346096038818,0.0,0.0,1666.6666078567505
22,0.0,0.0,0.0,0.10000000149011612,,False,False,False,1666.666576385498,1666.6666666666667,1669.4052734375,1669.3626708984375,0.006970375310629606,0.06552913039922714,0.08350000530481339,1.7943038940429688,0.0,0.7953640222549438,0.0,0.0,1666.666576385498
23,0.0,0.0,0.0,0.10000000149011612,,False,False,False,1666.666629076004,1666.6666666666667,1669.5343017578125,1669.7205810546875,0.002114112488925457,0.018035411834716797,0.08749999850988388,1.9868863597512245,0.0,0.7752509117126465,0.0,0.0,1666.666629076004
24,0.0,0.0,0.0,0.10000000149011612,,False,False,False,1666.6666581630707,1666.6666666666667,1669.072509765625,1669.2559814453125,0.009947293438017368,0.0,0.171999990940094,1.7455763220787048,0.0,0.48827528953552246,0.0,0.0,1666.6666581630707
25,0.0,0.0,0.0,0.10000000149011612,,False,False,True,1666.6666870117188,1666.6666666666667,2169.741455078125,2169.628173828125,0.0,0.048052456229925156,499.9999822117388,1.6431884765625,0.0,1.383544921875,0.0,0.0,1666.6666870117188
26,0.011661121610154276,0.0,0.0,0.10000000149011612,,False,False,False,1666.6665847301483,1666.6666666666667,1669.7550048828125,1669.9776611328125,0.0008973596850410104,0.07943496853113174,0.33000000566244125,1.9091413617134094,0.0,0.7698438167572021,0.0,0.0,1666.6665847301483
27,0.0,0.0,0.0,0.10000000149011612,,False,False,True,1666.6665344238281,1666.6666666666667,2169.774169921875,2169.804931640625,0.0,0.0,500.0,2.1417236328125,0.0,0.965911865234375,0.0,0.0,1666.6665344238281
28,0.023818521377934054,0.0,0.0,0.10000000149011612,,False,False,False,1666.6665720939636,1666.6666666666667,1670.732666015625,1670.629638671875,0.00010212509369011968,0.0,1.5,1.7687041759490967,0.0,0.7973897457122803,0.0,0.0,1666.6665720939636
29,0.0,0.0,0.0,0.10000000149011612,,False,False,False,1666.6665658950806,1666.6666666666667,1669.5289306640625,1669.613037109375,0.003025617217645049,0.04213428497314453,0.16499999165534973,2.2467577159404755,0.0,0.40847277641296387,0.0,0.0,1666.6665658950806
30,0.0,0.0,0.0,0.10000000149011612,,False,False,False,1666.6665959358215,1666.6666666666667,1669.7928466796875,1670.060546875,0.0006807336467318237,0.17463400959968567,0.6119999587535858,1.6422367095947266,0.0,0.6973800659179688,0.0,0.0,1666.6665959358215
31,0.0,0.0,0.0,0.10000000149011612,,False,False,False,1666.6666448116302,1666.6666666666667,1669.805908203125,1669.499267578125,0.0044209156185388565,0.008145379833877087,0.7759999753907323,1.8579492568969727,0.0,0.49716877937316895,0.0,0.0,1666.6666448116302
32,0.01880925360318364,0.0,0.0,0.10000000149011612,,False,False,False,1666.6666116714478,1666.6666666666667,1670.208251953125,1670.165283203125,0.0004801267059519887,0.1867355853319168,0.0,2.1301358193159103,0.0,1.224768877029419,0.0,0.0,1666.6666116714478
33,0.06088221924093595,0.01846356627529655,0.0,0.10000000149011612,,True,False,False,1666.6666522026062,1666.6666666666667,1672.262939453125,1672.2059326171875,5.335969603947888e-07,0.022261573001742363,0.0,2.377699898555875,0.0,3.1963257789611816,0.0,0.0,1666.6666522026062
34,0.0,0.0,0.0,0.10000000149011612,,False,False,False,1666.6666567325592,1666.6666666666667,1670.4193115234375,1670.554443359375,0.00013121659867465496,0.15978792309761047,0.08349999785423279,1.3032060861587524,0.0,2.2061607837677,0.0,0.0,1666.6666567325592
35,0.00023356770188331762,0.0,0.0,0.10000000149011612,,False,False,False,1666.6666374206543,1666.6666666666667,1671.9942626953125,1671.9578857421875,1.219826685883163e-06,0.0,0.0,2.4135546684265137,0.0,2.9140706062316895,0.0,0.0,1666.6666374206543
36,0.0,0.0,0.0,0.10000000149011612,,False,False,False,1666.666582107544,1666.6666666666667,1669.541259765625,1669.519775390625,0.004128802567720413,0.0,0.4544999897480011,1.8825769126415253,0.0,0.5376007556915283,0.0,0.0,1666.666582107544
37,0.0019874569656508356,0.0,0.0,0.10000000149011612,,False,False,False,1666.6666357517242,1666.6666666666667,1669.4464111328125,1669.501953125,0.004381516482681036,0.05418059974908829,0.7330000028014183,1.4636722207069397,0.0,0.5289225578308105,0.0,0.0,1666.6666357517242
38,0.0,0.0,0.0,0.10000000149011612,,False,False,False,1666.666571855545,1666.6666666666667,1670.1544189453125,1670.1766357421875,0.00046229735016822815,0.1530328243970871,1.2809999734163284,1.514520287513733,0.0,0.5392940044403076,0.0,0.0,1666.666571855545
39,0.0,0.0,0.0,0.10000000149011612,,False,False,True,1666.6667175292969,1666.6666666666667,2170.425537109375,2170.27490234375,0.0,0.017151666805148125,499.9999992121011,1.952484130859375,0.0,1.7891845703125,0.0,0.0,1666.6667175292969
40,0.0,0.0,0.0,0.10000000149011612,,False,False,False,1666.6666369438171,1666.6666666666667,1671.61181640625,1671.806884765625,2.0178745216981042e-06,0.0063499691896140575,2.2874999758787453,1.630779504776001,0.0,1.020550012588501,0.0,0.0,1666.6666369438171
41,0.03222751708757783,0.002227514127429569,0.0,0.10000000149011612,,False,False,False,1666.666657447815,1666.6666666666667,1671.00244140625,1671.0870361328125,2.2232170522329397e-05,0.11868920177221298,0.247499980032444,1.5475899577140808,0.0,2.422004818916321,0.0,0.0,1666.666657447815
42,0.0,0.0,0.0,0.10000000149011612,,False,False,False,1666.6666159629822,1666.6666666666667,1671.041748046875,1671.359375,8.968728252511937e-06,0.14303623139858246,0.17099998891353607,1.7449518740177155,0.0,2.3161439895629883,0.0,0.0,1666.6666159629822
43,0.030164937229726366,0.00016493426957722764,0.0,0.10000000149011612,,False,False,False,1666.6665706634521,1666.6666666666667,1668.9769287109375,1669.0933837890625,0.017103664577007294,0.04041638597846031,0.0,1.688063357025385,0.0,0.5818783044815063,0.0,0.0,1666.6665706634521
44,0.0,0.0,0.0,0.10000000149011612,,False,False,False,1666.6666371822357,1666.6666666666667,1669.7266845703125,1669.7015380859375,0.0022526599932461977,0.031908418983221054,0.5774999596178532,1.8241143226623535,0.0,0.6265246868133545,0.0,0.0,1666.6666371822357
45,0.0,0.0,0.0,0.10000000149011612,,False,False,False,1666.6666796207428,1666.6666666666667,1670.06201171875,1669.962158203125,0.000944951199926436,0.015180850401520729,1.1855000015348196,1.7812756299972534,0.0,0.4133756160736084,0.0,0.0,1666.6666796207428
46,0.02588112083419742,0.0,0.0,0.10000000149011612,,False,False,False,1666.6666493415833,1666.6666666666667,1669.519775390625,1669.3409423828125,0.007493960205465555,0.0,0.0,2.111950159072876,0.0,0.7411758899688721,0.0,0.0,1666.6666493415833
47,0.0,0.0,0.0,0.10000000149011612,,False,False,False,1666.6666774749756,1666.6666666666667,1671.47412109375,1671.6610107421875,3.2814709811646026e-06,0.15223252773284912,0.17649999260902405,2.092626065015793,0.0,2.386085033416748,0.0,0.0,1666.6666774749756
48,0.06110165167291193,0.019542860446682034,0.0,0.10000000149011612,,True,False,False,1666.6666707992554,1666.6666666666667,1670.419189453125,1670.3575439453125,0.0002529472403693944,0.06257746368646622,0.0,2.305183671414852,0.0,1.3847575187683105,0.0,0.0,1666.6666707992554
49,0.02373073116810609,0.0,0.0,0.10000000149011612,,False,False,True,1666.6665344238281,1666.6666666666667,2170.651611328125,2170.83544921875,0.0,0.17122267186641693,499.99998094141483,1.4444580078125,0.0,2.369415283203125,0.0,0.0,1666.6665344238281
50,0.0,0.0,0.0,0.10000000149011612,,False,False,True,1666.6665344238281,1666.6666666666667,2169.4013671875,2169.239013671875,0.0,0.1962853968143463,500.00000366568565,1.5093994140625,0.0,1.029144287109375,0.0,0.0,1666.6665344238281
51,0.0,0.0,0.0,0.10000000149011612,,False,False,False,1666.66659617424,1666.6666666666667,1669.7935791015625,1669.825927734375,0.0014880694216117263,0.12612850964069366,0.0,2.034841701388359,0.0,0.966012716293335,0.0,0.0,1666.66659617424
52,0.0,0.0,0.0,0.10000000149011612,,False,False,True,1666.6666870117188,1666.6666666666667,2169.878173828125,2169.84912109375,0.0,0.08325476944446564,499.99999718368053,1.732696533203125,0.0,1.395538330078125,0.0,0.0,1666.6666870117188
53,0.0,0.0,0.0,0.10000000149011612,,False,False,False,1666.666639328003,1666.6666666666667,1670.5179443359375,1670.80078125,5.7726905652089044e-05,0.12467017024755478,0.0,1.5629786029458046,0.0,2.163656234741211,0.0,0.0,1666.666639328003
54,0.034862662538844846,0.0,0.0,0.10000000149011612,,False,False,True,1666.6666870117188,1666.6666666666667,2170.013427734375,2170.0712890625,0.0,0.0,500.0,1.976104736328125,0.0,1.370635986328125,0.0,0.0,1666.6666870117188
55,0.032346230426496515,0.0,0.0,0.10000000149011612,,False,False,False,1666.666678905487,1666.6666666666667,1671.669677734375,1671.754150390625,2.4056639631453436e-06,0.22958393394947052,0.0,2.056362196803093,0.0,2.717052698135376,0.0,0.0,1666.666678905487
56,0.011747736538464615,0.0,0.0,0.10000000149011612,,False,False,False,1666.6665663719177,1666.6666666666667,1669.5904541015625,1669.82421875,0.0014965704176574945,0.001849055290222168,0.6069999933242798,1.6602365970611572,0.0,0.6548020839691162,0.0,0.0,1666.6665663719177
57,0.0,0.0,0.0,0.10000000149011612,,False,False,False,1666.6666400432587,1666.6666666666667,1669.5992431640625,1669.744140625,0.001954439328983426,0.04769134521484375,0.6869999766349792,1.7227793335914612,0.0,0.47513246536254883,0.0,0.0,1666.6666400432587
58,0.002398726265639972,0.0,0.0,0.10000000149011612,,False,False,False,1666.6666407585144,1666.6666666666667,1669.130126953125,1669.203369140625,0.011854113079607487,0.0,0.08249999582767487,1.7237467616796494,0.0,0.6572394371032715,0.0,0.0,1666.6666407585144
59,0.0035783321423368264,0.0,0.0,0.10000000149011612,,False,False,False,1666.6666765213013,1666.6666666666667,1670.1629638671875,1670.249267578125,0.0003628909180406481,0.18228451907634735,0.08350001275539398,1.9814374148845673,0.0,1.2490653991699219,0.0,0.0,1666.6666765213013
60,0.0,0.0,0.0,0.10000000149011612,,False,False,False,1666.6665651798248,1666.6666666666667,1670.293701171875,1670.3238525390625,0.0002830109733622521,0.07086022198200226,1.152499958872795,1.7696174383163452,0.0,0.6341583728790283,0.0,0.0,1666.6665651798248
61,0.0,0.0,0.0,0.10000000149011612,,False,False,False,1666.6665725708008,1666.6666666666667,1669.970947265625,1669.83349609375,0.0014509983593598008,0.12581360340118408,0.1769999861717224,2.1596409678459167,0.0,0.8419201374053955,0.0,0.0,1666.6665725708008
62,0.0,0.0,0.0,0.10000000149011612,,False,False,False,1666.6666402816772,1666.6666666666667,1669.0633544921875,1668.839599609375,0.039854682981967926,0.011014485731720924,0.08349999599158764,1.839432843029499,0.0,0.4627668857574463,0.0,0.0,1666.6666402816772
63,0.0,0.0,0.0,0.10000000149011612,,False,False,False,1666.666666507721,1666.6666666666667,1669.4039306640625,1669.3359375,0.007620031014084816,0.03784194216132164,0.0,1.995411727577448,0.0,0.7040104866027832,0.0,0.0,1666.666666507721
64,0.0,0.0,0.0,0.10000000149011612,,False,False,False,1666.6665935516357,1666.6666666666667,1669.5908203125,1669.5086669921875,0.004284549504518509,0.00984571035951376,0.08349999878555536,1.9838930889964104,0.0,0.8469879627227783,0.0,0.0,1666.6665935516357
65,0.016843090595624055,0.0,0.0,0.10000000149011612,,False,False,False,1666.6666674613953,1666.6666666666667,1669.5948486328125,1669.6533203125,0.0026454408653080463,0.02234656922519207,0.7889999616891146,1.4509549140930176,0.0,0.6658797264099121,0.0,0.0,1666.6666674613953
66,0.0,0.0,0.0,0.10000000149011612,,False,False,False,1666.6666495800018,1666.6666666666667,1669.15234375,1669.0224609375,0.021665088832378387,0.0,0.08249999582767487,1.808326706290245,0.0,0.594867467880249,0.0,0.0,1666.6666495800018
67,0.050805325364239096,0.008504288505980284,0.0,0.10000000149011612,,True,False,False,1666.6666188240051,1666.6666666666667,1671.4287109375,1671.3489990234375,9.284356565331109e-06,0.07760701328516006,0.0,2.516964577138424,0.0,2.167520523071289,0.0,0.0,1666.6666188240051
68,0.008526999391625474,0.0,0.0,0.10000000149011612,,False,False,False,1666.666671514511,1666.6666666666667,1670.5087890625,1670.683837890625,8.524542499799281e-05,0.0,0.0,2.271449565887451,0.0,1.5706679821014404,0.0,0.0,1666.666671514511
69,0.017845633275213935,0.0,0.0,0.10000000149011612,,False,False,False,1666.6666803359985,1666.6666666666667,1670.858154296875,1670.7412109375,7.040686614345759e-05,0.011409473605453968,0.34199999552220106,1.6804423928260803,0.0,2.1576220989227295,0.0,0.0,1666.6666803359985
70,0.014558616671806607,0.0,0.0,0.10000000149011612,,False,False,False,1666.6666383743286,1666.6666666666667,1669.5889892578125,1669.3692626953125,0.0068188877776265144,0.09970486164093018,0.171999990940094,1.9133043885231018,0.0,0.7373416423797607,0.0,0.0,1666.6666383743286
71,0.0,0.0,0.0,0.10000000149011612,,False,False,False,1666.6665687561035,1666.6666666666667,1671.5562744140625,1671.76220703125,2.3419186163664563e-06,0.14649443328380585,0.8020000010728836,1.487673282623291,0.0,2.453537940979004,0.0,0.0,1666.6665687561035
72,0.03059045768565513,0.0,0.0,0.10000000149011612,,False,False,False,1666.6666331291199,1666.6666666666667,1669.5631103515625,1669.636474609375,0.0027982385363429785,0.11683588474988937,0.2604999914765358,1.8181027472019196,0.0,0.7010385990142822,0.0,0.0,1666.6666331291199
73,0.0,0.0,0.0,0.10000000149011612,,False,False,False,1666.6665859222412,1666.6666666666667,1669.130859375,1669.1883544921875,0.01246249582618475,0.12783710658550262,0.0,1.774204209446907,0.0,0.5622321367263794,0.0,0.0,1666.6665859222412
74,0.0,0.0,0.0,0.10000000149011612,,False,False,False,1666.6666593551636,1666.6666666666667,1670.6160888671875,1670.2296142578125,0.0003874601679854095,0.0,0.7804999947547913,2.6650325655937195,0.0,0.503896951675415,0.0,0.0,1666.6666593551636
75,0.007337617140219521,0.0,0.0,0.10000000149011612,,False,False,False,1666.666585445404,1666.6666666666667,1671.8836669921875,1672.1007080078125,7.577774567835149e-07,0.012608933262526989,0.98299999255687,1.6845699548721313,0.0,2.536902666091919,0.0,0.0,1666.666585445404
76,0.02549450121690208,0.0,0.0,0.10000000149011612,,False,False,False,1666.6666550636292,1666.6666666666667,1671.563720703125,1671.28076171875,1.1655623893602751e-05,0.03607187420129776,0.0,2.7183140739798546,0.0,2.1426796913146973,0.0,0.0,1666.6666550636292
77,0.0,0.0,0.0,0.10000000149011612,,False,False,False,1666.666574716568,1666.6666666666667,1669.5997314453125,1669.71435546875,0.0021584429778158665,0.06387843936681747,0.7744999900460243,1.4443316459655762,0.0,0.6504466533660889,0.0,0.0,1666.666574716568
78,0.017266447410381032,0.0,0.0,0.10000000149011612,,False,False,False,1666.666621685028,1666.6666666666667,1671.5106201171875,1671.538330078125,4.939318387187086e-06,0.010747909545898438,0.0,2.1099445819854736,0.0,2.7233059406280518,0.0,0.0,1666.666621685028
79,0.022945617970256994,0.0,0.0,0.10000000149011612,,False,False,False,1666.6665687561035,1666.6666666666667,1669.1981201171875,1669.3175048828125,0.00810290314257145,0.1701483577489853,0.0,1.7264323383569717,0.0,0.6349706649780273,0.0,0.0,1666.6665687561035
80,0.02539509540044856,0.0,0.0,0.10000000149011612,,False,False,False,1666.6666288375854,1666.6666666666667,1669.6666259765625,1669.580810546875,0.003368734149262309,0.3321073055267334,0.0,1.8248567581176758,0.0,0.8430330753326416,0.0,0.0,1666.6666288375854
81,0.0,0.0,0.0,0.10000000149011612,,False,False,False,1666.6666173934937,1666.6666666666667,1671.6043701171875,1671.93359375,1.3227083854872035e-06,0.09514665603637695,0.7764999866485596,1.635115385055542,0.0,2.430990695953369,0.0,0.0,1666.6666173934937
82,0.0,0.0,0.0,0.10000000149011612,,False,False,False,1666.666578054428,1666.6666666666667,1669.5565185546875,1669.552001953125,0.003708270378410816,0.011923742480576038,0.0,2.0930841444060206,0.0,0.7849326133728027,0.0,0.0,1666.666578054428
83,0.03837064904964197,0.008370646089493934,0.0,0.10000000149011612,,False,False,False,1666.666642665863,1666.6666666666667,1670.26220703125,1670.318603515625,0.0002880062675103545,0.05095217376947403,0.7694999799132347,1.8773167729377747,0.0,0.8977954387664795,0.0,0.0,1666.666642665863
84,0.0,0.0,0.0,0.10000000149011612,,False,False,False,1666.6665997505188,1666.6666666666667,1670.6357421875,1670.8394775390625,5.074106957181357e-05,0.015780020505189896,0.0884999968111515,1.6478669419884682,0.0,2.2169954776763916,0.0,0.0,1666.6665997505188
85,0.01746727955378963,0.0,0.0,0.10000000149011612,,False,False,False,1666.666684627533,1666.6666666666667,1669.2088623046875,1669.4444580078125,0.005307098384946585,0.03272752836346626,0.17100000008940697,1.7515700608491898,0.0,0.586880087852478,0.0,0.0,1666.666684627533
86,0.05867275246385549,0.02867274950370647,0.0,0.10000000149011612,,True,False,False,1666.6665949821472,1666.6666666666667,1669.5672607421875,1669.5194091796875,0.004133845679461956,0.0,0.0,2.2314209938049316,0.0,0.6692447662353516,0.0,0.0,1666.6665949821472
87,0.051827057286896405,0.009441291063523316,0.0,0.10000000149011612,,True,False,False,1666.666671514511,1666.6666666666667,1669.1539306640625,1669.198486328125,0.012048629112541676,0.07936489582061768,0.0,1.6332006454467773,0.0,0.7746936082839966,0.0,0.0,1666.666671514511
88,0.0,0.0,0.0,0.10000000149011612,,False,False,False,1666.6666431427002,1666.6666666666667,1671.033203125,1670.81591796875,5.4886495490791276e-05,0.0,0.0,2.446610927581787,0.0,1.9199490547180176,0.0,0.0,1666.6666431427002
89,0.0,0.0,0.0,0.10000000149011612,,False,False,True,1666.6666564941406,1666.6666666666667,2171.44189453125,2171.7451171875,0.0,0.025499796494841576,499.99998238123953,1.930145263671875,0.0,2.819610595703125,0.0,0.0,1666.6666564941406
90,0.044745308131927786,0.002331309018091865,0.0,0.10000000149011612,,False,False,False,1666.6665811538696,1666.6666666666667,1672.575439453125,1672.6473388671875,1.2252148451352696e-07,0.14329929649829865,0.0,2.525940701365471,0.0,3.2396183013916016,0.0,0.0,1666.6665811538696
91,0.0,0.0,0.0,0.10000000149011612,,False,False,False,1666.666662454605,1666.6666666666667,1669.798095703125,1669.652099609375,0.002656226744875312,0.04732565954327583,0.0,2.1147005073726177,0.0,0.9694070816040039,0.0,0.0,1666.666662454605
92,0.0,0.0,0.0,0.10000000149011612,,False,False,True,1666.6666870117188,1666.6666666666667,2169.346923828125,2169.242431640625,0.0,0.0018682718509808183,499.99999330041464,1.868194580078125,0.0,0.8101806640625,0.0,0.0,1666.6666870117188
93,7.118054192378764e-05,0.0,0.0,0.10000000149011612,,False,False,False,1666.666612148285,1666.6666666666667,1670.11962890625,1670.0147705078125,0.0007929491112008691,0.0107665304094553,0.0,2.202014183625579,0.0,1.2402360439300537,0.0,0.0,1666.666612148285
94,0.06836146558932585,0.03407693588451455,0.0,0.10000000149011612,,True,False,False,1666.666633605957,1666.6666666666667,1669.4434814453125,1669.4185791015625,0.0057852319441735744,0.03543555736541748,0.0,1.895696997642517,0.0,0.8457152843475342,0.0,0.0,1666.666633605957
95,0.0,0.0,0.0,0.10000000149011612,,False,False,False,1666.6666622161865,1666.6666666666667,1672.739013671875,1672.97021484375,4.176394341470768e-08,0.0018085718620568514,2.3044999360572547,1.4559168815612793,0.0,2.3101260662078857,0.0,0.0,1666.6666622161865
96,0.013118844066475788,0.0,0.0,0.10000000149011612,,False,False,False,1666.6666634082794,1666.6666666666667,1670.2784423828125,1669.9918212890625,0.0008559880079701543,0.015125155448913574,0.0,2.3146923780441284,0.0,1.281961441040039,0.0,0.0,1666.6666634082794
97,0.0,0.0,0.0,0.10000000149011612,,False,False,True,1666.6666259765625,1666.6666666666667,2169.10400390625,2169.198486328125,0.0,0.01665670983493328,499.9999753702432,1.587249755859375,0.0,0.83349609375,0.0,0.0,1666.6666259765625
98,0.0,0.0,0.0,0.10000000149011612,,False,False,False,1666.6666555404663,1666.6666666666667,1669.8160400390625,1670.1046142578125,0.0005877373041585088,0.07463481277227402,0.7969999685883522,1.7385420203208923,0.0,0.5392076969146729,0.0,0.0,1666.6666555404663
99,0.0,0.0,0.0,0.10000000149011612,,False,False,False,1666.66659116745,1666.6666666666667,1670.540283203125,1670.4049072265625,0.00021600541367661208,0.06117136403918266,0.0,2.282681155949831,0.0,1.5298395156860352,0.0,0.0,1666.66659116745
100,0.031236720123337117,0.0,0.0,0.10000000149011612,,False,False,False,1666.6666474342346,1666.6666666666667,1670.593017578125,1670.4273681640625,0.0002004236594075337,0.02959606610238552,0.0,2.5104356054216623,0.0,1.386338472366333,0.0,0.0,1666.6666474342346
101,0.0,0.0,0.0,0.10000000149011612,,False,False,False,1666.666665315628,1666.6666666666667,1669.112548828125,1669.4014892578125,0.006124361418187618,0.01805741898715496,0.08349999971687794,1.7688940316438675,0.0,0.5754320621490479,0.0,0.0,1666.666665315628
102,0.0010442822503140547,0.0,0.0,0.10000000149011612,,False,False,False,1666.666631937027,1666.6666666666667,1669.3861083984375,1669.4674072265625,0.004916259553283453,0.09394796192646027,0.16500000655651093,1.744731068611145,0.0,0.7157974243164062,0.0,0.0,1666.666631937027
103,0.002378258776730495,0.0,0.0,0.10000000149011612,,False,False,False,1666.66658949852,1666.6666666666667,1669.806640625,1670.0496826171875,0.0007058377959765494,0.11923935264348984,0.0,1.956730104982853,0.0,1.0640816688537598,0.0,0.0,1666.66658949852
104,0.0,0.0,0.0,0.10000000149011612,,False,False,False,1666.66663980484,1666.6666666666667,1670.35205078125,1670.253173828125,0.0003581963828764856,0.0,1.2949999570846558,1.8125373125076294,0.0,0.577873706817627,0.0,0.0,1666.66663980484
105,0.0,0.0,0.0,0.10000000149011612,,False,False,False,1666.6666169166565,1666.6666666666667,1669.3175048828125,1669.313232421875,0.008219126611948013,0.14171352982521057,0.16499999165534973,1.6993620991706848,0.0,0.6448123455047607,0.0,0.0,1666.6666169166565
106,0.0,0.0,0.0,0.10000000149011612,,False,False,False,1666.666666984558,1666.6666666666667,1671.9501953125,1672.1773681640625,5.869006827197154e-07,0.03781235218048096,0.0,2.2713292837142944,0.0,2.974386692047119,0.0,0.0,1666.666666984558
107,0.0,0.0,0.0,0.10000000149011612,,False,False,False,1666.666591644287,1666.6666666666667,1669.4932861328125,1669.1461181640625,0.01434657908976078,0.0038266421761363745,0.24949998245574534,2.047629624605179,0.0,0.5257382392883301,0.0,0.0,1666.666591644287
108,0.0,0.0,0.0,0.10000000149011612,,False,False,True,1666.666748046875,1666.6666666666667,2169.54150390625,2169.510009765625,0.0,0.005560183431953192,499.9999940157868,2.025634765625,0.0,0.84356689453125,0.0,0.0,1666.666748046875
109,0.0,0.0,0.0,0.10000000149011612,,False,False,False,1666.6666493415833,1666.6666666666667,1671.047119140625,1671.183349609375,1.6127007256727666e-05,0.09896395355463028,0.4285000190138817,1.5382537245750427,0.0,2.3147521018981934,0.0,0.0,1666.6666493415833
110,0.03047907853819922,0.0,0.0,0.10000000149011612,,False,False,False,1666.666594028473,1666.6666666666667,1669.944580078125,1670.0147705078125,0.0007929491112008691,0.036167409271001816,0.8509999848902225,1.8459532856941223,0.0,0.5448653697967529,0.0,0.0,1666.666594028473
111,0.0,0.0,0.0,0.10000000149011612,,False,False,False,1666.666657924652,1666.6666666666667,1669.893310546875,1669.7642822265625,0.0018275289330631495,0.01434252317994833,0.7694999808445573,1.777799665927887,0.0,0.6650104522705078,0.0,0.0,1666.666657924652
112,0.0,0.0,0.0,0.10000000149011612,,False,False,False,1666.666678905487,1666.6666666666667,1669.261474609375,1669.300537109375,0.008574404753744602,0.04170973226428032,0.35199998691678047,1.7884227633476257,0.0,0.41266322135925293,0.0,0.0,1666.666678905487
113,0.0,0.0,0.0,0.10000000149011612,,False,False,False,1666.666653394699,1666.6666666666667,1669.3714599609375,1669.5389404296875,0.003873288631439209,0.05139005184173584,0.5404999852180481,1.5246677994728088,0.0,0.5882487297058105,0.0,0.0,1666.666653394699
114,0.0,0.0,0.0,0.10000000149011612,,False,False,False,1666.6665964126587,1666.6666666666667,1669.520751953125,1669.442138671875,0.005348287522792816,0.09844356030225754,0.1834999993443489,1.8371446132659912,0.0,0.7350673675537109,0.0,0.0,1666.6665964126587
115,0.0,0.0,0.0,0.10000000149011612,,False,False,False,1666.6665756702423,1666.6666666666667,1669.0845947265625,1669.1312255859375,0.015076743438839912,0.0,0.0,1.8004841804504395,0.0,0.617534875869751,0.0,0.0,1666.6665756702423
116,0.0,0.0,0.0,0.10000000149011612,,False,False,True,1666.6665954589844,1666.6666666666667,2171.52099609375,2171.595947265625,0.0,0.11847978085279465,499.99998945742846,1.7186279296875,0.0,3.017303466796875,0.0,0.0,1666.6665954589844
117,0.0,0.0,0.0,0.10000000149011612,,False,False,True,1666.6665344238281,1666.6666666666667,2169.25146484375,2169.209716796875,0.0,0.02395775355398655,499.99999854527414,1.4586181640625,0.0,1.10235595703125,0.0,0.0,1666.6665344238281
118,0.0,0.0,0.0,0.10000000149011612,,False,False,False,1666.6666052341461,1666.6666666666667,1669.8812255859375,1669.803466796875,0.0016037578461691737,0.08527608215808868,0.5910000056028366,1.9228259325027466,0.0,0.61551833152771,0.0,0.0,1666.6666052341461
119,0.0,0.0,0.0,0.10000000149011612,,False,False,True,1666.6666564941406,1666.6666666666667,2169.763671875,2169.53955078125,0.0,0.05007543787360191,500.0000039078295,2.13970947265625,0.0,0.9072265625,0.0,0.0,1666.6666564941406
120,0.0,0.0,0.0,0.10000000149011612,,False,False,True,1666.6667175292969,1666.6666666666667,2169.92529296875,2169.9296875,0.0,0.0,500.0,1.906219482421875,0.0,1.35235595703125,0.0,0.0,1666.6667175292969
121,0.007203366539969558,0.0,0.0,0.10000000149011612,,False,False,False,1666.6666769981384,1666.6666666666667,1669.0252685546875,1669.1876220703125,0.012492957524955273,0.12409491837024689,0.0,1.5957365483045578,0.0,0.6387600898742676,0.0,0.0,1666.6666769981384
122,0.022522349939627942,0.0,0.0,0.10000000149011612,,False,False,False,1666.6666588783264,1666.6666666666667,1670.8450927734375,1670.8868408203125,4.3330561311449856e-05,0.017135143280029297,0.0,1.965360164642334,0.0,2.1959385871887207,0.0,0.0,1666.6666588783264
123,0.07446727108247632,0.044267660667606706,0.0,0.10000000149011612,,True,False,False,1666.6665840148926,1666.6666666666667,1671.27490234375,1671.44189453125,6.811956609453773e-06,0.031090928241610527,0.0,2.0562012661248446,0.0,2.521026134490967,0.0,0.0,1666.6665840148926
124,0.0,0.0,0.0,0.10000000149011612,,False,False,False,1666.6666460037231,1666.6666666666667,1669.7574462890625,1669.7467041015625,0.0019378099823370576,0.037577152252197266,0.3479999899864197,1.8867116570472717,0.0,0.8185114860534668,0.0,0.0,1666.6666460037231
125,0.013163416127365046,0.0,0.0,0.10000000149011612,,False,False,False,1666.6665709018707,1666.6666666666667,1669.4296875,1669.46044921875,0.005031616427004337,0.0,0.2644999921321869,1.961944967508316,0.0,0.5366716384887695,0.0,0.0,1666.6665709018707
126,0.0,0.0,0.0,0.10000000149011612,,False,False,True,1666.666748046875,1666.6666666666667,2169.7021484375,2169.9951171875,0.0,0.07635755836963654,499.9999974220991,1.7919921875,0.0,1.16705322265625,0.0,0.0,1666.666748046875
127,0.0,0.0,0.0,0.10000000149011612,,False,False,True,1666.6666870117188,1666.6666666666667,2169.90283203125,2169.802734375,0.0,0.054489877074956894,499.99998399987817,2.00970458984375,0.0,1.171966552734375,0.0,0.0,1666.6666870117188
128,0.0,0.0,0.0,0.10000000149011612,,False,False,False,1666.6665816307068,1666.6666666666667,1670.304931640625,1670.2344970703125,0.00038120493991300464,0.09656250476837158,1.1744999885559082,1.675240397453308,0.0,0.692047119140625,0.0,0.0,1666.6665816307068
129,0.0,0.0,0.0,0.10000000149011612,,False,False,False,1666.6666188240051,1666.6666666666667,1670.691162109375,1670.622314453125,0.000104649065178819,0.01046741008758545,1.1054999828338623,2.1935023069381714,0.0,0.7150735855102539,0.0,0.0,1666.6666188240051
130,0.0012355541385874749,0.0,0.0,0.10000000149011612,,False,False,False,1666.666573524475,1666.6666666666667,1670.363525390625,1670.3702392578125,0.00024246636894531548,0.004292154219001532,1.3534999848343432,1.7011828422546387,0.0,0.637976884841919,0.0,0.0,1666.666573524475
131,0.0,0.0,0.0,0.10000000149011612,,False,False,False,1666.6666769981384,1666.6666666666667,1669.4853515625,1669.071533203125,0.01839590258896351,0.0,0.43050000071525574,1.9085016548633575,0.0,0.479672908782959,0.0,0.0,1666.6666769981384
132,0.0,0.0,0.0,0.10000000149011612,,False,False,True,1666.6667175292969,1666.6666666666667,2169.025390625,2169.286376953125,0.0,0.13794080913066864,499.99999864399433,1.485870361328125,0.0,0.73486328125,0.0,0.0,1666.6667175292969
133,0.04702976672643345,0.011184004765377967,0.0,0.10000000149011612,,False,False,False,1666.6666855812073,1666.6666666666667,1669.4560546875,1669.5521240234375,0.003706761635839939,0.0,0.0,1.8598672151565552,0.0,0.9295018911361694,0.0,0.0,1666.6666855812073
134,0.0,0.0,0.0,0.10000000149011612,,False,False,True,1666.6666870117188,1666.6666666666667,2170.104736328125,2169.841064453125,0.0,0.0,500.0,2.169036865234375,0.0,1.269012451171875,0.0,0.0,1666.6666870117188
135,0.0037357565724951414,0.0,0.0,0.10000000149011612,,False,False,False,1666.6666865348816,1666.6666666666667,1669.321533203125,1669.347900390625,0.007322150282561779,0.05193302780389786,0.3765000030398369,1.7157718241214752,0.0,0.5106418132781982,0.0,0.0,1666.6666865348816
136,0.06454136532812349,0.02220014426302619,0.0,0.10000000149011612,,True,False,False,1666.6666569709778,1666.6666666666667,1669.64794921875,1669.5977783203125,0.0031834885012358427,0.07145009189844131,0.0,1.8132590278983116,0.0,1.0965831279754639,0.0,0.0,1666.6666569709778
137,0.011031252261534341,0.0,0.0,0.10000000149011612,,False,False,False,1666.6666424274445,1666.6666666666667,1670.1251220703125,1669.988037109375,0.0008668538648635149,0.0,0.9599999785423279,1.7510636448860168,0.0,0.7474160194396973,0.0,0.0,1666.6666424274445
138,0.001869430321472798,0.0,0.0,0.10000000149011612,,False,False,False,1666.6665811538696,1666.6666666666667,1669.5855712890625,1669.4195556640625,0.00576642993837595,0.011507106013596058,0.0,2.132176327519119,0.0,0.7753067016601562,0.0,0.0,1666.6665811538696
139,0.0,0.0,0.0,0.10000000149011612,,False,False,False,1666.66659283638,1666.6666666666667,1670.0015869140625,1670.2088623046875,0.00041521081584505737,0.0542294979095459,1.153999924659729,1.4801019430160522,0.0,0.646662712097168,0.0,0.0,1666.66659283638
140,0.041809352334191974,0.010378921967993402,0.0,0.10000000149011612,,False,False,False,1666.666655778885,1666.6666666666667,1669.673095703125,1670.1097412109375,0.0005777782644145191,0.2880622446537018,0.0,1.7621265351772308,0.0,0.9562511444091797,0.0,0.0,1666.666655778885
141,0.0,0.0,0.0,0.10000000149011612,,False,False,False,1666.6666836738586,1666.6666666666667,1669.7767333984375,1670.1195068359375,0.0005592731176875532,0.009501004591584206,0.0,1.9693926330655813,0.0,1.131156086921692,0.0,0.0,1666.6666836738586
142,0.0,0.0,0.0,0.10000000149011612,,False,False,False,1666.666612625122,1666.6666666666667,1670.89501953125,1670.9593505859375,3.402715810807422e-05,0.020349979400634766,0.0885000005364418,1.7306680902838707,0.0,2.3888888359069824,0.0,0.0,1666.666612625122
143,0.028212286979791834,0.0,0.0,0.10000000149011612,,False,False,False,1666.6666450500488,1666.6666666666667,1670.9688720703125,1670.7293701171875,7.324137550313026e-05,0.005687523167580366,0.0,2.6293925759382546,0.0,1.667146921157837,0.0,0.0,1666.6666450500488
144,0.0,0.0,0.0,0.10000000149011612,,False,False,False,1666.6666584014893,1666.6666666666667,1669.08740234375,1669.505615234375,0.004328356124460697,0.08104224503040314,0.08349999785423279,1.5901681929826736,0.0,0.6660335063934326,0.0,0.0,1666.6666584014893
145,0.0,0.0,0.0,0.10000000149011612,,False,False,False,1666.6666059494019,1666.6666666666667,1669.64111328125,1669.8370361328125,0.0014339766930788755,0.0,0.887499988079071,1.5548706650733948,0.0,0.5321366786956787,0.0,0.0,1666.6666059494019
146,0.0,0.0,0.0,0.10000000149011612,,False,False,False,1666.6666712760925,1666.6666666666667,1671.5880126953125,1671.6129150390625,3.852071586152306e-06,0.008431077003479004,1.1230000257492065,1.558729648590088,0.0,2.2311806678771973,0.0,0.0,1666.6666712760925
147,0.0,0.0,0.0,0.10000000149011612,,False,False,False,1666.6665906906128,1666.6666666666667,1669.2296142578125,1669.414794921875,0.0058586676605045795,0.051267266273498535,0.2644999921321869,1.7703037559986115,0.0,0.47695255279541016,0.0,0.0,1666.6665906906128
148,0.01529760775751221,0.0,0.0,0.10000000149011612,,False,False,False,1666.6665697097778,1666.6666666666667,1671.0135498046875,1671.223388671875,1.411209177604178e-05,0.195892795920372,0.0,1.6677932888269424,0.0,2.4832940101623535,0.0,0.0,1666.6665697097778
149,0.0,0.0,0.0,0.10000000149011612,,False,False,False,1666.6666758060455,1666.6666666666667,1670.636962890625,1670.6617431640625,9.176063031191006e-05,0.055484890937805176,0.0,2.391483187675476,0.0,1.5233190059661865,0.0,0.0,1666.6666758060455
150,0.0,0.0,0.0,0.10000000149011612,,False,False,True,1666.6667175292969,1666.6666666666667,2169.11767578125,2169.36376953125,0.0,0.05463671684265137,499.9999897480011,1.61480712890625,0.0,0.781524658203125,0.0,0.0,1666.6667175292969
151,0.06684076892980674,0.03684076596965792,0.0,0.10000000149011612,,True,False,False,1666.6666555404663,1666.6666666666667,1670.592041015625,1670.6781005859375,8.689138485351577e-05,0.03484621271491051,0.0,2.2271657921373844,0.0,1.6633734703063965,0.0,0.0,1666.6666555404663
152,0.0,0.0,0.0,0.10000000149011612,,False,False,False,1666.6665997505188,1666.6666666666667,1669.7408447265625,1669.7548828125,0.00188569410238415,0.0,0.6019999980926514,2.073146343231201,0.0,0.39909863471984863,0.0,0.0,1666.6665997505188
153,0.011562969667474832,0.0,0.0,0.10000000149011612,,False,False,False,1666.6666376590729,1666.6666666666667,1669.9058837890625,1670.02685546875,0.0007616414222866297,0.0448366180062294,0.0,2.0770145878195763,0.0,1.1173949241638184,0.0,0.0,1666.6666376590729
154,0.0,0.0,0.0,0.10000000149011612,,False,False,False,1666.6666066646576,1666.6666666666667,1669.8076171875,1669.547607421875,0.0037629904691129923,0.0,0.171999990940094,2.471658170223236,0.0,0.49735236167907715,0.0,0.0,1666.6666066646576
155,0.011496365907092835,0.0,0.0,0.10000000149011612,,False,False,False,1666.6666073799133,1666.6666666666667,1668.9947509765625,1669.1746826171875,0.013043588027358055,0.0,0.08249999582767487,1.6345482915639877,0.0,0.6110953092575073,0.0,0.0,1666.6666073799133
156,0.008752914024881922,0.0,0.0,0.10000000149011612,,False,False,True,1666.6667175292969,1666.6666666666667,2169.8876953125,2169.836181640625,0.0,0.03325240686535835,499.99998123571277,2.20513916015625,0.0,0.98260498046875,0.0,0.0,1666.6667175292969
157,0.028243792496327913,0.0,0.0,0.10000000149011612,,False,False,False,1666.6666252613068,1666.6666666666667,1669.936279296875,1669.7171630859375,0.0021383368875831366,0.013781356625258923,0.4609999777749181,2.167477786540985,0.0,0.6273949146270752,0.0,0.0,1666.6666252613068
158,0.02619062834698041,0.0,0.0,0.10000000149011612,,False,False,False,1666.6666450500488,1666.6666666666667,1669.532958984375,1669.191650390625,0.01232632715255022,0.11798927932977676,0.1719999834895134,1.9043051898479462,0.0,0.6720194816589355,0.0,0.0,1666.6666450500488
159,0.008819761987986396,0.0,0.0,0.10000000149011612,,False,False,False,1666.666660308838,1666.6666666666667,1670.69873046875,1670.6287841796875,0.0001024163793772459,0.0,1.6644999980926514,1.6512236595153809,0.0,0.7163465023040771,0.0,0.0,1666.666660308838
160,0.007912881137639313,0.0,0.0,0.10000000149011612,,False,False,False,1666.666575908661,1666.6666666666667,1670.6605224609375,1670.60498046875,0.00011087377060903236,0.02074127271771431,0.4125000052154064,1.608423799276352,0.0,1.9522814750671387,0.0,0.0,1666.666575908661
161,0.0,0.0,0.0,0.10000000149011612,,False,False,False,1666.666630268097,1666.6666666666667,1670.6373291015625,1670.5758056640625,0.00012219790369272232,0.01498787384480238,1.6275000097230077,1.5795520544052124,0.0,0.7486588954925537,0.0,0.0,1666.666630268097
162,0.0,0.0,0.0,0.10000000149011612,,False,False,False,1666.666579246521,1666.6666666666667,1671.2840576171875,1671.2335205078125,1.364345007459633e-05,0.08809492737054825,0.08350000530481339,2.107896015048027,0.0,2.3379874229431152,0.0,0.0,1666.666579246521
163,0.0,0.0,0.0,0.10000000149011612,,False,False,False,1666.6666479110718,1666.6666666666667,1670.2005615234375,1669.9774169921875,0.000898090424016118,0.0,0.9004999995231628,2.1301103234291077,0.0,0.5033032894134521,0.0,0.0,1666.6666479110718
164,0.0,0.0,0.0,0.10000000149011612,,False,False,True,1666.6665649414062,1666.6666666666667,2169.765625,2169.548828125,0.0,0.052666403353214264,499.9999764189124,2.060150146484375,0.0,0.98626708984375,0.0,0.0,1666.6665649414062
165,0.0,0.0,0.0,0.10000000149011612,,False,False,True,1666.6666259765625,1666.6666666666667,2169.751708984375,2169.78369140625,0.0,0.059084322303533554,499.99999770894647,1.773284912109375,0.0,1.252716064453125,0.0,0.0,1666.6666259765625
166,0.0,0.0,0.0,0.10000000149011612,,False,False,False,1666.666588306427,1666.6666666666667,1669.4912109375,1669.444091796875,0.005313580855727196,0.008761000819504261,0.43699999433010817,1.8032786548137665,0.0,0.5755829811096191,0.0,0.0,1666.666588306427
167,0.014122088780833764,0.0,0.0,0.10000000149011612,,False,False,False,1666.6666803359985,1666.6666666666667,1671.21923828125,1671.1588134765625,1.75014283740893e-05,0.03559725359082222,0.5474999658763409,1.8197689056396484,0.0,2.1496918201446533,0.0,0.0,1666.6666803359985
168,0.03304011451032138,0.0030401115501732063,0.0,0.10000000149011612,,False,False,False,1666.66667842865,1666.6666666666667,1669.5931396484375,1669.6435546875,0.0027329721488058567,0.012881207279860973,0.0,2.0026109935715795,0.0,0.9109690189361572,0.0,0.0,1666.66667842865
169,0.0,0.0,0.0,0.10000000149011612,,False,False,False,1666.6666767597198,1666.6666666666667,1669.46435546875,1669.5120849609375,0.004236011765897274,0.013811088167130947,0.0,2.0132866138592362,0.0,0.7705810070037842,0.0,0.0,1666.6666767597198
170,0.0,0.0,0.0,0.10000000149011612,,False,False,False,1666.6666765213013,1666.6666666666667,1669.4521484375,1669.1239013671875,0.015449359081685543,0.010031056590378284,0.24749999027699232,1.9279900789260864,0.0,0.5999507904052734,0.0,0.0,1666.6666765213013
171,0.0,0.0,0.0,0.10000000149011612,,False,False,False,1666.6665887832642,1666.6666666666667,1670.688232421875,1670.5196533203125,0.00014735081640537828,0.05156293138861656,0.08350000157952309,1.6437368392944336,0.0,2.2428438663482666,0.0,0.0,1666.6665887832642
172,0.0,0.0,0.0,0.10000000149011612,,False,False,False,1666.666568994522,1666.6666666666667,1669.195556640625,1669.258056640625,0.00987872201949358,0.06153598055243492,0.1824999935925007,1.6296095699071884,0.0,0.6553421020507812,0.0,0.0,1666.666568994522
173,0.019790613682568292,0.0,0.0,0.10000000149011612,,False,False,False,1666.6666033267975,1666.6666666666667,1669.2559814453125,1669.2503662109375,0.010135234333574772,0.22756285965442657,0.16500000655651093,1.7742445468902588,0.0,0.42257070541381836,0.0,0.0,1666.6666033267975
174,0.0,0.0,0.0,0.10000000149011612,,False,False,False,1666.666573524475,1666.6666666666667,1671.9256591796875,1671.941162109375,1.2897570513814571e-06,0.04223744943737984,1.2045000307261944,1.7391879558563232,0.0,2.273160219192505,0.0,0.0,1666.666573524475
175,0.010336867911450005,0.0,0.0,0.10000000149011612,,False,False,False,1666.6666293144226,1666.6666666666667,1669.254638671875,1669.055419921875,0.019410980865359306,0.0,0.0,1.8832000494003296,0.0,0.704809308052063,0.0,0.0,1666.6666293144226
176,0.045404989359988844,0.015404986399840415,0.0,0.10000000149011612,,False,False,False,1666.666582107544,1666.6666666666667,1671.3662109375,1671.1578369140625,1.755849370965734e-05,0.017832517623901367,0.0,2.5377182960510254,0.0,2.144078016281128,0.0,0.0,1666.666582107544
177,0.04877517186466272,0.013139636936755572,0.0,0.10000000149011612,,False,False,True,1666.6666870117188,1666.6666666666667,2169.140625,2169.13623046875,0.0,0.011831069365143776,499.99997923336923,1.677093505859375,0.0,0.7850341796875,0.0,0.0,1666.6666870117188
178,0.011382014428066078,0.0,0.0,0.10000000149011612,,False,False,False,1666.6666634082794,1666.6666666666667,1669.7606201171875,1669.7095947265625,0.002192968735471368,0.0,0.3529999852180481,1.9896120429039001,0.0,0.7513446807861328,0.0,0.0,1666.6666634082794
179,0.0,0.0,0.0,0.10000000149011612,,False,False,False,1666.6666159629822,1666.6666666666667,1670.9124755859375,1670.69384765625,8.244807395385578e-05,0.11540112644433975,1.5024999603629112,1.8886985778808594,0.0,0.7392599582672119,0.0,0.0,1666.6666159629822
180,0.0,0.0,0.0,0.10000000149011612,,False,False,False,1666.6666729450226,1666.6666666666667,1669.3602294921875,1669.3330078125,0.007694809697568417,0.02599775791168213,0.5845000147819519,1.6477124094963074,0.0,0.4353463649749756,0.0,0.0,1666.6666729450226
181,0.0,0.0,0.0,0.10000000149011612,,False,False,False,1666.666659116745,1666.6666666666667,1670.127685546875,1670.1728515625,0.0004681655846070498,0.012680006213486195,0.7559999702498317,2.036458373069763,0.0,0.6558880805969238,0.0,0.0,1666.666659116745
182,0.0,0.0,0.0,0.10000000149011612,,False,False,False,1666.6666650772095,1666.6666666666667,1669.13330078125,1669.1177978515625,0.015766894444823265,0.0,0.0,1.9273221492767334,0.0,0.539313554763794,0.0,0.0,1666.6666650772095
183,0.0,0.0,0.0,0.10000000149011612,,False,False,False,1666.6666560173035,1666.6666666666667,1669.6693115234375,1669.454833984375,0.0051266830414533615,0.04083209112286568,0.5589999668300152,1.8117194175720215,0.0,0.5911040306091309,0.0,0.0,1666.6666560173035
184,0.0,0.0,0.0,0.10000000149011612,,False,False,False,1666.6665749549866,1666.6666666666667,1670.7073974609375,1670.36328125,0.00024815573124215007,0.054674744606018066,0.0,2.4964760541915894,0.0,1.4896717071533203,0.0,0.0,1666.6665749549866
185,0.04140712123487589,0.0,0.0,0.10000000149011612,,False,False,False,1666.6665802001953,1666.6666666666667,1670.804931640625,1671.116455078125,2.015550126088783e-05,0.09449310600757599,0.16500000655651093,1.6628961563110352,0.0,2.2159621715545654,0.0,0.0,1666.6665802001953
186,0.0,0.0,0.0,0.10000000149011612,,False,False,False,1666.6666004657745,1666.6666666666667,1670.37255859375,1670.2117919921875,0.00041117577347904444,0.06787595897912979,1.2174999937415123,1.9326778650283813,0.0,0.48790431022644043,0.0,0.0,1666.6666004657745
187,0.022314616404846,0.0,0.0,0.10000000149011612,,False,False,False,1666.6666445732117,1666.6666666666667,1669.673583984375,1669.5418701171875,0.003835647366940975,0.07176945358514786,0.17099999636411667,1.9594853222370148,0.0,0.8046846389770508,0.0,0.0,1666.6666445732117
188,0.0033180741479563996,0.0,0.0,0.10000000149011612,,False,False,False,1666.6666145324707,1666.6666666666667,1669.905517578125,1669.82763671875,0.0014796166215091944,0.0,0.0,2.108355760574341,0.0,1.130547285079956,0.0,0.0,1666.6666145324707
189,0.0,0.0,0.0,0.10000000149011612,,False,False,False,1666.666630268097,1666.6666666666667,1668.9677734375,1668.8182373046875,0.04279612749814987,0.04978540167212486,0.0,1.7384805418550968,0.0,0.5128772258758545,0.0,0.0,1666.666630268097
190,0.0701201884209114,0.02855589449787419,0.0,0.10000000149011612,,True,False,False,1666.666595697403,1666.6666666666667,1670.234130859375,1670.06982421875,0.0006600046181119978,0.016346430405974388,0.0,2.1738667730242014,0.0,1.3773219585418701,0.0,0.0,1666.666595697403
191,0.0,0.0,0.0,0.10000000149011612,,False,False,False,1666.6666417121887,1666.6666666666667,1669.1820068359375,1669.330322265625,0.007764000911265612,0.06263842433691025,0.0,1.9976886287331581,0.0,0.45503807067871094,0.0,0.0,1666.6666417121887
192,0.01387165924959317,0.0,0.0,0.10000000149011612,,False,False,False,1666.666607618332,1666.6666666666667,1670.0257568359375,1670.1844482421875,0.00045041381963528693,0.08246932178735733,0.0,2.0453497394919395,0.0,1.231330156326294,0.0,0.0,1666.666607618332
193,0.0,0.0,0.0,0.10000000149011612,,False,False,False,1666.6666457653046,1666.6666666666667,1669.3265380859375,1669.4254150390625,0.005654896609485149,0.0041755675338208675,0.08349999645724893,1.9101213291287422,0.0,0.6620954275131226,0.0,0.0,1666.6666457653046
194,0.05744620470878897,0.027446201748640226,0.0,0.10000000149011612,,True,False,False,1666.6666657924652,1666.6666666666667,1669.662109375,1669.4644775390625,0.004964504856616259,0.0,0.32999998331069946,2.074025332927704,0.0,0.5914182662963867,0.0,0.0,1666.6666657924652
195,0.0,0.0,0.0,0.10000000149011612,,False,False,True,1666.6666259765625,1666.6666666666667,2170.39404296875,2170.398193359375,0.0,0.09664695709943771,500.00000221282244,1.60003662109375,0.0,2.030731201171875,0.0,0.0,1666.6666259765625
196,0.031113004398367394,0.0,0.0,0.10000000149011612,,False,False,False,1666.6666841506958,1666.6666666666667,1669.3768310546875,1669.51904296875,0.004138894844800234,0.01969277858734131,0.0,1.8586301803588867,0.0,0.8318239450454712,0.0,0.0,1666.6666841506958
197,0.0,0.0,0.0,0.10000000149011612,,False,False,False,1666.6666510105133,1666.6666666666667,1669.83740234375,1669.77001953125,0.001792910392396152,0.06656754016876221,0.4514999985694885,1.8957303166389465,0.0,0.7569534778594971,0.0,0.0,1666.6666510105133
198,0.05390992443919739,0.022116781046728234,0.0,0.10000000149011612,,True,False,False,1666.6666617393494,1666.6666666666667,1671.277099609375,1671.3138427734375,1.0438681783853099e-05,0.04699375852942467,0.0,2.4965955950319767,0.0,2.0668485164642334,0.0,0.0,1666.6666617393494
199,0.0006807276234619408,0.0,0.0,0.10000000149011612,,False,False,False,1666.666612148285,1666.6666666666667,1669.376708984375,1669.3424072265625,0.007457457482814789,0.04539790377020836,0.08749999478459358,1.9446081668138504,0.0,0.6325907707214355,0.0,0.0,1666.666612148285
200,0.0,0.0,0.0,0.10000000149011612,,False,False,False,1666.6666808128357,1666.6666666666667,1669.962158203125,1670.1329345703125,0.0005347924306988716,0.0,1.0799999237060547,1.6296987533569336,0.0,0.5857787132263184,0.0,0.0,1666.6666808128357
201,0.02497083880957502,0.0,0.0,0.10000000149011612,,False,False,False,1666.6665725708008,1666.6666666666667,1672.1240234375,1672.4305419921875,2.5238168177565967e-07,0.1306886523962021,0.0,2.0881970077753067,0.0,3.23856520652771,0.0,0.0,1666.6665725708008
202,0.03792095926258643,0.0,0.0,0.10000000149011612,,False,False,False,1666.6666016578674,1666.6666666666667,1669.5439453125,1669.515625,0.004186320584267378,0.05347425863146782,0.0,1.9625489003956318,0.0,0.8613204956054688,0.0,0.0,1666.6666016578674
203,0.0,0.0,0.0,0.10000000149011612,,False,False,False,1666.6665787696838,1666.6666666666667,1669.547607421875,1669.566650390625,0.0035315516870468855,0.019136881455779076,0.36999999918043613,1.9606088697910309,0.0,0.531282901763916,0.0,0.0,1666.6665787696838
204,0.010307370379236113,0.0,0.0,0.10000000149011612,,False,False,False,1666.66667842865,1666.6666666666667,1670.0025634765625,1670.105712890625,0.0005855888593941927,0.08124587684869766,0.44449999183416367,2.1243066787719727,0.0,0.6858325004577637,0.0,0.0,1666.66667842865
205,0.0,0.0,0.0,0.10000000149011612,,False,False,False,1666.6666312217712,1666.6666666666667,1669.342529296875,1669.3900146484375,0.006363147869706154,0.03670041635632515,0.34449998661875725,1.784886747598648,0.0,0.5098109245300293,0.0,0.0,1666.6666312217712
206,0.029610963073862826,0.0,0.0,0.10000000149011612,,False,False,False,1666.6666400432587,1666.6666666666667,1669.8994140625,1669.4417724609375,0.0053548202849924564,0.0226777084171772,0.0,2.2935444824397564,0.0,0.9165518283843994,0.0,0.0,1666.6666400432587
207,0.020263753738839263,0.0,0.0,0.10000000149011612,,False,False,False,1666.666622877121,1666.6666666666667,1669.26513671875,1668.9996337890625,0.02337793819606304,0.08515109866857529,0.43550000339746475,1.6068878173828125,0.0,0.4709749221801758,0.0,0.0,1666.666622877121
208,0.0,0.0,0.0,0.10000000149011612,,False,False,False,1666.6666321754456,1666.6666666666667,1670.824462890625,1670.896484375,4.1959825466619805e-05,0.1863260269165039,0.08349999785423279,1.7589661180973053,0.0,2.1290385723114014,0.0,0.0,1666.6666321754456
209,0.0034020885631589337,0.0,0.0,0.10000000149011612,,False,False,False,1666.6666450500488,1666.6666666666667,1668.9754638671875,1668.98095703125,0.024879608303308487,0.14707377552986145,0.0,1.5871255099773407,0.0,0.5746195316314697,0.0,0.0,1666.6666450500488
210,0.0,0.0,0.0,0.10000000149011612,,False,False,False,1666.6666657924652,1666.6666666666667,1669.42578125,1669.539306640625,0.00386856310069561,0.0,0.0,2.0761187076568604,0.0,0.6829967498779297,0.0,0.0,1666.6666657924652
211,0.0,0.0,0.0,0.10000000149011612,,False,False,False,1666.6665706634521,1666.6666666666667,1670.73779296875,1670.84033203125,5.0596758228493854e-05,0.05942182615399361,0.4125000052154064,1.6069084107875824,0.0,1.9923920631408691,0.0,0.0,1666.6665706634521
212,0.0,0.0,0.0,0.10000000149011612,,False,False,False,1666.6666598320007,1666.6666666666667,1669.424072265625,1669.2855224609375,0.009014463983476162,0.04528620466589928,0.08749999478459358,2.0786071568727493,0.0,0.5460190773010254,0.0,0.0,1666.6666598320007
213,0.0,0.0,0.0,0.10000000149011612,,False,False,False,1666.6665720939636,1666.6666666666667,1668.9847412109375,1669.0684814453125,0.0185839906334877,0.0,0.0,1.6983970403671265,0.0,0.6197720766067505,0.0,0.0,1666.6665720939636
214,0.01811782220636715,0.0,0.0,0.10000000149011612,,False,False,False,1666.6666402816772,1666.6666666666667,1672.14453125,1672.4766845703125,2.1640116187882086e-07,0.144325852394104,0.0,2.2205792665481567,0.0,3.112985849380493,0.0,0.0,1666.6666402816772
215,0.0,0.0,0.0,0.10000000149011612,,False,False,False,1666.6665976047516,1666.6666666666667,1670.5504150390625,1670.4730224609375,0.0001721304579405114,0.00907526072114706,0.0,2.2691530222073197,0.0,1.6055891513824463,0.0,0.0,1666.6665976047516
216,0.0,0.0,0.0,0.10000000149011612,,False,False,False,1666.6665902137756,1666.6666666666667,1670.9337158203125,1671.417724609375,7.383485353784636e-06,0.07971527427434921,0.1810000017285347,1.7296887338161469,0.0,2.2767215967178345,0.0,0.0,1666.6665902137756
217,0.02135083158075244,0.0,0.0,0.10000000149011612,,False,False,False,1666.666648387909,1666.6666666666667,1669.5714111328125,1669.46337890625,0.004982719197869301,0.04497480392456055,0.0,1.91867995262146,0.0,0.941107988357544,0.0,0.0,1666.666648387909
218,0.0037994281461593005,0.0,0.0,0.10000000149011612,,False,False,True,1666.6666259765625,1666.6666666666667,2170.85986328125,2170.755126953125,0.0,0.007130360696464777,499.99998023500666,2.25885009765625,0.0,1.927276611328125,0.0,0.0,1666.6666259765625
219,0.010949173979029503,0.0,0.0,0.10000000149011612,,False,False,False,1666.6666176319122,1666.6666666666667,1670.2325439453125,1670.1370849609375,0.0005274447612464428,0.2071259468793869,0.0,2.030807211995125,0.0,1.3279931545257568,0.0,0.0,1666.6666176319122
220,0.0,0.0,0.0,0.10000000149011612,,False,False,False,1666.6666688919067,1666.6666666666667,1670.2867431640625,1670.2652587890625,0.00034405384212732315,0.01540143508464098,0.7004999993368983,2.214456021785736,0.0,0.6897168159484863,0.0,0.0,1666.6666688919067
221,0.022611740327562576,0.0,0.0,0.10000000149011612,,False,False,False,1666.6666114330292,1666.6666666666667,1669.0792236328125,1669.0777587890625,0.01801808550953865,0.08826404064893723,0.0,1.7942823842167854,0.0,0.5300657749176025,0.0,0.0,1666.6666114330292
222,0.022845152450550188,0.0,0.0,0.10000000149011612,,False,False,False,1666.6666283607483,1666.6666666666667,1671.11669921875,1671.2762451171875,1.1832423297164496e-05,0.13665342330932617,0.0,1.8739087581634521,0.0,2.4395086765289307,0.0,0.0,1666.6666283607483
223,0.0,0.0,0.0,0.10000000149011612,,False,False,True,1666.6665344238281,1666.6666666666667,2169.777099609375,2169.53076171875,0.0,0.0,500.0,2.16278076171875,0.0,0.947784423828125,0.0,0.0,1666.6665344238281
224,0.019830747250498996,0.0,0.0,0.10000000149011612,,False,False,False,1666.6666376590729,1666.6666666666667,1669.0284423828125,1669.35009765625,0.007268717046827078,0.09061000496149063,0.0,1.5879808887839317,0.0,0.6832138299942017,0.0,0.0,1666.6666376590729
225,0.0,0.0,0.0,0.10000000149011612,,False,False,False,1666.6666650772095,1666.6666666666667,1672.884765625,1673.2613525390625,1.582473707628651e-08,0.18654684722423553,1.9079999476671219,1.501373052597046,0.0,2.622180700302124,0.0,0.0,1666.6666650772095
226,0.0,0.0,0.0,0.10000000149011612,,False,False,True,1666.6665954589844,1666.6666666666667,2169.71337890625,2169.699462890625,0.0,0.12548629939556122,500.00000198185444,1.783416748046875,0.0,1.13787841796875,0.0,0.0,1666.6665954589844
227,0.0,0.0,0.0,0.10000000149011612,,False,False,False,1666.6665863990784,1666.6666666666667,1671.8958740234375,1671.89306640625,1.5140273035285645e-06,0.177495077252388,0.0,2.0313638895750046,0.0,3.0204286575317383,0.0,0.0,1666.6665863990784
228,0.029227106965365124,0.0,0.0,0.10000000149011612,,False,False,False,1666.6666083335876,1666.6666666666667,1669.7906494140625,1669.4271240234375,0.005622774828225374,0.014238881878554821,0.0,2.0293361665681005,0.0,1.0804660320281982,0.0,0.0,1666.6666083335876
229,0.0109247615285578,0.0,0.0,0.10000000149011612,,False,False,False,1666.666666507721,1666.6666666666667,1670.3109130859375,1670.5074462890625,0.0001534702314529568,0.13621842861175537,0.0,2.0178264379501343,0.0,1.490201711654663,0.0,0.0,1666.666666507721
230,0.0,0.0,0.0,0.10000000149011612,,False,False,True,1666.6667175292969,1666.6666666666667,2170.118896484375,2170.1064453125,0.0,0.03611600399017334,499.9999862909317,1.92034912109375,0.0,1.4957275390625,0.0,0.0,1666.6667175292969
231,0.0,0.0,0.0,0.10000000149011612,,False,False,True,1666.66650390625,1666.6666666666667,2169.4296875,2169.465087890625,0.0,0.005289578344672918,499.99998996267095,1.908660888671875,0.0,0.8492431640625,0.0,0.0,1666.66650390625
232,0.0,0.0,0.0,0.10000000149011612,,False,False,True,1666.6665649414062,1666.6666666666667,2170.2265625,2170.210205078125,0.0,0.21592076122760773,499.99999110400677,1.60943603515625,0.0,1.734649658203125,0.0,0.0,1666.6665649414062
233,0.0,0.0,0.0,0.10000000149011612,,False,False,False,1666.6666221618652,1666.6666666666667,1671.478515625,1671.62890625,3.652114855867694e-06,0.03653297573328018,1.0445000156760216,1.5133991241455078,0.0,2.217461347579956,0.0,0.0,1666.6666221618652
234,0.0,0.0,0.0,0.10000000149011612,,False,False,False,1666.6666054725647,1666.6666666666667,1670.6893310546875,1670.57763671875,0.00012145432992838323,0.03457171842455864,0.0,2.3763591535389423,0.0,1.6117947101593018,0.0,0.0,1666.6666054725647
235,0.0,0.0,0.0,0.10000000149011612,,False,False,False,1666.6666033267975,1666.6666666666667,1669.1075439453125,1669.03857421875,0.020532136783003807,0.0,0.171999990940094,1.761326014995575,0.0,0.5076146125793457,0.0,0.0,1666.6666033267975
236,0.0,0.0,0.0,0.10000000149011612,,False,False,False,1666.6666641235352,1666.6666666666667,1671.35693359375,1671.6038818359375,3.969822955696145e-06,0.16895799338817596,0.6009999662637711,1.6208413243293762,0.0,2.2994701862335205,0.0,0.0,1666.6666641235352
237,0.0,0.0,0.0,0.10000000149011612,,False,False,True,1666.6665954589844,1666.6666666666667,2169.55712890625,2169.291015625,0.0,0.008339786902070045,499.99999151192605,1.612335205078125,0.0,1.269866943359375,0.0,0.0,1666.6665954589844
238,0.0,0.0,0.0,0.10000000149011612,,False,False,False,1666.6665914058685,1666.6666666666667,1669.6575927734375,1669.6422119140625,0.002745231846347451,0.011387253180146217,0.0,2.0506516452878714,0.0,0.9289624691009521,0.0,0.0,1666.6665914058685
239,0.02842944194942909,0.0,0.0,0.10000000149011612,,False,False,False,1666.6666457653046,1666.6666666666667,1669.9031982421875,1670.14111328125,0.0005204097251407802,0.13269546627998352,0.08249999582767487,2.0504736453294754,0.0,0.9708833694458008,0.0,0.0,1666.6666457653046
240,0.013274947168288698,0.0,0.0,0.10000000149011612,,False,False,True,1666.6665649414062,1666.6666666666667,2169.09423828125,2169.23779296875,0.0,0.02184927463531494,500.0000013113022,1.709136962890625,0.0,0.696685791015625,0.0,0.0,1666.6665649414062
241,0.007204802562912999,0.0,0.0,0.10000000149011612,,False,False,True,1666.6666564941406,1666.6666666666667,2168.98291015625,2169.029052734375,0.0,0.11691763252019882,499.9999952092767,1.463348388671875,0.0,0.735992431640625,0.0,0.0,1666.6666564941406
242,0.0069707907571286715,0.0,0.0,0.10000000149011612,,False,False,False,1666.6666367053986,1666.6666666666667,1669.4415283203125,1669.4503173828125,0.005204449873417616,0.05194995552301407,0.4124999865889549,1.6986941695213318,0.0,0.6117475032806396,0.0,0.0,1666.6666367053986
243,0.0,0.0,0.0,0.10000000149011612,,False,False,False,1666.6666502952576,1666.6666666666667,1671.2962646484375,1671.00048828125,2.9666929549421184e-05,0.03235745429992676,1.9174998998641968,2.0705589056015015,0.0,0.6091980934143066,0.0,0.0,1666.6666502952576
244,0.0,0.0,0.0,0.10000000149011612,,False,False,False,1666.6666741371155,1666.6666666666667,1670.3265380859375,1670.0582275390625,0.0006860167486593127,0.0,0.26600000262260437,2.2395448982715607,0.0,1.1543190479278564,0.0,0.0,1666.6666741371155
245,0.0,0.0,0.0,0.10000000149011612,,False,False,False,1666.666580438614,1666.6666666666667,1669.4447021484375,1669.48583984375,0.00462328689172864,0.23675493896007538,0.3649999648332596,1.6681182384490967,0.0,0.5082485675811768,0.0,0.0,1666.666580438614
246,0.027285783327386844,0.0,0.0,0.10000000149011612,,False,False,False,1666.6665797233582,1666.6666666666667,1670.3447265625,1670.289306640625,0.0003175509918946773,0.0306717399507761,0.0,2.353223180398345,0.0,1.2942519187927246,0.0,0.0,1666.6665797233582
247,0.033980732085562945,0.0,0.0,0.10000000149011612,,False,False,False,1666.6666436195374,1666.6666666666667,1670.0482177734375,1670.1640625,0.0004820842295885086,0.016121625900268555,0.0,2.1024680137634277,0.0,1.2629845142364502,0.0,0.0,1666.6666436195374
248,0.003565743359337681,0.0,0.0,0.10000000149011612,,False,False,False,1666.6666448116302,1666.6666666666667,1669.5621337890625,1669.3115234375,0.008266081102192402,0.07788749039173126,0.0,1.9511592835187912,0.0,0.8664422035217285,0.0,0.0,1666.6666448116302
249,0.0,0.0,0.0,0.10000000149011612,,False,False,False,1666.6665692329407,1666.6666666666667,1671.8046875,1672.0052490234375,1.0416758868814213e-06,0.15009061992168427,0.2594999819993973,1.930843472480774,0.0,2.7976841926574707,0.0,0.0,1666.6665692329407
250,0.020367934049213332,0.0,0.0,0.10000000149011612,,False,False,False,1666.6665680408478,1666.6666666666667,1669.325927734375,1669.3248291015625,0.007907473482191563,0.12929169833660126,0.3410000056028366,1.7223393023014069,0.0,0.46672868728637695,0.0,0.0,1666.6665680408478
251,0.0,0.0,0.0,0.10000000149011612,,False,False,False,1666.6665954589844,1666.6666666666667,1670.857177734375,1670.62548828125,0.00010354776168242097,0.05969126150012016,1.6054999120533466,2.033071279525757,0.0,0.49231982231140137,0.0,0.0,1666.6665954589844
252,0.0,0.0,0.0,0.10000000149011612,,False,False,False,1666.6666638851166,1666.6666666666667,1669.5787353515625,1669.500732421875,0.004399381577968597,0.031574513763189316,0.2574999965727329,1.9284204542636871,0.0,0.6945765018463135,0.0,0.0,1666.6666638851166
253,0.0,0.0,0.0,0.10000000149011612,,False,False,False,1666.666582107544,1666.6666666666667,1669.1480712890625,1669.35986328125,0.007035914808511734,0.059085845947265625,0.0,1.6817952394485474,0.0,0.7406080961227417,0.0,0.0,1666.666582107544
254,0.0,0.0,0.0,0.10000000149011612,,False,False,False,1666.6666858196259,1666.6666666666667,1670.2083740234375,1670.1688232421875,0.0004744943871628493,0.03905689716339111,0.3634999990463257,2.0954477787017822,0.0,1.0436835289001465,0.0,0.0,1666.6666858196259
255,0.010885717221026603,0.0,0.0,0.10000000149011612,,False,False,False,1666.666653394699,1666.6666666666667,1669.1036376953125,1669.186767578125,0.01252859178930521,0.016053153201937675,0.27099998481571674,1.5494756400585175,0.0,0.6004555225372314,0.0,0.0,1666.666653394699
256,0.0,0.0,0.0,0.10000000149011612,,False,False,False,1666.6666479110718,1666.6666666666667,1669.895263671875,1669.6982421875,0.0022775446996092796,0.0038536309730261564,0.16699999873526394,2.1858327239751816,0.0,0.871929407119751,0.0,0.0,1666.6666479110718
257,0.0,0.0,0.0,0.10000000149011612,,False,False,False,1666.6665678024292,1666.6666666666667,1670.7646484375,1670.8504638671875,4.8916484956862405e-05,0.18263939023017883,0.25450000166893005,1.6554900407791138,0.0,2.005451202392578,0.0,0.0,1666.6665678024292
258,0.013927225288172931,0.0,0.0,0.10000000149011612,,False,False,False,1666.6666164398193,1666.6666666666667,1670.0218505859375,1670.0606689453125,0.0006804568693041801,0.006339860148727894,0.08350000064820051,1.9806342869997025,0.0,1.2847599983215332,0.0,0.0,1666.6666164398193
259,0.0,0.0,0.0,0.10000000149011612,,False,False,False,1666.6666343212128,1666.6666666666667,1669.5396728515625,1669.41357421875,0.005882555618882179,0.0,0.08349999785423279,2.2159067690372467,0.0,0.573631763458252,0.0,0.0,1666.6666343212128
260,0.0,0.0,0.0,0.10000000149011612,,False,False,False,1666.6666097640991,1666.6666666666667,1671.778076171875,1671.98291015625,1.1222030025237473e-06,0.07113609462976456,0.25999998301267624,2.159191280603409,0.0,2.6211390495300293,0.0,0.0,1666.6666097640991
261,0.004338954502356203,0.0,0.0,0.10000000149011612,,False,False,False,1666.6665761470795,1666.6666666666667,1669.799072265625,1669.6732177734375,0.0024756742641329765,0.0,0.0,2.260887861251831,0.0,0.8716082572937012,0.0,0.0,1666.6665761470795
262,0.0,0.0,0.0,0.10000000149011612,,False,False,False,1666.6665840148926,1666.6666666666667,1670.8206787109375,1671.079345703125,2.2809454094385728e-05,0.001108407974243164,0.5224999785423279,1.5564542412757874,0.0,2.0740320682525635,0.0,0.0,1666.6665840148926
263,0.0,0.0,0.0,0.10000000149011612,,False,False,False,1666.6666550636292,1666.6666666666667,1670.0538330078125,1669.95654296875,0.0009628050029277802,0.02519233338534832,1.1019999254494905,1.5684189796447754,0.0,0.6915667057037354,0.0,0.0,1666.6666550636292
264,0.0,0.0,0.0,0.10000000149011612,,False,False,False,1666.666657924652,1666.6666666666667,1670.8428955078125,1670.8516845703125,4.871785858995281e-05,0.02790677547454834,0.4194999933242798,1.574321985244751,0.0,2.1545088291168213,0.0,0.0,1666.666657924652
265,0.0,0.0,0.0,0.10000000149011612,,False,False,False,1666.6666140556335,1666.6666666666667,1670.922607421875,1670.7601318359375,6.610347918467596e-05,0.03694205358624458,1.8094999305903912,1.5801715850830078,0.0,0.8293797969818115,0.0,0.0,1666.6666140556335
266,0.0068904721765105795,0.0,0.0,0.10000000149011612,,False,False,False,1666.666645526886,1666.6666666666667,1670.076904296875,1669.8165283203125,0.0015354306669905782,0.0,0.0,2.239107847213745,0.0,1.1711509227752686,0.0,0.0,1666.666645526886
267,0.03707699709685932,0.0064433499882206036,0.0,0.10000000149011612,,False,False,False,1666.6665651798248,1666.6666666666667,1669.3355712890625,1669.1815185546875,0.012749729678034782,0.04150297865271568,0.0,1.8899749256670475,0.0,0.7375282049179077,0.0,0.0,1666.6665651798248
268,0.003987070842260465,0.0,0.0,0.10000000149011612,,False,False,False,1666.6666858196259,1666.6666666666667,1670.4266357421875,1670.5491943359375,0.00013353271060623229,0.0411129966378212,1.3010000213980675,1.7725770473480225,0.0,0.6452598571777344,0.0,0.0,1666.6666858196259
269,0.0,0.0,0.0,0.10000000149011612,,False,False,False,1666.6666300296783,1666.6666666666667,1668.96484375,1668.9932861328125,0.023877855390310287,0.01896071434020996,0.0,1.7452802658081055,0.0,0.5339727401733398,0.0,0.0,1666.6666300296783
270,0.0,0.0,0.0,0.10000000149011612,,False,False,False,1666.66668343544,1666.6666666666667,1669.7078857421875,1669.5849609375,0.003322449279949069,0.03600785881280899,0.0,2.1137387976050377,0.0,0.8914556503295898,0.0,0.0,1666.66668343544
271,0.016256239024115438,0.0,0.0,0.10000000149011612,,False,False,False,1666.6666197776794,1666.6666666666667,1670.1337890625,1669.8975830078125,0.0011719028698280454,0.007851386442780495,0.0,2.272674536332488,0.0,1.186643362045288,0.0,0.0,1666.6666197776794
272,0.010196836298827172,0.0,0.0,0.10000000149011612,,False,False,False,1666.666664838791,1666.6666666666667,1669.0296630859375,1669.2176513671875,0.011302992701530457,0.2340044230222702,0.0,1.5484982281923294,0.0,0.5804955959320068,0.0,0.0,1666.666664838791
273,0.0,0.0,0.0,0.10000000149011612,,False,False,False,1666.6666300296783,1666.6666666666667,1669.8134765625,1669.373291015625,0.006727937608957291,0.0,0.0,2.315653085708618,0.0,0.8311934471130371,0.0,0.0,1666.6666300296783
274,0.038621737162986565,0.0075491519506480295,0.0,0.10000000149011612,,False,False,False,1666.6666333675385,1666.6666666666667,1669.2322998046875,1669.271728515625,0.009438624605536461,0.05811789259314537,0.08249999955296516,1.787812426686287,0.0,0.6372361183166504,0.0,0.0,1666.6666333675385
275,0.0,0.0,0.0,0.10000000149011612,,False,False,True,1666.6666870117188,1666.6666666666667,2170.19873046875,2170.200927734375,0.0,0.08339791744947433,499.999976105988,2.113037109375,0.0,1.33563232421875,0.0,0.0,1666.6666870117188
276,0.01113936250468834,0.0,0.0,0.10000000149011612,,False,False,True,1666.66650390625,1666.6666666666667,2169.8447265625,2169.59130859375,0.0,0.06755697727203369,499.9999784231186,1.780364990234375,0.0,1.330322265625,0.0,0.0,1666.66650390625
277,0.0,0.0,0.0,0.10000000149011612,,False,False,False,1666.666574716568,1666.6666666666667,1670.143798828125,1670.02880859375,0.0007566990097984672,0.002720737596973777,0.0,2.3022871969733387,0.0,1.1722161769866943,0.0,0.0,1666.666574716568
278,0.0,0.0,0.0,0.10000000149011612,,False,False,False,1666.6665890216827,1666.6666666666667,1669.3841552734375,1669.3193359375,0.008053597062826157,0.12460310757160187,0.2485000044107437,1.8070605099201202,0.0,0.5374026298522949,0.0,0.0,1666.6665890216827
279,0.04787445080448747,0.010935816469961779,0.0,0.10000000149011612,,False,False,False,1666.6666164398193,1666.6666666666667,1669.22509765625,1669.3514404296875,0.007236255798488855,0.08999734371900558,0.08250000327825546,1.6500448435544968,0.0,0.7359390258789062,0.0,0.0,1666.6666164398193
280,0.0,0.0,0.0,0.10000000149011612,,False,False,False,1666.6666295528412,1666.6666666666667,1670.4249267578125,1670.3531494140625,0.0002566798066254705,0.004647040273994207,1.4624999524094164,1.7157729864120483,0.0,0.5753772258758545,0.0,0.0,1666.6666295528412
281,0.0,0.0,0.0,0.10000000149011612,,False,False,True,1666.6665649414062,1666.6666666666667,2169.713623046875,2169.635986328125,0.0,0.0969029888510704,499.9999903216958,1.86627197265625,0.0,1.083892822265625,0.0,0.0,1666.6665649414062
282,0.0035722861102882204,0.0,0.0,0.10000000149011612,,False,False,False,1666.6666133403778,1666.6666666666667,1669.99658203125,1670.0823974609375,0.0006329147145152092,0.0,0.0,2.203495740890503,0.0,1.1264729499816895,0.0,0.0,1666.6666133403778
283,0.0,0.0,0.0,0.10000000149011612,,False,False,False,1666.6666321754456,1666.6666666666667,1671.1102294921875,1671.01904296875,2.7887661417480558e-05,0.007228398229926825,0.6109999776817858,1.514207899570465,0.0,2.3111610412597656,0.0,0.0,1666.6666321754456
284,0.02649991072028573,0.0,0.0,0.10000000149011612,,False,False,True,1666.6666870117188,1666.6666666666667,2169.7353515625,2169.753662109375,0.0,0.07843621075153351,499.9999939650297,1.798126220703125,0.0,1.192108154296875,0.0,0.0,1666.6666870117188
285,0.0,0.0,0.0,0.10000000149011612,,False,False,True,1666.6666259765625,1666.6666666666667,2170.482177734375,2170.540283203125,0.0,0.039255332201719284,499.99999027326703,1.531768798828125,0.0,2.244537353515625,0.0,0.0,1666.6666259765625
286,0.0,0.0,0.0,0.10000000149011612,,False,False,False,1666.6665782928467,1666.6666666666667,1669.41748046875,1669.4337158203125,0.005500575061887503,0.11820600181818008,0.6174999698996544,1.523717999458313,0.0,0.49147820472717285,0.0,0.0,1666.6665782928467
287,0.0,0.0,0.0,0.10000000149011612,,False,False,False,1666.6665868759155,1666.6666666666667,1670.3447265625,1670.4781494140625,0.00016921377391554415,0.05843393877148628,1.443499993532896,1.4678682088851929,0.0,0.7083375453948975,0.0,0.0,1666.6665868759155
288,0.035691660407774606,0.0,0.0,0.10000000149011612,,False,False,False,1666.6666555404663,1666.6666666666667,1669.7012939453125,1669.579345703125,0.0033852229826152325,0.12579432129859924,0.8310000002384186,1.4927231669425964,0.0,0.5851209163665771,0.0,0.0,1666.6666555404663
289,0.020303926325822452,0.0,0.0,0.10000000149011612,,False,False,False,1666.666575908661,1666.6666666666667,1669.462158203125,1669.5506591796875,0.0037249051965773106,0.034177590161561966,0.5909999720752239,1.5248895287513733,0.0,0.6455152034759521,0.0,0.0,1666.666575908661
290,0.00463568003425241,0.0,0.0,0.10000000149011612,,False,False,False,1666.6666343212128,1666.6666666666667,1669.3175048828125,1669.391845703125,0.006324428599327803,0.033562757074832916,0.1719999983906746,1.7600470334291458,0.0,0.6852607727050781,0.0,0.0,1666.6666343212128
291,0.0,0.0,0.0,0.10000000149011612,,False,False,False,1666.6666331291199,1666.6666666666667,1671.006103515625,1671.3775634765625,8.441128557024058e-06,0.11278996616601944,0.3569999858736992,1.7167380154132843,0.0,2.152942419052124,0.0,0.0,1666.6666331291199
292,0.003588731445440807,0.0,0.0,0.10000000149011612,,False,False,False,1666.6665852069855,1666.6666666666667,1669.8160400390625,1669.871337890625,0.0012790433829650283,0.0,0.8734999895095825,1.6587940454483032,0.0,0.6171607971191406,0.0,0.0,1666.6665852069855
293,0.0675158703004587,0.03751586734031038,0.0,0.10000000149011612,,True,False,False,1666.666663646698,1666.6666666666667,1670.9771728515625,1671.1263427734375,1.9502025679685175e-05,0.04602015018463135,0.6599999666213989,1.5798802375793457,0.0,2.024608850479126,0.0,0.0,1666.666663646698
294,0.0,0.0,0.0,0.10000000149011612,,False,False,False,1666.6665709018707,1666.6666666666667,1669.498779296875,1669.6431884765625,0.002736310474574566,0.037174202501773834,0.38749998062849045,1.747081845998764,0.0,0.6604523658752441,0.0,0.0,1666.6665709018707
295,0.0,0.0,0.0,0.10000000149011612,,False,False,False,1666.6665678024292,1666.6666666666667,1671.44921875,1671.8095703125,1.999892674575676e-06,0.10902438312768936,0.0,2.013859175145626,0.0,2.6597673892974854,0.0,0.0,1666.6665678024292
296,0.004698482520614888,0.0,0.0,0.10000000149011612,,False,False,False,1666.6665725708008,1666.6666666666667,1669.281494140625,1669.5107421875,0.004255013540387154,0.1849627047777176,0.0,1.7286724299192429,0.0,0.7012864351272583,0.0,0.0,1666.6665725708008
297,0.0,0.0,0.0,0.10000000149011612,,False,False,False,1666.6666684150696,1666.6666666666667,1669.7213134765625,1669.557861328125,0.003636545967310667,0.04116230085492134,0.0,1.9103211872279644,0.0,1.1031615734100342,0.0,0.0,1666.6666684150696
298,0.02626836075713281,0.0,0.0,0.10000000149011612,,False,False,False,1666.6665978431702,1666.6666666666667,1669.707275390625,1669.5863037109375,0.0033076119143515825,0.047161150723695755,0.0,2.0572370998561382,0.0,0.936279296875,0.0,0.0,1666.6665978431702
299,0.0,0.0,0.0,0.10000000149011612,,False,False,True,1666.6667175292969,1666.6666666666667,2169.07958984375,2169.392822265625,0.0,0.041419364511966705,499.99999298900366,1.618377685546875,0.0,0.753082275390625,0.0,0.0,1666.6667175292969
