mode,condition,cycle,valid,reason,status,iterations,x,y,vx,vy,progress,progress_end,nominal_cost,solved_cost,solver_ms,elapsed_ms,used_warm,mechanical_clearance,minimum_predicted_clearance,epoch_ns
baseline,clear,0,1,solved_soft_dynamic,solved,190,0,0,0.34712966394953587,0,1,1.5167677330392801,0,0,1.401049,1.9290700000000001,0,1000000000,1000000000,1820000000123456789
baseline,clear,1,1,solved_soft_dynamic,solved,140,0.017356483197476794,0,0.34332443143595343,0,1.0173564831974768,1.5213898263716494,0,0,1.1181479999999999,1.4694989999999999,1,1000000000,1000000000,1820000000173456789
baseline,clear,2,1,solved_soft_dynamic,solved,120,0.034522704769274465,0,0.33872207275245508,0,1.0345227047692744,1.5259242017583774,0,0,0.98709100000000005,1.347467,1,1000000000,1000000000,1820000000223456789
baseline,clear,3,1,solved_soft_dynamic,solved,150,0.051458808406897219,0,0.33344519451192822,0,1.0514588084068972,1.5303652747693641,0,0,1.08267,1.420995,1,1000000000,1000000000,1820000000273456789
baseline,clear,4,1,solved_soft_dynamic,solved,150,0.06813106813249363,0,0.32760277667184867,0,1.0681310681324936,1.5347085509926401,0,0,1.089542,1.4701029999999999,1,1000000000,1000000000,1820000000323456789
baseline,clear,5,1,solved_soft_dynamic,solved,150,0.084511206966086064,0,0.32129155830022627,-3.0078298731815763e-19,1.084511206966086,1.5389504992030325,0,0,1.097135,1.437289,1,1000000000,1000000000,1820000000373456789
baseline,clear,6,1,solved_soft_dynamic,solved,140,0.10057578488109738,-1.5039149365907883e-20,0.31459728679861887,-2.4648097890342957e-19,1.1005757848810973,1.5430884376225611,0,0,1.2513479999999999,1.638897,1,1000000000,1000000000,1820000000423456789
baseline,clear,7,1,solved_soft_dynamic,solved,120,0.11630564922102832,-2.7363198311079363e-20,0.30759584387302419,-1.9654984452543629e-19,1.1163056492210284,1.5471204319753955,0,0,1.15123,1.486837,1,1000000000,1000000000,1820000000473456789
baseline,clear,8,1,solved_soft_dynamic,solved,140,0.13168544141467953,-3.7190690537351179e-20,0.30035426025602674,-1.5118125736118832e-19,1.1316854414146795,1.551045204166754,0,0,1.0453619999999999,1.3810339999999999,1,1000000000,1000000000,1820000000523456789
baseline,clear,9,1,solved_soft_dynamic,solved,110,0.14670315442748086,-4.4749753405410593e-20,0.29293163002060585,1.9032964471553103e-19,1.1467031544274808,1.5548620505293913,0,0,0.92246600000000001,1.2596289999999999,1,1000000000,1000000000,1820000000573456789
baseline,clear,10,1,solved_soft_dynamic,solved,130,0.16134973592851115,-3.5233271169634039e-20,0.28537993427548319,1.7213326389287205e-19,1.1613497359285112,1.5585707686845101,0,0,0.99984099999999998,1.3377160000000001,1,1000000000,1000000000,1820000000623456789
baseline,clear,11,1,solved_soft_dynamic,solved,130,0.17561873264228531,-2.6626607974990434e-20,0.27774478308293854,1.5378435310293477e-19,1.1756187326422853,1.5621715921571173,0,0,0.98919299999999999,1.329744,1,1000000000,1000000000,1820000000673456789
baseline,clear,12,1,solved_soft_dynamic,solved,130,0.18950597179643225,-1.8937390319843697e-20,0.27006608358284162,1.3563910181184626e-19,1.1895059717964322,1.5656651319699793,0,0,0.97660099999999994,1.3115379999999999,1,1000000000,1000000000,1820000000723456789
baseline,clear,13,1,solved_soft_dynamic,solved,130,0.20300927597557433,-1.2155435229251384e-20,0.26237864153237223,1.1799214954779417e-19,1.2030092759755744,1.5690523245163024,0,0,0.99225000000000008,1.324964,1,1000000000,1000000000,1820000000773456789
baseline,clear,14,1,solved_soft_dynamic,solved,140,0.21612820805219293,-6.2558277518616748e-21,0.25471270277150737,1.0108126456425107e-19,1.2161282080521929,1.5723343850798635,0,0,1.109659,1.5944579999999999,1,1000000000,1000000000,1820000000823456789
baseline,clear,15,1,solved_soft_dynamic,solved,150,0.2288638431907683,-1.2017645236491208e-21,0.24709444049262064,8.5092289517367464e-20,1.2288638431907684,1.5755127664332438,0,0,1.123381,1.4702039999999998,1,1000000000,1000000000,1820000000873456789
baseline,clear,16,1,solved_soft_dynamic,solved,160,0.24121856521539933,3.0528499522192524e-21,0.23954639362192787,-8.0227272210366701e-20,1.2412185652153993,1.5785891220007342,0,0,1.200272,1.57985,1,1000000000,1000000000,1820000000923456789
baseline,clear,17,1,solved_soft_dynamic,solved,40,0.25319588489649575,-9.5851365829908316e-22,0.26346811153149263,-6.6846176951171768e-20,1.2531958848964957,1.8831290618783605,0,0,0.56265199999999993,0.899675,1,1000000000,1000000000,1820000000973456789
baseline,clear,18,1,solved_soft_dynamic,solved,30,0.2663692904730704,-4.3008225058576713e-21,0.28467070892205681,-5.4431826393740818e-20,1.2663692904730703,1.9014250903289664,0,0,0.49334400000000006,0.8362480000000001,1,1000000000,1000000000,1820000001023456789
baseline,clear,19,1,solved_soft_dynamic,solved,30,0.28060282591917324,-7.0224138255447125e-21,0.30346326127159462,-4.3051370314464657e-20,1.2806028259191733,1.9201989732029772,0,0,0.5008220000000001,0.83788099999999999,1,1000000000,1000000000,1820000001073456789
baseline,clear,20,1,solved_soft_dynamic,solved,30,0.29577598898275298,-9.1749823412679453e-21,0.32011971223864782,-3.2742374793389601e-20,1.2957759889827529,1.9393963940097123,0,0,0.50755799999999995,0.84045500000000006,1,1000000000,1000000000,1820000001123456789
baseline,clear,21,1,solved_soft_dynamic,solved,40,0.31178197459468537,-1.0812101080937425e-20,0.33489230770463785,-2.3516950301766472e-20,1.3117819745946853,1.9566734232321363,0,0,0.54405300000000001,0.91677500000000001,1,1000000000,1000000000,1820000001173456789
baseline,clear,22,1,solved_soft_dynamic,solved,130,0.32852658997991724,-1.1987948596025749e-20,0.34745095249074509,2.8541731847149973e-19,1.3285265899799172,1.9668737015315294,0,0,0.98945400000000006,1.320605,1,1000000000,1000000000,1820000001223456789
baseline,clear,23,1,solved_soft_dynamic,solved,150,0.34589913760445451,2.282917327549238e-21,0.35731719115128341,2.3821974520724148e-19,1.3458991376044545,1.9705464004382511,0,0,1.0961700000000001,1.435373,1,1000000000,1000000000,1820000001273456789
baseline,clear,24,1,solved_soft_dynamic,solved,160,0.36376499716201866,1.4193904587911312e-20,0.36470405533298417,-1.0639501839696629e-19,1.3637649971620187,1.9748604527134443,0,0,1.1463400000000001,1.4860690000000001,1,1000000000,1000000000,1820000001323456789
baseline,clear,25,1,solved_soft_dynamic,solved,170,0.38200019992866785,8.8741536680629977e-21,0.36992840271987848,-9.2314180172987595e-20,1.382000199928668,1.9790819754095095,0,0,1.1927760000000001,1.561205,1,1000000000,1000000000,1820000001373456789
baseline,clear,26,1,solved_soft_dynamic,solved,170,0.4004966200646618,4.2584446594136179e-21,0.37331295306149453,-7.885378856799081e-20,1.4004966200646618,1.9830081640010304,0,0,1.1949799999999999,1.5285710000000001,1,1000000000,1000000000,1820000001423456789
baseline,clear,27,1,solved_soft_dynamic,solved,170,0.41916226771773651,3.1575523101407724e-22,0.37511359163759161,-6.6156150805821494e-20,1.4191622677177365,1.9867818060181137,0,0,1.1917609999999998,1.5292540000000001,1,1000000000,1000000000,1820000001473456789
baseline,clear,28,1,solved_soft_dynamic,solved,170,0.43791794729961608,-2.9920523092769978e-21,0.37556137094931397,-5.4326676459774431e-20,1.4379179472996162,1.9903790668072672,0,0,1.194842,1.528883,1,1000000000,1000000000,1820000001523456789
baseline,clear,29,1,solved_soft_dynamic,solved,170,0.4566960158470818,-5.7083861322657195e-21,0.37490813143334578,1.0695352514039665e-19,1.4566960158470819,1.9935823518410176,0,0,1.1936370000000001,1.53118,1,1000000000,1000000000,1820000001573456789
baseline,clear,30,1,solved_soft_dynamic,solved,150,0.47544142241874909,-3.6070987524588669e-22,0.37332563765007498,8.9706647157596554e-20,1.4754414224187491,1.996618453977435,0,0,1.1763479999999999,1.516197,1,1000000000,1000000000,1820000001623456789
baseline,clear,31,1,solved_soft_dynamic,solved,150,0.49410770430125284,4.1246224826339415e-21,0.37104956150274654,7.3641710957218469e-20,1.4941077043012529,1.9990885073720779,0,0,1.097872,1.4352309999999999,1,1000000000,1000000000,1820000001673456789
baseline,clear,32,1,solved_soft_dynamic,solved,110,0.51266018237639022,7.806708030494864e-21,0.36819143803977294,5.8856837109430105e-20,1.5126601823763903,2,0,0,0.91420499999999993,1.2498480000000001,1,1000000000,1000000000,1820000001723456789
baseline,clear,33,1,solved_soft_dynamic,solved,110,0.53106975427837888,1.0749549885966369e-20,0.36481909525109413,4.5411084396318426e-20,1.5310697542783789,2,0,0,0.88811099999999998,1.233069,1,1000000000,1000000000,1820000001773456789
baseline,clear,34,1,solved_soft_dynamic,solved,90,0.5493107090409336,1.302010410578229e-20,0.36081298260845207,-1.1706176400393475e-19,1.5493107090409337,2,0,0,0.85997999999999997,1.199676,1,1000000000,1000000000,1820000001823456789
baseline,clear,35,1,solved_soft_dynamic,solved,110,0.56735135817135618,7.1670159055855527e-21,0.3561847949693589,-1.0063118951810515e-19,1.5673513581713561,2,0,0,0.87717600000000007,1.2192509999999999,1,1000000000,1000000000,1820000001873456789
baseline,clear,36,1,solved_soft_dynamic,solved,100,0.58516059791982411,2.1354564296802945e-21,0.35107407751758929,-1.6024836278008943e-19,1.585160597919824,2,0,0,0.86036599999999996,1.1978949999999999,1,1000000000,1000000000,1820000001923456789
baseline,clear,37,1,solved_soft_dynamic,solved,70,0.60271430179570362,-5.8769617093241777e-21,0.34560012820137265,-2.0728497787076486e-19,1.6027143017957037,2,0,0,0.67443799999999998,1.0092700000000001,1,1000000000,1000000000,1820000001973456789
baseline,clear,38,1,solved_soft_dynamic,solved,100,0.61999430820577228,-1.6241210602862423e-20,0.33994212835661047,-1.3014188143746897e-19,1.6199943082057722,2,0,0,0.83872199999999997,1.1688639999999999,1,1000000000,1000000000,1820000002023456789
baseline,clear,39,1,solved_soft_dynamic,solved,120,0.63699141462360276,-2.2748304674735872e-20,0.33422600994284779,-1.0077986618953353e-19,1.6369914146236026,2,0,0,0.93369899999999995,1.26641,1,1000000000,1000000000,1820000002073456789
baseline,clear,40,1,solved_soft_dynamic,solved,150,0.65370271512074518,-2.7787297984212549e-20,0.32859901883589726,-7.4368190610595579e-20,1.6537027151207453,2,0,0,1.080549,1.4162219999999999,1,1000000000,1000000000,1820000002123456789
baseline,clear,41,1,solved_soft_dynamic,solved,270,0.67013266606254007,-3.1505707514742325e-20,0.32324066663583617,-5.0904533191796425e-20,1.67013266606254,2,0,0,1.6823439999999998,2.0193939999999997,1,1000000000,1000000000,1820000002173456789
baseline,clear,42,0,solver_not_solved,solved inaccurate,400,0.68629469939433185,-3.4050934174332145e-20,0,0,1.686294699394332,0,0,0,2.3537629999999998,2.686655,1,1000000000,1000000000,1820000002223456789
baseline,hold30,0,1,solved_soft_dynamic,solved,160,0,0,0.30541701842591806,0,1,1.5141755695471968,30.444846430012625,25.058501971138952,1.2180900000000001,1.5810109999999999,0,0.26131157169083347,-0.20781364885202952,1820000000123456789
baseline,hold30,1,1,solved_soft_dynamic,solved,130,0.015270850921295903,0,0.25541701842591807,0,1.015270850921296,1.5068663178169608,26.655046123691235,21.338167129160155,1.0094730000000001,1.3581559999999999,1,0.24604072076953759,-0.20403558001911759,1820000000173456789
baseline,hold30,2,1,solved_soft_dynamic,solved,150,0.028041701842591808,0,0.20541701842591809,-1.5039149365907889e-19,1.0280417018425918,1.4991040255187325,22.946551113268868,17.921111520346315,1.1441139999999999,1.4859869999999999,1,0.23326986984824166,-0.19972720860980292,1820000000223456789
baseline,hold30,3,1,solved_soft_dynamic,solved,140,0.038312552763887717,-7.5195746829539446e-21,0.1554170184259181,-1.2324048945171481e-19,1.0383125527638877,1.4757303952970779,19.535213129241143,14.767781169136818,1.0574209999999999,1.3983859999999999,1,0.22299901892694579,-0.17296799862978501,1820000000273456789
baseline,hold30,4,1,solved_soft_dynamic,solved,100,0.04608340368518362,-1.3681599155539687e-20,0.10541701842591809,-2.4866641592179702e-19,1.0460834036851836,1.4438347878719517,16.382428942395247,11.841518613522334,0.869861,1.216995,1,0.21522816800564987,-0.13362228844572493,1820000000323456789
baseline,hold30,5,1,solved_soft_dynamic,solved,80,0.051354254606479521,-2.6114919951629539e-20,0.055417018425918091,-1.988311181323091e-19,1.0513542546064796,1.4127001423472907,13.453658657409523,9.1830249427999711,0.80035599999999996,1.1393169999999999,1,0.209957317084354,-0.09481916264935708,1820000000373456789
baseline,hold30,6,1,solved_soft_dynamic,solved,50,0.054125105527775427,-3.6056475858244996e-20,0.013023342818205969,-1.9109946697880168e-19,1.0541251055277754,1.382965780894275,10.79386357454052,6.5390421016545854,0.64917200000000008,0.98830800000000008,1,0.20718646616305808,-0.057184265297581194,1820000000423456789
baseline,hold30,7,1,solved_soft_dynamic,solved,50,0.054776272668685726,-4.5611449207185079e-20,-0.020036833509038406,-1.4357460854880222e-19,1.0547762726686858,1.3506455638834194,8.1513630673010784,3.8093795877277992,0.61067499999999997,0.95235100000000006,1,0.20653529902214779,-0.0146520251635055,1820000000473456789
baseline,hold30,8,1,solved_soft_dynamic,solved,70,0.053774430993233806,-5.2790179634625193e-20,-0.045289645163979653,-1.1997708428562942e-19,1.0537744309932338,1.3209538836087722,5.4266292164223575,1.3859816996553831,0.77312099999999995,1.112209,1,0.20753714069759971,0.024779314238236205,1820000000523456789
baseline,hold30,9,1,solved_soft_dynamic,solved,380,0.051509948735034825,-5.878903384890667e-20,-0.063819882071304304,-4.164978021679382e-20,1.0515099487350348,1.2909424707881048,2.9937173968458826,0.41734246698515387,2.3674199999999996,2.718397,1,0.20980162295579868,0.065676116782976968,1820000000573456789
baseline,hold30,10,1,solved_soft_dynamic,solved,320,0.04831895463146961,-6.0871522859746365e-20,-0.076400680680804522,-5.0492126398677296e-20,1.0483189546314695,1.2612195008242217,0.83370583306562152,0.14418111613284668,2.044289,2.3887549999999997,1,0.21299261705936384,0.10702392504906039,1820000000623456789
baseline,hold30,11,1,solved_soft_dynamic,solved,120,0.044498920597429381,-6.3396129179680225e-20,-0.083811357579982565,-1.9387987756468476e-20,1.0444989205974293,1.2290727655353071,0.24313050492582428,0.062558748362121025,1.0546310000000001,1.4251179999999999,1,0.21681265109340403,0.15187675163469933,1820000000673456789
baseline,hold30,12,1,solved_soft_dynamic,solved,70,0.040308352718430251,-6.4365528567503644e-20,-0.087879854516849029,8.2208455613547404e-20,1.0403083527184303,1.2024097606447914,0.079500456115530319,0.037853480425142597,0.74660199999999999,1.1249339999999999,1,0.22100321897240321,0.1883967860807188,1820000000723456789
baseline,hold30,13,1,solved_soft_dynamic,solved,60,0.035914359992587797,-6.0255105786826269e-20,-0.089355875155673475,1.5421814646201018e-20,1.0359143599925877,1.2033098042484873,0.040647722013984602,0.037799947740472822,0.66531499999999999,1.0236970000000001,1,0.22539721169824561,0.1861032430190373,1820000000773456789
baseline,hold30,14,1,solved_soft_dynamic,solved,80,0.031446566234804123,-5.9484015054516215e-20,-0.089547684004982031,3.4403479381019575e-20,1.031446566234804,1.2008301805526418,0.041275954570993055,0.034424909554592271,0.76051799999999992,1.1046100000000001,1,0.22986500545602934,0.18803636107048233,1820000000823456789
baseline,hold30,15,1,solved_soft_dynamic,solved,90,0.02696918203455502,-5.7763841085465231e-20,-0.088188867643030466,4.9679739893828161e-20,1.026969182034555,1.2009771566388965,0.037862714058704866,0.033613432267645266,0.79330100000000003,1.1363239999999999,1,0.23434238965627846,0.18668221975388827,1820000000873456789
baseline,hold30,16,1,solved_soft_dynamic,solved,40,0.022559738652403495,-5.5279854090773823e-20,-0.085940171570137863,6.1576717475497841e-20,1.0225597386524035,1.1993581176960557,0.037548869441050702,0.031560194142311093,0.53955799999999998,0.88674500000000001,1,0.23875183303843001,0.18766696170201663,1820000000923456789
baseline,hold30,17,1,solved_soft_dynamic,solved,40,0.018262730073896602,-5.2201018216998934e-20,-0.082770826206503861,7.0428581789677687e-20,1.0182627300738967,1.1991302281786367,0.035539425660440382,0.030745019931018122,0.547462,0.89181199999999994,1,0.24304884161693691,0.18700751620737283,1820000000973456789
baseline,hold30,18,1,solved_soft_dynamic,solved,40,0.014124188763571409,-4.8679589127515047e-20,-0.07907838761183443,1.517659544732103e-19,1.0141241887635715,1.1980393760736439,0.035026901348197415,0.029413484924561438,0.55469600000000008,0.896976,1,0.24718738292726211,0.18749210108174791,1820000001023456789
baseline,hold30,19,1,solved_soft_dynamic,solved,40,0.010170269382979687,-4.1091291403854534e-20,-0.074934541976561048,1.4195125683374331e-19,1.0101702693829797,1.1976071855479296,0.033764439973751545,0.02871033977553674,0.55225599999999997,0.91218900000000003,1,0.25114130230785375,0.187187212567616,1820000001073456789
baseline,hold30,20,1,solved_soft_dynamic,solved,40,0.0064235422841516345,-3.3993728562167365e-20,-0.070565395668151301,1.3116735264949986e-19,1.0064235422841517,1.1967892336248485,0.0332458801340864,0.027813754368521699,0.52909899999999999,0.86792599999999998,1,0.25488802940668182,0.18742726445409735,1820000001123456789
baseline,hold30,21,1,solved_soft_dynamic,solved,40,0.0028952725007440694,-2.7435360929692371e-20,-0.066038359597604609,1.1976648544356657e-19,1.0028952725007441,1.1963068017900256,0.032415463918230941,0.027248293469899938,0.55273400000000006,0.90188699999999999,1,0.2584162991900894,0.18729300775808483,1820000001173456789
baseline,hold30,22,1,solved_soft_dynamic,solved,40,-0.00040664547913616105,-2.1447036657514043e-20,-0.061483938466373629,1.0805481151876304e-19,0.99959335452086384,1.1956657517839113,0.031965131109977327,0.026626405022372894,0.54290899999999997,0.89399300000000004,1,0.26171821716996962,0.18741550965385795,1820000001223456789
baseline,hold30,23,1,solved_soft_dynamic,solved,40,-0.0034808424024548425,-1.604429608157589e-20,-0.056952583013173221,9.6294358320644962e-20,0.99651915759754517,1.1952047868860625,0.03139787003043807,0.026186608052460453,0.53137699999999999,0.87385499999999994,1,0.2647924140932883,0.18736148167979511,1820000001273456789
baseline,hold30,24,1,solved_soft_dynamic,solved,40,-0.0063284715531135034,-1.1229578165543642e-20,-0.052518571660991116,1.2230333506165082e-19,0.99367152844688644,1.1946908855636598,0.031031899255206354,0.025745298449196256,0.52991200000000005,0.89684400000000009,1,0.26764004324394702,0.18742733061365474,1820000001323456789
baseline,hold30,25,1,solved_soft_dynamic,solved,40,-0.0089544001361630595,-5.114411412461101e-21,-0.048214745907472593,6.6681808831582346e-20,0.991045599863837,1.1942815026117448,0.030632918796000389,0.025409518812640738,0.54816900000000002,0.889602,1,0.27026597182699658,0.1874100280896947,1820000001373456789
baseline,hold30,26,1,solved_soft_dynamic,solved,40,-0.011365137431536689,-1.7803209708819835e-21,-0.044081409702018064,9.4088718409529748e-20,0.98863486256846334,1.1938665785157561,0.030345830864722381,0.025091517253232228,0.547763,0.88709199999999999,1,0.27267670912237013,0.18744810418827701,1820000001423456789
baseline,hold30,27,1,solved_soft_dynamic,solved,40,-0.013569207916637592,2.9241149495945045e-21,-0.040136834593952474,7.7745466476191379e-20,0.98643079208336237,1.1935183014411217,0.030059644560820171,0.024838342915147207,0.53359999999999996,0.87265300000000001,1,0.27488077960747109,0.18744685720732585,1820000001473456789
baseline,hold30,28,1,solved_soft_dynamic,solved,40,-0.015576049646335216,6.8113882734040741e-21,-0.036400432978181192,6.2653376357874764e-20,0.98442395035366481,1.1931842098583036,0.029839412290372264,0.0246074011740171,0.52634999999999998,0.87037300000000006,1,0.27688762133716865,0.18747080134335486,1820000001523456789
baseline,hold30,29,1,solved_soft_dynamic,solved,40,-0.017396071295244276,9.9440570912978129e-21,-0.032879605658698602,4.8881751185847537e-20,0.98260392870475566,1.1928966335163382,0.029632017263620906,0.024418629583487002,0.53299099999999999,0.90402500000000008,1,0.2787076429860777,0.18747592575214506,1820000001573456789
baseline,hold30,30,1,solved_soft_dynamic,solved,140,-0.019040051578179205,1.2388144650590189e-20,0.016017834903998697,3.6464784662414423e-20,0.98095994842182077,1.4968076722262371,0,0,1.155063,1.48658,1,1000000000,1000000000,1820000001623456789
baseline,hold30,31,1,solved_soft_dynamic,solved,90,-0.01823915983297927,1.4211383883710911e-20,0.058600593585757525,2.5406647846756444e-20,0.98176084016702081,1.4989899489520904,0,0,0.80887399999999998,1.1492059999999999,1,1000000000,1000000000,1820000001673456789
baseline,hold30,32,1,solved_soft_dynamic,solved,90,-0.015309130153691394,1.5481716276048732e-20,0.095342322502596721,1.5686291721300357e-20,0.9846908698463086,1.5014214410734554,0,0,0.78766100000000006,1.1209779999999998,1,1000000000,1000000000,1820000001723456789
baseline,hold30,33,1,solved_soft_dynamic,solved,90,-0.010542014028561558,1.6266030862113751e-20,0.12687476526039171,-3.0335948438998485e-20,0.98945798597143841,1.5041298570214012,0,0,0.77125699999999997,1.1047500000000001,1,1000000000,1000000000,1820000001773456789
baseline,hold30,34,1,solved_soft_dynamic,solved,90,-0.0041982757655419723,1.4749233440163827e-20,0.15376601384408892,-3.0734983460406363e-20,0.99580172423445801,1.5070684039907802,0,0,0.775007,1.107618,1,1000000000,1000000000,1820000001823456789
baseline,hold30,35,1,solved_soft_dynamic,solved,90,0.0034900249266624737,1.3212484267143509e-20,0.17652675827566766,-3.0514068328711545e-20,1.0034900249266625,1.510195593099386,0,0,0.77604699999999993,1.1072139999999999,1,1000000000,1000000000,1820000001873456789
baseline,hold30,36,1,solved_soft_dynamic,solved,90,0.012316362840445858,1.1686780850707932e-20,0.19561592879158801,-2.9777918920428906e-20,1.0123163628404459,1.5134746964865071,0,0,0.77388800000000002,1.107977,1,1000000000,1000000000,1820000001923456789
baseline,hold30,37,1,solved_soft_dynamic,solved,110,0.022097159280025258,1.0197884904686486e-20,0.21144578935134373,8.9743300591131064e-21,1.0220971592800252,1.5168732580358029,0,0,0.93007300000000004,1.2616509999999999,1,1000000000,1000000000,1820000001973456789
baseline,hold30,38,1,solved_soft_dynamic,solved,90,0.032669448747592443,1.0646601407642142e-20,0.22438653560426158,3.6703801580951651e-21,1.0326694487475925,1.5203626524977913,0,0,0.81564199999999998,1.148496,1,1000000000,1000000000,1820000002023456789
baseline,hold30,39,1,solved_soft_dynamic,solved,90,0.043888775527805526,1.08301204155469e-20,0.2347704453063007,-1.9637044280617223e-20,1.0438887755278055,1.5239176882935337,0,0,0.80483199999999999,1.1415040000000001,1,1000000000,1000000000,1820000002073456789
baseline,hold30,40,1,solved_soft_dynamic,solved,90,0.055627297793120561,9.8482682015160386e-21,0.24289562453926053,-2.0004006638551444e-20,1.0556272977931205,1.5275162497384449,0,0,0.76635200000000003,1.1250609999999999,1,1000000000,1000000000,1820000002123456789
baseline,hold30,41,1,solved_soft_dynamic,solved,100,0.067772079020083587,8.8480678695884667e-21,0.24902938889361315,-1.5250312272583154e-20,1.0677720790200835,1.5311389748382629,0,0,0.81077099999999991,1.1436219999999999,1,1000000000,1000000000,1820000002173456789
baseline,hold30,42,1,solved_soft_dynamic,solved,90,0.080223548464764247,8.0855522559593094e-21,0.25341131498985875,-1.569326202279261e-20,1.0802235484647642,1.5347689651823893,0,0,0.83268399999999998,1.172061,1,1000000000,1000000000,1820000002223456789
baseline,hold30,43,1,solved_soft_dynamic,solved,100,0.092894114214257181,7.3008891548196788e-21,0.25625599429276058,-1.578080139246205e-20,1.0928941142142572,1.5383915247968647,0,0,0.91755500000000001,1.2750159999999999,1,1000000000,1000000000,1820000002273456789
baseline,hold30,44,1,solved_soft_dynamic,solved,110,0.10570691392889521,6.5118490851965763e-21,0.25775551808271779,-1.5569094274602908e-20,1.1057069139288953,1.5419939251237211,0,0,0.95521299999999998,1.302924,1,1000000000,1000000000,1820000002323456789
baseline,hold30,45,1,solved_soft_dynamic,solved,110,0.11859468983303111,5.7333943714664306e-21,0.25808171965698551,-9.0306331029491427e-20,1.118594689833031,1.5455651935684505,0,0,0.88326300000000002,1.224005,1,1000000000,1000000000,1820000002373456789
baseline,hold30,46,1,solved_soft_dynamic,solved,110,0.13149877581588038,1.2180778199918588e-21,0.25738819731160156,-7.6073896320910797e-20,1.1314987758158803,1.5490959233057362,0,0,0.91747699999999999,1.253852,1,1000000000,1000000000,1820000002423456789
baseline,hold30,47,1,solved_soft_dynamic,solved,110,0.14436818568146045,-2.5856169960536809e-21,0.25581213937669522,-6.2779861243795054e-20,1.1443681856814605,1.5525781022579506,0,0,0.87616099999999997,1.211111,1,1000000000,1000000000,1820000002473456789
baseline,hold30,48,1,solved_soft_dynamic,solved,110,0.15715879265029523,-5.7246100582434338e-21,0.25347597051978571,2.468387756805231e-20,1.1571587926502953,1.556004959363571,0,0,0.90617999999999999,1.2413689999999999,1,1000000000,1000000000,1820000002523456789
baseline,hold30,49,1,solved_soft_dynamic,solved,110,0.16983259117628452,-4.4904161798408181e-21,0.25048883667250377,9.7491199300440766e-20,1.1698325911762846,1.5593708264356991,0,0,0.88991700000000007,1.2251720000000001,1,1000000000,1000000000,1820000002573456789
baseline,hold30,50,1,solved_soft_dynamic,solved,120,0.18235703300990971,3.8414378518122051e-22,0.24694794425662286,8.1512641865249365e-20,1.1823570330099098,1.5626710140761755,0,0,0.99976199999999993,1.334368,1,1000000000,1000000000,1820000002623456789
baseline,hold30,51,1,solved_soft_dynamic,solved,120,0.19470443022274087,4.4597758784436888e-21,0.24293976786807805,6.6657952319285947e-20,1.1947044302227408,1.5659017002600855,0,0,0.94672800000000001,1.280961,1,1000000000,1000000000,1820000002673456789
baseline,hold30,52,1,solved_soft_dynamic,solved,130,0.20685141861614476,7.792673494407986e-21,0.23854113920705633,-9.7378665690923517e-20,1.2068514186161448,1.5690598303403029,0,0,0.97700999999999993,1.313787,1,1000000000,1000000000,1820000002723456789
baseline,hold30,53,1,solved_soft_dynamic,solved,130,0.21877847557649757,2.92374020986181e-21,0.23382022880412442,-8.2613293385290985e-20,1.2187784755764977,1.572143027343482,0,0,1.0059369999999999,1.3408409999999999,1,1000000000,1000000000,1820000002773456789
baseline,hold30,54,1,solved_soft_dynamic,solved,140,0.23046948701670381,-1.2069244594027399e-21,0.22883743097391709,-6.8754798495510847e-20,1.2304694870167039,1.5751495115389127,0,0,1.0353269999999999,1.36961,1,1000000000,1000000000,1820000002823456789
baseline,hold30,55,1,solved_soft_dynamic,solved,150,0.24191135856539966,-4.6446643841782825e-21,0.22364616141757573,-5.5906140971314766e-20,1.2419113585653996,1.5780780283609586,0,0,1.0909500000000001,1.425076,1,1000000000,1000000000,1820000002873456789
baseline,hold30,56,1,solved_soft_dynamic,solved,40,0.25309366663627847,-7.439971432744021e-21,0.2493752180729267,-4.4135313346288223e-20,1.2530936666362784,1.8796219504787639,0,0,0.58562700000000001,0.91889600000000005,1,1000000000,1000000000,1820000002923456789
baseline,hold30,57,1,solved_soft_dynamic,solved,40,0.26556242753992482,-9.6467371000584327e-21,0.27217971863449836,-3.3479793995577779e-20,1.2655624275399249,1.8976003597549997,0,0,0.54177700000000006,0.87476999999999994,1,1000000000,1000000000,1820000002973456789
baseline,hold30,58,1,solved_soft_dynamic,solved,30,0.27917141347164975,-1.1320726799837322e-20,0.29239208991685406,2.7683215933466174e-19,1.2791714134716496,1.9160927264141954,0,0,0.48936499999999994,0.82527399999999995,1,1000000000,1000000000,1820000003023456789
baseline,hold30,59,1,solved_soft_dynamic,solved,30,0.29379101796749246,2.5208811668957667e-21,0.31030697262839352,2.3094349270839505e-19,1.2937910179674925,1.9350406302345595,0,0,0.48620800000000003,0.86254799999999998,1,1000000000,1000000000,1820000003073456789
baseline,hold30,60,1,solved_soft_dynamic,solved,40,0.30930636659891214,1.4068055802315521e-20,0.32619234849559497,-1.1244360825346141e-19,1.3093063665989122,1.9527308690881706,0,0,0.53072199999999992,0.8606450000000001,1,1000000000,1000000000,1820000003123456789
baseline,hold30,61,1,solved_soft_dynamic,solved,80,0.32561598402369191,8.4458753896424506e-21,0.34003351939372595,-9.7225324663432713e-20,1.3256159840236919,1.9662280707086794,0,0,0.76118200000000003,1.0969599999999999,1,1000000000,1000000000,1820000003173456789
baseline,hold30,62,1,solved_soft_dynamic,solved,150,0.34261765999337823,3.5846091564708148e-21,0.35108841418632458,-3.8350657819020256e-19,1.3426176599933783,1.9695727401998102,0,0,1.0688139999999999,1.405772,1,1000000000,1000000000,1820000003223456789
baseline,hold30,63,1,solved_soft_dynamic,solved,160,0.36017208070269446,-1.5590719753039313e-20,0.35952422191810418,-1.4781899525543216e-20,1.3601720807026945,1.9738833863848211,0,0,1.1307339999999999,1.471068,1,1000000000,1000000000,1820000003273456789
baseline,hold30,64,1,solved_soft_dynamic,solved,160,0.37814829179859966,-1.6329814729316475e-20,0.36567563023085742,-6.4814325401014163e-21,1.3781482917985997,1.9780909832964113,0,0,1.1462680000000001,1.479824,1,1000000000,1000000000,1820000003323456789
baseline,hold30,65,1,solved_soft_dynamic,solved,170,0.39643207331014252,-1.6653886356321546e-20,0.36986062408857456,5.8748747571026275e-22,1.3964320733101425,1.9820960016762847,0,0,1.2146240000000001,1.5484690000000001,1,1000000000,1000000000,1820000003373456789
baseline,hold30,66,1,solved_soft_dynamic,solved,170,0.41492510451457126,-1.6624511982536032e-20,0.37236703966320184,6.4972802939504397e-21,1.4149251045145712,1.985863897351853,0,0,1.180733,1.518807,1,1000000000,1000000000,1820000003423456789
baseline,hold30,67,1,solved_soft_dynamic,solved,170,0.43354345649773135,-1.629964796783851e-20,0.37341743485790457,1.1329534827894855e-20,1.4335434564977314,1.9895464810839725,0,0,1.1857949999999999,1.523096,1,1000000000,1000000000,1820000003473456789
baseline,hold30,68,1,solved_soft_dynamic,solved,170,0.45221432824062657,-1.5733171226443768e-20,0.37328816571103873,1.5172045772918068e-20,1.4522143282406266,1.9927782417893427,0,0,1.230594,1.565869,1,1000000000,1000000000,1820000003523456789
baseline,hold30,69,1,solved_soft_dynamic,solved,120,0.47087873652617851,-1.4974568937797865e-20,0.37214726012568655,-2.8266676768691593e-19,1.4708787365261786,1.9959052177946324,0,0,0.96845599999999998,1.3463850000000002,1,1000000000,1000000000,1820000003573456789
baseline,hold30,70,1,solved_soft_dynamic,solved,120,0.48948609953246286,-2.9107907322143661e-20,0.37023874698667203,7.4556845370833753e-20,1.4894860995324628,1.9984739410371362,0,0,0.9784489999999999,1.3128390000000001,1,1000000000,1000000000,1820000003623456789
baseline,hold30,71,1,solved_soft_dynamic,solved,110,0.50799803688179646,-2.5380065053601974e-20,0.36767823560094098,7.1611287733965738e-20,1.5079980368817965,2,0,0,0.87779799999999997,1.253539,1,1000000000,1000000000,1820000003673456789
baseline,hold30,72,1,solved_soft_dynamic,solved,110,0.52638194866184351,-2.1799500666903686e-20,0.36462138928695403,-2.329320816363168e-19,1.5263819486618435,2,0,0,0.90739199999999998,1.2477199999999999,1,1000000000,1000000000,1820000003723456789
baseline,hold30,73,1,solved_soft_dynamic,solved,110,0.54461301812619123,-3.3446104748719528e-20,0.36091532882866689,-1.8300497401208361e-19,1.5446130181261912,2,0,0,0.88704099999999997,1.225058,1,1000000000,1000000000,1820000003773456789
baseline,hold30,74,1,solved_soft_dynamic,solved,110,0.56265878456762453,-4.2596353449323708e-20,0.35656770552413347,-4.3866738620851068e-19,1.5626587845676245,2,0,0,0.88045300000000004,1.2154399999999999,1,1000000000,1000000000,1820000003823456789
baseline,hold30,75,1,solved_soft_dynamic,solved,100,0.5804871698438312,-6.4529722759749246e-20,0.35167904491565666,-4.3302352312223999e-20,1.5804871698438312,2,0,0,0.85870200000000008,1.197613,1,1000000000,1000000000,1820000003873456789
baseline,hold30,76,1,solved_soft_dynamic,solved,80,0.59807112208961399,-6.6694840375360443e-20,0.34638706666794883,-1.2174777808308932e-20,1.598071122089614,2,0,0,0.72594200000000009,1.059458,1,1000000000,1000000000,1820000003923456789
baseline,hold30,77,1,solved_soft_dynamic,solved,100,0.6153904754230114,-6.7303579265775894e-20,0.34085331089892956,1.4115266092862216e-20,1.6153904754230113,2,0,0,0.83480600000000005,1.1680499999999998,1,1000000000,1000000000,1820000003973456789
baseline,hold30,78,1,solved_soft_dynamic,solved,110,0.63243314096795789,-6.6597815961132788e-20,0.33520514077484043,3.5878917368791418e-20,1.632433140967958,2,0,0,0.90085399999999993,1.2515079999999998,1,1000000000,1000000000,1820000004023456789
baseline,hold30,79,1,solved_soft_dynamic,solved,140,0.64919339800669995,-6.4803870092693218e-20,0.32960249418197002,5.3458515194565479e-20,1.6491933980067,2,0,0,1.090967,1.42818,1,1000000000,1000000000,1820000004073456789
baseline,hold30,80,1,solved_soft_dynamic,solved,210,0.66567352271579849,-6.2130944332964943e-20,0.32421666629828072,6.7216347426667593e-20,1.6656735227157986,2,0,0,1.3914759999999999,1.727015,1,1000000000,1000000000,1820000004123456789
baseline,hold30,81,0,solver_not_solved,solved inaccurate,400,0.68188435603071251,-5.8770126961631568e-20,0,0,1.6818843560307126,0,0,0,2.3403529999999999,2.6665049999999999,1,1000000000,1000000000,1820000004173456789
baseline,hold120,0,1,solved_soft_dynamic,solved,160,0,0,0.30541701842591806,0,1,1.5141755695471968,30.444846430012625,25.058501971138952,1.215428,1.5657539999999999,0,0.26131157169083347,-0.20781364885202952,1820000000123456789
baseline,hold120,1,1,solved_soft_dynamic,solved,130,0.015270850921295903,0,0.25541701842591807,0,1.015270850921296,1.5068663178169608,26.655046123691235,21.338167129160155,1.0165110000000002,1.3817160000000002,1,0.24604072076953759,-0.20403558001911759,1820000000173456789
baseline,hold120,2,1,solved_soft_dynamic,solved,150,0.028041701842591808,0,0.20541701842591809,-1.5039149365907889e-19,1.0280417018425918,1.4991040255187325,22.946551113268868,17.921111520346315,1.157921,1.5075080000000001,1,0.23326986984824166,-0.19972720860980292,1820000000223456789
baseline,hold120,3,1,solved_soft_dynamic,solved,140,0.038312552763887717,-7.5195746829539446e-21,0.1554170184259181,-1.2324048945171481e-19,1.0383125527638877,1.4757303952970779,19.535213129241143,14.767781169136818,1.1058400000000002,1.459992,1,0.22299901892694579,-0.17296799862978501,1820000000273456789
baseline,hold120,4,1,solved_soft_dynamic,solved,100,0.04608340368518362,-1.3681599155539687e-20,0.10541701842591809,-2.4866641592179702e-19,1.0460834036851836,1.4438347878719517,16.382428942395247,11.841518613522334,0.856406,1.232658,1,0.21522816800564987,-0.13362228844572493,1820000000323456789
baseline,hold120,5,1,solved_soft_dynamic,solved,80,0.051354254606479521,-2.6114919951629539e-20,0.055417018425918091,-1.988311181323091e-19,1.0513542546064796,1.4127001423472907,13.453658657409523,9.1830249427999711,0.79244300000000001,1.137753,1,0.209957317084354,-0.09481916264935708,1820000000373456789
baseline,hold120,6,1,solved_soft_dynamic,solved,50,0.054125105527775427,-3.6056475858244996e-20,0.013023342818205969,-1.9109946697880168e-19,1.0541251055277754,1.382965780894275,10.79386357454052,6.5390421016545854,0.65712400000000004,1.005012,1,0.20718646616305808,-0.057184265297581194,1820000000423456789
baseline,hold120,7,1,solved_soft_dynamic,solved,50,0.054776272668685726,-4.5611449207185079e-20,-0.020036833509038406,-1.4357460854880222e-19,1.0547762726686858,1.3506455638834194,8.1513630673010784,3.8093795877277992,0.64182300000000003,0.98736800000000002,1,0.20653529902214779,-0.0146520251635055,1820000000473456789
baseline,hold120,8,1,solved_soft_dynamic,solved,70,0.053774430993233806,-5.2790179634625193e-20,-0.045289645163979653,-1.1997708428562942e-19,1.0537744309932338,1.3209538836087722,5.4266292164223575,1.3859816996553831,0.74859399999999998,1.094562,1,0.20753714069759971,0.024779314238236205,1820000000523456789
baseline,hold120,9,1,solved_soft_dynamic,solved,380,0.051509948735034825,-5.878903384890667e-20,-0.063819882071304304,-4.164978021679382e-20,1.0515099487350348,1.2909424707881048,2.9937173968458826,0.41734246698515387,2.361367,2.7012369999999999,1,0.20980162295579868,0.065676116782976968,1820000000573456789
baseline,hold120,10,1,solved_soft_dynamic,solved,320,0.04831895463146961,-6.0871522859746365e-20,-0.076400680680804522,-5.0492126398677296e-20,1.0483189546314695,1.2612195008242217,0.83370583306562152,0.14418111613284668,2.0263960000000001,2.3979399999999997,1,0.21299261705936384,0.10702392504906039,1820000000623456789
baseline,hold120,11,1,solved_soft_dynamic,solved,120,0.044498920597429381,-6.3396129179680225e-20,-0.083811357579982565,-1.9387987756468476e-20,1.0444989205974293,1.2290727655353071,0.24313050492582428,0.062558748362121025,0.97203100000000009,1.3132079999999999,1,0.21681265109340403,0.15187675163469933,1820000000673456789
baseline,hold120,12,1,solved_soft_dynamic,solved,70,0.040308352718430251,-6.4365528567503644e-20,-0.087879854516849029,8.2208455613547404e-20,1.0403083527184303,1.2024097606447914,0.079500456115530319,0.037853480425142597,0.68925700000000001,1.0315560000000001,1,0.22100321897240321,0.1883967860807188,1820000000723456789
baseline,hold120,13,1,solved_soft_dynamic,solved,60,0.035914359992587797,-6.0255105786826269e-20,-0.089355875155673475,1.5421814646201018e-20,1.0359143599925877,1.2033098042484873,0.040647722013984602,0.037799947740472822,0.63090399999999991,0.97045899999999996,1,0.22539721169824561,0.1861032430190373,1820000000773456789
baseline,hold120,14,1,solved_soft_dynamic,solved,80,0.031446566234804123,-5.9484015054516215e-20,-0.089547684004982031,3.4403479381019575e-20,1.031446566234804,1.2008301805526418,0.041275954570993055,0.034424909554592271,0.73796400000000006,1.1160219999999998,1,0.22986500545602934,0.18803636107048233,1820000000823456789
baseline,hold120,15,1,solved_soft_dynamic,solved,90,0.02696918203455502,-5.7763841085465231e-20,-0.088188867643030466,4.9679739893828161e-20,1.026969182034555,1.2009771566388965,0.037862714058704866,0.033613432267645266,0.79363899999999998,1.1353800000000001,1,0.23434238965627846,0.18668221975388827,1820000000873456789
baseline,hold120,16,1,solved_soft_dynamic,solved,40,0.022559738652403495,-5.5279854090773823e-20,-0.085940171570137863,6.1576717475497841e-20,1.0225597386524035,1.1993581176960557,0.037548869441050702,0.031560194142311093,0.54029000000000005,0.88025799999999998,1,0.23875183303843001,0.18766696170201663,1820000000923456789
baseline,hold120,17,1,solved_soft_dynamic,solved,40,0.018262730073896602,-5.2201018216998934e-20,-0.082770826206503861,7.0428581789677687e-20,1.0182627300738967,1.1991302281786367,0.035539425660440382,0.030745019931018122,0.53507299999999991,0.87823899999999999,1,0.24304884161693691,0.18700751620737283,1820000000973456789
baseline,hold120,18,1,solved_soft_dynamic,solved,40,0.014124188763571409,-4.8679589127515047e-20,-0.07907838761183443,1.517659544732103e-19,1.0141241887635715,1.1980393760736439,0.035026901348197415,0.029413484924561438,0.52797399999999994,0.86628400000000005,1,0.24718738292726211,0.18749210108174791,1820000001023456789
baseline,hold120,19,1,solved_soft_dynamic,solved,40,0.010170269382979687,-4.1091291403854534e-20,-0.074934541976561048,1.4195125683374331e-19,1.0101702693829797,1.1976071855479296,0.033764439973751545,0.02871033977553674,0.55272299999999996,0.95212599999999992,1,0.25114130230785375,0.187187212567616,1820000001073456789
baseline,hold120,20,1,solved_soft_dynamic,solved,40,0.0064235422841516345,-3.3993728562167365e-20,-0.070565395668151301,1.3116735264949986e-19,1.0064235422841517,1.1967892336248485,0.0332458801340864,0.027813754368521699,0.50911800000000007,0.85455199999999998,1,0.25488802940668182,0.18742726445409735,1820000001123456789
baseline,hold120,21,1,solved_soft_dynamic,solved,40,0.0028952725007440694,-2.7435360929692371e-20,-0.066038359597604609,1.1976648544356657e-19,1.0028952725007441,1.1963068017900256,0.032415463918230941,0.027248293469899938,0.53647,0.87479699999999994,1,0.2584162991900894,0.18729300775808483,1820000001173456789
baseline,hold120,22,1,solved_soft_dynamic,solved,40,-0.00040664547913616105,-2.1447036657514043e-20,-0.061483938466373629,1.0805481151876304e-19,0.99959335452086384,1.1956657517839113,0.031965131109977327,0.026626405022372894,0.52091300000000007,0.85602599999999995,1,0.26171821716996962,0.18741550965385795,1820000001223456789
baseline,hold120,23,1,solved_soft_dynamic,solved,40,-0.0034808424024548425,-1.604429608157589e-20,-0.056952583013173221,9.6294358320644962e-20,0.99651915759754517,1.1952047868860625,0.03139787003043807,0.026186608052460453,0.5278210000000001,0.86641800000000002,1,0.2647924140932883,0.18736148167979511,1820000001273456789
baseline,hold120,24,1,solved_soft_dynamic,solved,40,-0.0063284715531135034,-1.1229578165543642e-20,-0.052518571660991116,1.2230333506165082e-19,0.99367152844688644,1.1946908855636598,0.031031899255206354,0.025745298449196256,0.53783599999999998,0.90832599999999997,1,0.26764004324394702,0.18742733061365474,1820000001323456789
baseline,hold120,25,1,solved_soft_dynamic,solved,40,-0.0089544001361630595,-5.114411412461101e-21,-0.048214745907472593,6.6681808831582346e-20,0.991045599863837,1.1942815026117448,0.030632918796000389,0.025409518812640738,0.53756999999999999,0.87767600000000001,1,0.27026597182699658,0.1874100280896947,1820000001373456789
baseline,hold120,26,1,solved_soft_dynamic,solved,40,-0.011365137431536689,-1.7803209708819835e-21,-0.044081409702018064,9.4088718409529748e-20,0.98863486256846334,1.1938665785157561,0.030345830864722381,0.025091517253232228,0.53518599999999994,0.87617299999999998,1,0.27267670912237013,0.18744810418827701,1820000001423456789
baseline,hold120,27,1,solved_soft_dynamic,solved,40,-0.013569207916637592,2.9241149495945045e-21,-0.040136834593952474,7.7745466476191379e-20,0.98643079208336237,1.1935183014411217,0.030059644560820171,0.024838342915147207,0.53779500000000002,0.88158800000000004,1,0.27488077960747109,0.18744685720732585,1820000001473456789
baseline,hold120,28,1,solved_soft_dynamic,solved,40,-0.015576049646335216,6.8113882734040741e-21,-0.036400432978181192,6.2653376357874764e-20,0.98442395035366481,1.1931842098583036,0.029839412290372264,0.0246074011740171,0.53542200000000006,0.876274,1,0.27688762133716865,0.18747080134335486,1820000001523456789
baseline,hold120,29,1,solved_soft_dynamic,solved,40,-0.017396071295244276,9.9440570912978129e-21,-0.032879605658698602,4.8881751185847537e-20,0.98260392870475566,1.1928966335163382,0.029632017263620906,0.024418629583487002,0.532084,0.90895400000000004,1,0.2787076429860777,0.18747592575214506,1820000001573456789
baseline,hold120,30,1,solved_soft_dynamic,solved,40,-0.019040051578179205,1.2388144650590189e-20,-0.029580837620528464,3.6464784662414441e-20,0.98095994842182077,1.1926300228920175,0.02946600105360141,0.024250832050411501,0.54286299999999998,0.88219400000000003,1,0.2803516232690127,0.18749220906010217,1820000001623456789
baseline,hold120,31,1,solved_soft_dynamic,solved,40,-0.020519093459205627,1.4211383883710911e-20,-0.026503952653818143,2.5406647846756462e-20,0.97948090654079434,1.1923982090461283,0.029315483412222183,0.024111866478452405,0.53014399999999995,0.87281200000000003,1,0.28183066515003913,0.18749926522706978,1820000001673456789
baseline,hold120,32,1,solved_soft_dynamic,solved,40,-0.021844291091896534,1.5481716276048732e-20,-0.023647505908572824,1.5686291721300387e-20,0.97815570890810344,1.1921882380909372,0.029192475641972734,0.023990786085520306,0.53071800000000002,0.86870800000000004,1,0.28315586278273003,0.1875110155244491,1820000001723456789
baseline,hold120,33,1,solved_soft_dynamic,solved,40,-0.023026666387325177,1.6266030862113751e-20,-0.021006356548831543,-2.1375433779211671e-21,0.9769733336126748,1.1920054472553758,0.029083999914380508,0.02389019002969291,0.54149199999999997,0.878274,1,0.28433823807815867,0.18751805083897205,1820000001773456789
baseline,hold120,34,1,solved_soft_dynamic,solved,40,-0.024076984214766752,1.6159153693217693e-20,-0.018574341307871615,-7.6273916882098193e-21,0.97592301578523322,1.1918428307513331,0.028994693873753832,0.023804128105132546,0.53148899999999999,0.89597400000000005,1,0.28538855590560025,0.18752684472725406,1820000001823456789
baseline,hold120,35,1,solved_soft_dynamic,solved,40,-0.025005701280160334,1.5777784108807202e-20,-0.016343306540602259,-1.2087520404451883e-20,0.97499429871983967,1.1917019022668014,0.02891776624059416,0.023733004742298128,0.55511600000000005,0.89911600000000003,1,0.2863172729709938,0.18753307610731734,1820000001873456789
baseline,hold120,36,1,solved_soft_dynamic,solved,40,-0.025822866607190447,1.5173408088584607e-20,-0.01430446661743155,-1.0904941865971276e-20,0.97417713339280954,1.1915785264043102,0.028854647372063138,0.023673373083319613,0.59754600000000002,0.95928800000000003,1,0.28713443829802393,0.18753976876160722,1820000001923456789
baseline,hold120,37,1,solved_soft_dynamic,solved,40,-0.026538089938062025,1.4628160995286044e-20,-0.012448058650883088,-1.4417277191294189e-20,0.97346191006193794,1.1914725653744211,0.028801572914151898,0.02362479833626923,0.56046899999999999,0.91846099999999997,1,0.28784966162889553,0.1875449548391353,1820000001973456789
baseline,hold120,38,1,solved_soft_dynamic,solved,40,-0.027160492870606179,1.3907297135721336e-20,-0.010764051473662637,-1.7098552601883747e-20,0.97283950712939382,1.191381329005754,0.028758643109768278,0.023585139038800558,0.53987499999999999,0.89764200000000005,1,0.28847206456143965,0.18755006023219895,1820000002023456789
baseline,hold120,39,1,solved_soft_dynamic,solved,40,-0.027698695444289309,1.3052369505627149e-20,-0.0092420518867125691,-1.9035366171783768e-20,0.97230130455571073,1.1913040319875441,0.028723622295146536,0.02355370571974718,0.53781200000000007,0.90229000000000004,1,0.28901026713512273,0.18755420256566918,1820000002073456789
baseline,hold120,40,1,solved_soft_dynamic,solved,40,-0.028160798038624937,1.210060119703796e-20,-0.0078716839102057588,-2.0313692066318733e-20,0.97183920196137508,1.1912387653952816,0.028696113473244998,0.023529075773439344,0.53273800000000004,0.872699,1,0.28947236972945839,0.18755806622668542,1820000002123456789
baseline,hold120,41,1,solved_soft_dynamic,solved,40,-0.028554382234135225,1.1084916593722024e-20,-0.0066425858619509129,-2.1017429095987427e-20,0.9714456177658648,1.1911845543181219,0.028674689814961428,0.023510545517550524,0.53406799999999999,0.87535099999999999,1,0.28986595392496867,0.18756126739311957,1820000002173456789
baseline,hold120,42,1,solved_soft_dynamic,solved,40,-0.028886511527232771,1.0034045138922652e-20,-0.0055446162388680924,-2.122722257658632e-20,0.97111348847276724,1.1911399561502127,0.028658816928231384,0.023497115871959275,0.51658900000000008,0.85676199999999991,1,0.29019808321806623,0.18756414463995502,1820000002223456789
baseline,hold120,43,1,solved_soft_dynamic,solved,40,-0.029163742339176176,8.9726840100933353e-21,-0.0045678749724316755,-2.1019536369255702e-20,0.97083625766082382,1.1911040089460738,0.028647523621143825,0.023488158448687926,0.54584299999999997,0.88398399999999999,1,0.29047531403000965,0.18756654129680467,1820000002273456789
baseline,hold120,44,1,solved_soft_dynamic,solved,40,-0.029392136087797761,7.9217071916305496e-21,-0.0037028144079043466,-2.0465951212963496e-20,0.97060786391220222,1.1910755810160487,0.028640285842709178,0.023482942920858899,0.54721500000000001,0.88797400000000004,1,0.29070370777863125,0.18756863299252197,1820000002323456789
baseline,hold120,45,1,solved_soft_dynamic,solved,40,-0.029577276808192977,6.8984096309823754e-21,-0.0029402593283364919,-1.9045198483771574e-20,0.970422723191807,1.1910538065575942,0.028636409076796852,0.023480941320248978,0.52499399999999996,0.86735499999999999,1,0.29088884849902646,0.18757036492033713,1820000002373456789
baseline,hold120,46,1,solved_soft_dynamic,solved,40,-0.029724289774609801,5.946149706793797e-21,-0.0022714637825499932,-1.8098764792734598e-20,0.97027571022539028,1.19103778228615,0.028635433733478294,0.023481606452134561,0.536991,0.87741100000000005,1,0.2910358614654433,0.18757183442732056,1820000002423456789
baseline,hold120,47,1,solved_soft_dynamic,solved,40,-0.029837862963737301,5.0412114671570674e-21,-0.0016881219971337563,-1.6979212745934436e-20,0.97016213703626275,1.1910267661261369,0.028636846925250439,0.023484509825197966,0.53368000000000004,0.87140399999999996,1,0.29114943465457072,0.18757303092215621,1820000002473456789
baseline,hold120,48,1,solved_soft_dynamic,solved,40,-0.029922269063593989,4.192250829860346e-21,-0.0011823931413777438,-1.5734890285072519e-20,0.97007773093640604,1.191020034262775,0.028640267425348469,0.02348923669588256,0.52385099999999996,0.86882099999999995,1,0.29123384075442743,0.18757401285343117,1820000002523456789
baseline,hold120,49,1,solved_soft_dynamic,solved,40,-0.029981388720662878,3.4055063156067203e-21,-0.00074690227268319029,-1.4408543594319289e-20,0.9700186112793372,1.1910169704219347,0.028645310159067829,0.023495447648575106,0.539636,0.91481099999999993,1,0.29129296041149638,0.187574787502713,1820000002573456789
baseline,hold120,50,1,solved_soft_dynamic,solved,40,-0.030018733834297037,2.6850791358907557e-21,-0.00037474561549229673,-1.2743721798128998e-20,0.96998126616570302,1.1910169972192903,0.028651669744191387,0.023502828020276256,0.53576699999999999,0.87478999999999996,1,0.29133030552513045,0.18757539292361397,1820000002623456789
baseline,hold120,51,1,solved_soft_dynamic,solved,40,-0.03003747111507165,2.0478930459843059e-21,-5.9483169442229656e-05,-1.141295414103991e-20,0.96996252888492829,1.1910196150305148,0.028659055969109296,0.023511114576186102,0.52871099999999993,0.86821399999999993,1,0.29134904280590507,0.18757584240838338,1820000002673456789
baseline,hold120,52,1,solved_soft_dynamic,solved,40,-0.03004044527354376,1.4772453389323102e-21,0.00020486795737113063,-9.9454009492877322e-21,0.96995955472645623,1.1910243678957,0.028667230784071671,0.023520070436555351,0.53222599999999998,0.877413,1,0.29135201696437724,0.18757616247915748,1820000002723456789
baseline,hold120,53,1,solved_soft_dynamic,solved,40,-0.030030201875675202,9.7997529146792371e-22,0.00042384704994725118,-8.6835258018185772e-21,0.96996979812432482,1.1910308592925689,0.028675976912101744,0.023529495911627875,0.5295700000000001,0.86866999999999994,1,0.29134177356650864,0.18757636726191579,1820000002773456789
baseline,hold120,54,1,solved_soft_dynamic,solved,40,-0.030009009523177841,5.4579900137699483e-22,0.00060256365426613299,-7.4698359037919986e-21,0.96999099047682213,1.191038734255226,0.028685113576688039,0.023539215503487469,0.52923900000000001,0.88109199999999999,1,0.29132058121401133,0.1875764761440491,1820000002823456789
baseline,hold120,55,1,solved_soft_dynamic,solved,40,-0.029978881340464534,1.7230720618739486e-22,0.00074571508641088364,-6.6121567440652107e-21,0.97002111865953544,1.1910476846984515,0.028694480685354615,0.023549081654621131,0.53101699999999996,0.874749,1,0.29129045303129802,0.18757650197955883,1820000002873456789
baseline,hold120,56,1,solved_soft_dynamic,solved,40,-0.029941595586143989,-1.5830063101586568e-22,0.00085760439492725538,-6.0681367016554163e-21,0.97005840441385605,1.191057439280818,0.028703944936340559,0.023558967562383661,0.54030900000000004,0.87951400000000002,1,0.29125316727697742,0.18757645933100725,1820000002923456789
baseline,hold120,57,1,solved_soft_dynamic,solved,40,-0.029898715366397627,-4.6170746609863653e-22,0.00094216013149758305,-4.3279731387778311e-21,0.97010128463360235,1.191067764134401,0.028713391411505806,0.023568767849118665,0.52781299999999998,0.86691700000000005,1,0.29121028705723112,0.18757635906947262,1820000002973456789
baseline,hold120,58,1,solved_soft_dynamic,solved,40,-0.029851607359822747,-6.7810612303752807e-22,0.0010029563166183287,-2.7923717457144883e-21,0.97014839264017727,1.1910784565524049,0.028722725413485993,0.023578394255189046,0.53530800000000001,0.87812000000000001,1,0.2911631790506562,0.18757621225089777,1820000003023456789
baseline,hold120,59,1,solved_soft_dynamic,solved,40,-0.02980145954399183,-8.1772471032325244e-22,0.0010432331146303857,-2.6307651489589272e-21,0.97019854045600817,1.1910893438266845,0.028731867660913905,0.023587775055469364,0.52632699999999999,0.93024399999999996,1,0.29111303123482529,0.18757602766970055,1820000003073456789
baseline,hold120,60,1,solved_soft_dynamic,solved,40,-0.02974929788826031,-9.4926296777119878e-22,0.0010659173765102245,-1.8604333227527948e-21,0.97025070211173969,1.1911002789355076,0.028740754307404529,0.023596852246112202,0.51902399999999993,0.85816999999999999,1,0.29106086957909377,0.18757581370646387,1820000003123456789
baseline,hold120,61,1,solved_soft_dynamic,solved,40,-0.0296960020194348,-1.0422846339088386e-21,0.0010736432122165867,-1.1816583995761083e-21,0.97030399798056521,1.1911111387263202,0.028749333954247558,0.023605580529314177,0.537246,0.88146400000000003,1,0.29100757371026825,0.18757557724255652,1820000003173456789
baseline,hold120,62,1,solved_soft_dynamic,solved,40,-0.029642319858823971,-1.1013675538876439e-21,0.0010687721409305272,-5.9182439078702288e-22,0.97035768014117596,1.1911218207431482,0.028757566966192076,0.023613925331661526,0.52983100000000005,0.87401499999999999,1,0.2909538915496574,0.18757532456130593,1820000003223456789
baseline,hold120,63,1,solved_soft_dynamic,solved,40,-0.029588881251777444,-1.1309587734269951e-21,0.0010534128458884703,-8.7133939321624853e-23,0.9704111187482225,1.1911322413098275,0.028765423456722033,0.023621861719067119,0.53399600000000003,0.8754019999999999,1,0.29090045294261085,0.18757506088655412,1820000003273456789
baseline,hold120,64,1,solved_soft_dynamic,solved,40,-0.02953621060948302,-1.1353154703930764e-21,0.0010294402876112239,3.3713115290443611e-22,0.97046378939051703,1.1911423330793991,0.028772882400152321,0.02362937292245338,0.54030099999999992,0.91447500000000004,1,0.29084778230031644,0.187574790838897,1820000003323456789
baseline,hold120,65,1,solved_soft_dynamic,solved,40,-0.02948473859510246,-1.1184589127478547e-21,0.00099851416118862499,-4.8855844935706052e-22,0.97051526140489752,1.1911520432548814,0.028779930182162863,0.02363644933422071,0.52467400000000008,0.86994000000000005,1,0.29079631028593594,0.18757451825728039,1820000003373456789
baseline,hold120,66,1,solved_soft_dynamic,solved,40,-0.02943481288704303,-1.1428868352157077e-21,0.00096209656546098583,3.6627158739037099e-24,0.97056518711295703,1.191161331646494,0.028786559724542242,0.023643087375505627,0.55320900000000006,0.894764,1,0.29074638457787655,0.1875742464431967,1820000003423456789
baseline,hold120,67,1,solved_soft_dynamic,solved,40,-0.029386708058769983,-1.1427036994220124e-21,0.00092146886700901357,4.158445416914527e-22,0.97061329194123003,1.191170169118839,0.028792769397751567,0.023649288629552265,0.53150799999999998,0.87142299999999995,1,0.29069827974960344,0.18757397810793247,1820000003473456789
baseline,hold120,68,1,solved_soft_dynamic,solved,40,-0.029340634615419532,-1.1219114723374398e-21,0.00087774769371181728,7.5354675973236372e-22,0.97065936538458053,1.1911785360356939,0.02879856224465209,0.023655058959496631,0.51781600000000005,0.85814599999999996,1,0.29065220630625305,0.18757371551321694,1820000003523456789
baseline,hold120,69,1,solved_soft_dynamic,solved,40,-0.02929674723073394,-1.0842341343508217e-21,0.00083190005153898575,1.6102377685339819e-21,0.97070325276926606,1.1911864209539558,0.028803945147437796,0.023660407790634386,0.53973599999999999,0.90742500000000004,1,0.29060831892156741,0.18757346047175744,1820000003573456789
baseline,hold120,70,1,solved_soft_dynamic,solved,40,-0.029255152228156989,-1.0037222459241227e-21,0.00078475754058933379,1.7111887406041063e-21,0.970744847771843,1.1911938193797917,0.028808928177361227,0.023665347423325822,0.53846099999999997,0.87536799999999992,1,0.29056672391899047,0.18757321443520342,1820000003623456789
baseline,hold120,71,1,solved_soft_dynamic,solved,40,-0.029215914351127522,-9.1816280889391736e-22,0.00073702967762442884,1.7648313048691469e-21,0.97078408564887253,1.1912007326988117,0.028813523953550389,0.023669892457013227,0.56690699999999994,0.90739800000000004,1,0.29052748604196094,0.18757297851500293,1820000003673456789
baseline,hold120,72,1,solved_soft_dynamic,solved,40,-0.029179062867246301,-8.2992124365045997e-22,0.00068931632737916147,1.7778829911734803e-21,0.97082093713275364,1.1912071671889026,0.028817747119135477,0.023674059260330029,0.53520499999999993,0.87573999999999996,1,0.29049063455807972,0.18757275354182062,1820000003723456789
baseline,hold120,73,1,solved_soft_dynamic,solved,40,-0.029144597050877342,-7.4102709409178592e-22,0.00064211926202698325,1.1692362614169294e-21,0.97085540294912265,1.1912131331631239,0.028821613851319112,0.023677865521829787,0.55207899999999999,0.89115600000000006,1,0.29045616874171082,0.18757254009198282,1820000003773456789
baseline,hold120,74,1,solved_soft_dynamic,solved,40,-0.029112491087775992,-6.8256528102093947e-22,0.00059585286792939634,1.8132943372922378e-21,0.97088750891222397,1.1912186441960384,0.028825141452920228,0.023681329848506506,0.53502099999999997,0.90940900000000002,1,0.29042406277860949,0.18757233853008543,1820000003823456789
baseline,hold120,75,1,solved_soft_dynamic,solved,40,-0.029082698444379523,-5.9190056415632752e-22,0.00055085402829679387,1.7324922295561111e-21,0.9709173015556205,1.1912237164514403,0.028828347984189748,0.023684471425593635,0.54080499999999998,0.88022600000000006,1,0.29039427013521296,0.18757214903471092,1820000003873456789
baseline,hold120,76,1,solved_soft_dynamic,solved,40,-0.029055155742964682,-5.0527595267852197e-22,0.00050739121140912582,1.3397937229285931e-21,0.97094484425703531,1.1912283680860438,0.028831251954549247,0.023687309720022483,0.56047800000000003,0.90561600000000009,1,0.29036672743379816,0.18757197163017342,1820000003923456789
baseline,hold120,77,1,solved_soft_dynamic,solved,40,-0.029029786182394227,-4.382862665320923e-22,0.00046567279920896294,1.2804333637244847e-21,0.97097021381760573,1.1912326187339024,0.028833872052877869,0.02368986423156063,0.53421199999999991,0.87466699999999997,1,0.29034135787322773,0.18757180620906194,1820000003973456789
baseline,hold120,78,1,solved_soft_dynamic,solved,40,-0.029006502542433778,-3.7426459834586807e-22,0.0004258546919808701,1.207591086043536e-21,0.97099349745756625,1.1912364890563978,0.028836226923358761,0.023692154281351761,0.53465499999999999,0.87639900000000004,1,0.29031807423326722,0.18757165255634273,1820000004023456789
baseline,hold120,79,1,solved_soft_dynamic,solved,40,-0.028985209807834734,-3.1388504404369124e-22,0.00038804722736979712,8.3103960089074115e-22,0.9710147901921653,1.1912400003569075,0.028838334974985193,0.023694198837778402,0.52288299999999999,0.88104899999999997,1,0.29029678149866817,0.18757151036804182,1820000004073456789
baseline,hold120,80,1,solved_soft_dynamic,solved,40,-0.028965807446466246,-2.7233306399915418e-22,0.00035232145230884305,7.9439161004949581e-22,0.97103419255353374,1.1912431742502139,0.02884021422615738,0.023696016373067095,0.53869499999999992,0.87677499999999997,1,0.29027737913729973,0.18757137926961082,1820000004123456789
baseline,hold120,81,1,solved_soft_dynamic,solved,40,-0.028948191373850803,-2.3261348349667939e-22,0.00031871478729740891,7.4935013134452985e-22,0.97105180862614926,1.1912460323835574,0.028841882177154356,0.023697624748935369,0.53022599999999998,0.86884400000000006,1,0.29025976306468432,0.18757125883083231,1820000004173456789
baseline,hold120,82,1,solved_soft_dynamic,solved,40,-0.028932255634485933,-1.9514597692945289e-22,0.0002872361221395068,6.9809240192687124e-22,0.97106774436551402,1.1912485962022559,0.028843355709589267,0.023699041126701102,0.53580700000000003,0.87925999999999993,1,0.29024382732531945,0.1875711485797143,1820000004223456789
baseline,hold120,83,1,solved_soft_dynamic,solved,40,-0.028917893828378959,-1.6024135683310932e-22,0.00025787038203587656,7.8942088163648001e-22,0.97108210617162105,1.1912508867561802,0.028844651008080216,0.023700281899668614,0.53077099999999999,0.87526800000000005,1,0.29022946551921242,0.18757104801400409,1820000004273456789
baseline,hold120,84,1,solved_soft_dynamic,solved,40,-0.028905000309277167,-1.2077031275128531e-22,0.00023058260203539667,7.0478609833501397e-22,0.97109499969072277,1.1912529245417178,0.028845783502424716,0.023701362644399548,0.535883,0.91453899999999999,1,0.29021657200011058,0.18757095661153472,1820000004323456789
baseline,hold120,85,1,solved_soft_dynamic,solved,40,-0.028893471179175397,-8.5531007834534608e-23,0.00020532154693126518,6.211728399384959e-22,0.9711065288208246,1.1912547293756153,0.028846767826892359,0.023702298088710657,0.53410299999999999,0.87455400000000005,1,0.29020504287000887,0.18757087383883869,1820000004373456789
baseline,hold120,86,1,solved_soft_dynamic,solved,40,-0.028883205101828836,-5.4472365837609813e-23,0.0001820229123856159,5.3992530890507599e-22,0.97111679489817115,1.1912563202964739,0.028847617794782371,0.023703102093791645,0.52714899999999998,0.87042399999999998,1,0.29019477679266231,0.18757079915866021,1820000004423456789
baseline,hold120,87,1,solved_soft_dynamic,solved,40,-0.028874103956209554,-2.7476100392356013e-23,0.00016061214170483187,4.6212658123815396e-22,0.97112589604379052,1.1912577154906703,0.02884834638572379,0.023703787648520845,0.54870200000000002,0.88656800000000002,1,0.29018567564704306,0.18757073203616709,1820000004473456789
baseline,hold120,88,1,solved_soft_dynamic,solved,40,-0.028866073349124312,-4.3697713304483122e-24,0.00014100689111921807,3.5190479762718046e-22,0.97113392665087561,1.1912589322393285,0.02884896574401051,0.023704366873946767,0.53829700000000003,0.87831099999999995,1,0.29017764503995774,0.18757067194421101,1820000004523456789
baseline,hold120,89,1,solved_soft_dynamic,solved,40,-0.02885902300456835,1.3225468550910711e-23,0.00012311917480867563,2.8995197248590142e-22,0.97114097699543167,1.1912599868835845,0.028849487186045002,0.023704851036317077,0.51785599999999998,0.87345000000000006,1,0.2901705946954018,0.18757061836759609,1820000004573456789
baseline,hold120,90,1,solved_soft_dynamic,solved,40,-0.028852867045827915,2.7723067175205785e-23,0.00010685721920501392,2.3282793319198734e-22,0.9711471329541721,1.1912608948054364,0.028849921215434823,0.023705250567070551,0.52228599999999992,0.86024800000000001,1,0.29016443873666137,0.18757057080656808,1820000004623456789
baseline,hold120,91,1,solved_soft_dynamic,solved,40,-0.028847524184867666,3.9364463834805155e-23,9.2127054379849792e-05,1.8077986816111441e-22,0.97115247581513231,1.1912616704219006,0.02885027754426053,0.023705575088481853,0.53118700000000008,0.86652699999999994,1,0.29015909587570116,0.18757052877954755,1820000004673456789
baseline,hold120,92,1,solved_soft_dynamic,solved,40,-0.028842917832148672,4.8403457242860873e-23,7.8833868574970054e-05,1.2933354065978949e-22,0.97115708216785135,1.1912623271903202,0.028850565119330776,0.023705833443736363,0.52724399999999993,0.86488500000000001,1,0.29015448952298212,0.18757049182524349,1820000004723456789
baseline,hold120,93,1,solved_soft_dynamic,solved,40,-0.028838976138719923,5.4870134275850353e-23,6.6883150200841188e-05,8.6778451674224206e-23,0.97116102386128,1.1912628776229672,0.028850792152294857,0.023706033730404873,0.54316300000000006,0.88348599999999999,1,0.29015054782955335,0.1875704595042032,1820000004773456789
baseline,hold120,94,1,solved_soft_dynamic,solved,40,-0.028835631981209881,5.9209056859561562e-23,5.6181639911788376e-05,5.1291214420579407e-23,0.97116436801879014,1.1912633333092593,0.028850966152679274,0.023706183336395018,0.53982600000000003,0.91065399999999996,1,0.29014720367204333,0.18757043139988122,1820000004823456789
baseline,hold120,95,1,solved_soft_dynamic,solved,40,-0.028832822899214291,6.1773617580590537e-23,4.6638113697812514e-05,2.5232925954091591e-23,0.97116717710078571,1.1912637049441108,0.028851093963004695,0.023706288977591018,0.530416,0.870668,1,0.29014439459004776,0.18757040711929368,1820000004873456789
baseline,hold120,96,1,solved_soft_dynamic,solved,40,-0.028830490993529401,6.3035263878295113e-23,3.8164016305199421e-05,-1.63689233640196e-24,0.97116950900647059,1.1912640023611172,0.028851181795269815,0.023706356736500685,0.54849499999999995,0.89413199999999993,1,0.29014206268436288,0.18757038629331807,1820000004923456789
baseline,hold120,97,1,solved_soft_dynamic,solved,40,-0.028828582792714143,6.2953419261475015e-23,3.0673962736706852e-05,-2.4111496776753022e-23,0.97117141720728584,1.1912642345694278,0.028851235268185667,0.023706392101329132,0.5521910000000001,0.89159299999999997,1,0.29014015448354763,0.18757036857669235,1820000004973456789
baseline,hold120,98,1,solved_soft_dynamic,solved,40,-0.028827049094577308,6.1747844422637367e-23,2.4086124083098345e-05,-4.2499072569640407e-23,0.97117295090542277,1.1912644097933158,0.028851259444636772,0.023706400004991083,0.54061400000000004,0.87904700000000002,1,0.29013862078541081,0.18757035364776226,1820000005023456789
baseline,hold120,99,1,solved_soft_dynamic,solved,40,-0.028825844788373155,5.9622890794155341e-23,1.8322512510843083e-05,-5.7131550329445464e-23,0.97117415521162687,1.191264535513586,0.028851258868931792,0.023706384863650676,0.54782900000000001,0.91601499999999991,1,0.2901374164792066,0.18757034120802146,1820000005073456789
baseline,hold120,100,1,solved_soft_dynamic,solved,40,-0.028824928662747613,5.6766313277683072e-23,1.3309178879586522e-05,-6.3765168774346477e-23,0.97117507133725245,1.1912646185100768,0.028851237603475934,0.023706350614455876,0.54019500000000009,0.88406699999999994,1,0.29013650035358113,0.18757033098148274,1820000005123456789
baseline,hold120,101,1,solved_soft_dynamic,solved,40,-0.028824263203803633,5.3578054838965744e-23,8.9763351882585611e-06,-7.275889106368041e-23,0.9711757367961964,1.1912646649046303,0.028851199264569596,0.023706300752192024,0.53334999999999999,0.87415100000000001,1,0.29013583489463707,0.18757032271391388,1820000005173456789
baseline,hold120,102,1,solved_soft_dynamic,solved,40,-0.028823814387044219,4.9940110285781725e-23,5.2584128520873485e-06,-7.8977237963857051e-23,0.97117618561295571,1.1912646802040014,0.028851147057090555,0.02370623836464137,0.55190000000000006,0.888212,1,0.29013538607787764,0.18757031617196623,1820000005223456789
baseline,hold120,103,1,solved_soft_dynamic,solved,40,-0.028823551466401615,4.5991248387588872e-23,2.0940666960847104e-06,-8.2758823917822047e-23,0.97117644853359841,1.1912646693422533,0.028851083807873826,0.023706166166479949,0.53085599999999999,0.87380900000000006,1,0.29013512315723505,0.18757031114223005,1820000005273456789
baseline,hold120,104,1,solved_soft_dynamic,solved,40,-0.02882344676306681,4.1853307191697767e-23,-5.7386649230892024e-07,-8.3283862607497691e-23,0.97117655323693319,1.1912646367222817,0.028851011997641996,0.023706086531591383,0.53185500000000008,0.90466400000000002,1,0.29013501845390027,0.18757030743022712,1820000005323456789
baseline,hold120,105,1,solved_soft_dynamic,solved,40,-0.028823475456391426,3.7689114061322882e-23,-2.7984469701834319e-06,-8.2506220691330799e-23,0.97117652454360859,1.1912645862561666,0.028850933791387683,0.023706001523709042,0.54976000000000003,0.88803700000000008,1,0.29013504714722488,0.18757030485937426,1820000005373456789
baseline,hold120,106,1,solved_soft_dynamic,solved,40,-0.028823615378739936,3.356380302675634e-23,-4.6287416183038471e-06,-8.1225293347731275e-23,0.97117638462125999,1.1912645214041178,0.028850851067130895,0.023705912925336262,0.54918699999999998,0.89112100000000005,1,0.29013518706957336,0.18757030326992125,1820000005423456789
baseline,hold120,107,1,solved_soft_dynamic,solved,40,-0.028823846815820852,2.9502538359369776e-23,-6.1099579221533159e-06,-8.0980231828049702e-23,0.97117615318417916,1.1912644452118291,0.028850765443017224,0.023705822264915008,0.53473700000000002,0.87818799999999997,1,0.29013541850665431,0.1875703025178877,1820000005473456789
baseline,hold120,108,1,solved_soft_dynamic,solved,40,-0.028824152313716961,2.5453526767967289e-23,-7.2835969366056801e-06,-7.7017576776665527e-23,0.97117584768628307,1.1912643603461084,0.028850678302734554,0.023705730842242929,0.54067199999999993,0.87933700000000004,1,0.2901357240045504,0.1875703024740068,1820000005523456789
baseline,hold120,109,1,solved_soft_dynamic,solved,40,-0.028824516493563792,2.1602647929134014e-23,-8.1876205015750379e-06,-7.2307704054446859e-23,0.97117548350643623,1.1912642691286872,0.028850590819255745,0.023705639752153722,0.54571800000000004,0.92177199999999992,1,0.29013608818439723,0.18757030302268413,1820000005573456789
baseline,hold120,110,1,solved_soft_dynamic,solved,40,-0.028824925874588871,1.798726272641167e-23,-8.8566285994127949e-06,-6.2467499982312385e-23,0.97117507412541115,1.1912641735681488,0.028850503976928857,0.023705549906493383,0.55334499999999998,0.89506000000000008,1,0.29013649756542231,0.18757030406098424,1820000005623456789
baseline,hold120,111,1,solved_soft_dynamic,solved,40,-0.028825368706018841,1.4863887727296051e-23,-9.3220433109867176e-06,-4.8508238487074624e-23,0.97117463129398118,1.1912640753899473,0.028850418591948632,0.02370546205443792,0.53543200000000002,0.88172700000000004,1,0.29013694039685228,0.18757030549764703,1820000005673456789
baseline,hold120,112,1,solved_soft_dynamic,solved,40,-0.028825834808184389,1.2438475802942319e-23,-9.6122963364426523e-06,-5.4299204477462338e-23,0.97117416519181554,1.1912639760645061,0.028850335331259497,0.023705376801207618,0.54195599999999999,0.88158899999999996,1,0.29013740649901781,0.18757030725214446,1820000005723456789
baseline,hold120,113,1,solved_soft_dynamic,solved,40,-0.028826315423001212,9.7235155790692031e-24,-9.7530175076015998e-06,-3.9810231429735182e-23,0.97117368457699871,1.1912638768334218,0.028850254729942661,0.023705294625243289,0.52031099999999997,0.85633199999999998,1,0.29013788711383465,0.18757030925377333,1820000005773456789
baseline,hold120,114,1,solved_soft_dynamic,solved,40,-0.028826803073876594,7.7330040075824445e-24,-9.7672221288914218e-06,-3.6135480273579972e-23,0.97117319692612347,1.1912637787337961,0.028850177207155329,0.023705215893911041,0.53581600000000007,0.88896299999999995,1,0.29013837476471011,0.18757031144079722,1820000005823456789
baseline,hold120,115,1,solved_soft_dynamic,solved,40,-0.028827291434983037,5.9262299939034458e-24,-9.675495350479359e-06,-4.1584291361969355e-23,0.97117270856501703,1.191263682620751,0.028850103080685328,0.023705140877812843,0.54624399999999995,0.88500999999999996,1,0.29013886312581655,0.18757031375963124,1820000005873456789
baseline,hold120,116,1,solved_soft_dynamic,solved,40,-0.028827775209750561,3.8470154258049777e-24,-9.4961721043513258e-06,-3.6217572359155515e-23,0.97117222479024945,1.1912635891881849,0.028850032580196767,0.023705069763778178,0.534188,0.874193,1,0.29013934690058402,0.18757031616407455,1820000005923456789
baseline,hold120,117,1,solved_soft_dynamic,solved,40,-0.028828250018355778,2.0361368078472017e-24,-9.2455114202937368e-06,-2.1889497208427075e-23,0.97117174998164424,1.1912634989878355,0.028849965859239608,0.023705002666614114,0.53553799999999996,0.87629899999999994,1,0.29013982170918923,0.18757031861459034,1820000005973456789
baseline,hold120,118,1,solved_soft_dynamic,solved,40,-0.028828712293926792,9.41661947425848e-25,-8.937864194650866e-06,-1.8673176033732036e-23,0.97117128770607319,1.1912634124467274,0.028849903006097622,0.023704939639694257,0.530335,0.875108,1,0.29014028398476027,0.18757032107763277,1820000006023456789
baseline,hold120,119,1,solved_soft_dynamic,solved,40,-0.028829159187136525,8.0031457392462493e-27,-8.5858337035269705e-06,-2.4821328039273138e-23,0.97117084081286342,1.191263329883083,0.028849844053551076,0.023704880684462977,0.52372300000000005,0.88401200000000002,1,0.29014073087797004,0.18757032352502129,1820000006073456789
baseline,hold120,120,1,solved_soft_dynamic,solved,150,-0.028829588478821701,-1.2330632562244106e-24,0.0454905983403322,-2.9522256331803296e-23,0.97117041152117833,1.4954880727689643,0,0,1.2061520000000001,1.5402879999999999,1,1000000000,1000000000,1820000006123456789
baseline,hold120,121,1,solved_soft_dynamic,solved,90,-0.026555058561805091,-2.7091760728145756e-24,0.084813511484002069,-2.3747023533711311e-23,0.97344494143819493,1.4978526634392213,0,0,0.787273,1.1213600000000001,1,1000000000,1000000000,1820000006173456789
baseline,hold120,122,1,solved_soft_dynamic,solved,90,-0.022314382987604988,-3.8965272495001414e-24,0.11862636780425864,-1.8481211570438462e-23,0.97768561701239509,1.5005165119112549,0,0,0.764158,1.0971069999999998,1,1000000000,1000000000,1820000006223456789
baseline,hold120,123,1,solved_soft_dynamic,solved,90,-0.016383064597392055,-4.8205878280220646e-24,0.1475283193413795,-7.5209483990312114e-20,0.98361693540260797,1.5034300468264092,0,0,0.75795999999999997,1.0870229999999999,1,1000000000,1000000000,1820000006273456789
baseline,hold120,124,1,solved_soft_dynamic,solved,90,-0.009006648630323081,-3.7652947873436283e-21,0.17205803814303433,-2.1202125416767844e-19,0.99099335136967692,1.5065492934046021,0,0,0.77355700000000005,1.105351,1,1000000000,1000000000,1820000006323456789
baseline,hold120,125,1,solved_soft_dynamic,solved,90,-0.00040374672317136477,-1.4366357495727551e-20,0.19269965872710038,-2.1992265324753256e-20,0.99959625327682866,1.5098353013313175,0,0,0.805894,1.1386099999999999,1,1000000000,1000000000,1820000006373456789
baseline,hold120,126,1,solved_soft_dynamic,solved,90,0.0092312362131836551,-1.5465970761965213e-20,0.20988814276165313,1.3755914804343113e-19,1.0092312362131837,1.5132536291267393,0,0,0.77486899999999992,1.1075200000000001,1,1000000000,1000000000,1820000006423456789
baseline,hold120,127,1,solved_soft_dynamic,solved,100,0.019725643351266312,-8.5880133597936553e-21,0.22401412190496411,1.1831158425569366e-19,1.0197256433512663,1.516773879494925,0,0,0.85371700000000006,1.185708,1,1000000000,1000000000,1820000006473456789
baseline,hold120,128,1,solved_soft_dynamic,solved,90,0.030926349446514519,-2.6724341470089719e-21,0.23542826934090805,1.0005437620525316e-19,1.0309263494465146,1.5203692806840539,0,0,0.82819899999999991,1.1597599999999999,1,1000000000,1000000000,1820000006523456789
baseline,hold120,129,1,solved_soft_dynamic,solved,90,0.042697762913559922,2.3302846632536863e-21,0.24444524566006973,2.3334786142196689e-19,1.0426977629135599,1.5240163093703734,0,0,0.78197099999999997,1.1146319999999998,1,1000000000,1000000000,1820000006573456789
baseline,hold120,130,1,solved_soft_dynamic,solved,100,0.054920025196563409,1.3997677734352031e-20,0.25134726032362348,1.9037852271137327e-19,1.0549200251965634,1.5276943510134871,0,0,0.83918000000000004,1.188666,1,1000000000,1000000000,1820000006623456789
baseline,hold120,131,1,solved_soft_dynamic,solved,100,0.067487388212744581,2.3516603869920694e-20,0.25638728596014643,1.5095208260961502e-19,1.0674873882127445,1.531385394023566,0,0,1.808168,2.147275,1,1000000000,1000000000,1820000006673456789
baseline,hold120,132,1,solved_soft_dynamic,solved,100,0.080306752510751908,3.1064208000401444e-20,0.25979195914377262,1.152050092011399e-19,1.0803067525107519,1.5350737544360169,0,0,0.83362599999999998,1.20852,1,1000000000,1000000000,1820000006723456789
baseline,hold120,133,1,solved_soft_dynamic,solved,110,0.093296350467940548,3.6824458460458442e-20,0.26176419804829082,8.3185143472657267e-20,1.0932963504679405,1.5387458281097515,0,0,0.89793699999999999,1.2330030000000001,1,1000000000,1000000000,1820000006773456789
baseline,hold120,134,1,solved_soft_dynamic,solved,110,0.1063845603703551,4.0983715634091308e-20,0.26248556443232807,5.4865234844205181e-20,1.106384560370355,1.5423898677547816,0,0,0.89828600000000003,1.232807,1,1000000000,1000000000,1820000006823456789
baseline,hold120,135,1,solved_soft_dynamic,solved,110,0.11950883859197151,4.3726977376301565e-20,0.26211839475531162,3.0155633787105241e-20,1.1195088385919716,1.5459957823564572,0,0,0.90848100000000009,1.2434419999999999,1,1000000000,1000000000,1820000006873456789
baseline,hold120,136,1,solved_soft_dynamic,solved,110,0.1326147583297371,4.5234759065656826e-20,0.26080772282499243,8.916049233704055e-21,1.132614758329737,1.5495549567999096,0,0,0.91592799999999996,1.25014,1,1000000000,1000000000,1820000006923456789
baseline,hold120,137,1,solved_soft_dynamic,solved,110,0.14565514447098671,4.5680561527342025e-20,0.25868301421021628,-9.0336896294594169e-21,1.1456551444709868,1.5530600897116786,0,0,0.88181900000000002,1.2162200000000001,1,1000000000,1000000000,1820000006973456789
baseline,hold120,138,1,solved_soft_dynamic,solved,110,0.15858929518149753,4.5228877045869056e-20,0.25585973069492018,-9.9099646625917097e-20,1.1585892951814976,1.5565050477282256,0,0,0.88122899999999993,1.2160150000000001,1,1000000000,1000000000,1820000007023456789
baseline,hold120,139,1,solved_soft_dynamic,solved,120,0.17138228171624353,4.0273894714573198e-20,0.2524407412807988,-9.7546592571624388e-20,1.1713822817162436,1.5598847345751343,0,0,0.93995700000000004,1.2727000000000002,1,1000000000,1000000000,1820000007073456789
baseline,hold120,140,1,solved_soft_dynamic,solved,120,0.18400431878028348,3.539656508599198e-20,0.2485175946484682,-1.9288293208703773e-20,1.1840043187802836,1.5631949734980111,0,0,0.93769199999999997,1.2698849999999999,1,1000000000,1000000000,1820000007123456789
baseline,hold120,141,1,solved_soft_dynamic,solved,120,0.19643019851270688,3.4432150425556791e-20,0.24417166654373451,-2.8592312723954135e-20,1.1964301985127068,1.5664324017281179,0,0,0.94036200000000003,1.272805,1,1000000000,1000000000,1820000007173456789
baseline,hold120,142,1,solved_soft_dynamic,solved,130,0.20863878183989359,3.3002534789359084e-20,0.23947519425182867,-3.5868252505851509e-20,1.2086387818398936,1.5695943757939919,0,0,1.0317670000000001,1.3672549999999999,1,1000000000,1000000000,1820000007223456789
baseline,hold120,143,1,solved_soft_dynamic,solved,140,0.22061254155248503,3.1209122164066507e-20,0.23449220914475905,-4.131420919190317e-20,1.2206125415524851,1.5726788866061527,0,0,1.085685,1.436669,1,1000000000,1000000000,1820000007273456789
baseline,hold120,144,1,solved_soft_dynamic,solved,140,0.23233715200972299,2.914341170447135e-20,0.22927937722304195,-6.3928082640956048e-20,1.232337152009723,1.5756844833465715,0,0,1.081698,1.4277770000000001,1,1000000000,1000000000,1820000007323456789
baseline,hold120,145,1,solved_soft_dynamic,solved,150,0.24380112087087508,2.5947007572423548e-20,0.22388675661203675,-6.2914219235557306e-20,1.243801120870875,1.5786102052890576,0,0,1.1124719999999999,1.4480759999999999,1,1000000000,1000000000,1820000007373456789
baseline,hold120,146,1,solved_soft_dynamic,solved,40,0.25499545870147694,2.2801296610645683e-20,0.2495884654267142,-6.0928762520023439e-20,1.2549954587014769,1.8815752638624237,0,0,0.5528249999999999,0.95600299999999994,1,1000000000,1000000000,1820000007423456789
baseline,hold120,147,1,solved_soft_dynamic,solved,40,0.26747488197281266,1.9754858484644511e-20,0.27236872670674661,-5.8165431390994576e-20,1.2674748819728126,1.8995584792097915,0,0,0.53773599999999999,0.87040099999999998,1,1000000000,1000000000,1820000007473456789
baseline,hold120,148,1,solved_soft_dynamic,solved,30,0.28109331830814999,1.6846586915094781e-20,0.29255961392472801,-1.7202646541874347e-20,1.2810933183081499,1.9180551056463031,0,0,0.48273300000000002,0.81761799999999996,1,1000000000,1000000000,1820000007523456789
baseline,hold120,149,1,solved_soft_dynamic,solved,30,0.29572129900438637,1.5986454588001065e-20,0.31045545461056712,1.7415451285489322e-20,1.2957212990043865,1.9370067850459862,0,0,0.49808000000000002,0.84338999999999997,1,1000000000,1000000000,1820000007573456789
baseline,hold120,150,1,solved_soft_dynamic,solved,40,0.31124407173491475,1.685722715227553e-20,0.32632507624642365,8.4965840796834077e-21,1.3112440717349148,1.9544271977078127,0,0,0.52912700000000001,0.86028199999999999,1,1000000000,1000000000,1820000007623456789
baseline,hold120,151,1,solved_soft_dynamic,solved,80,0.32756032554723591,1.7282056356259701e-20,0.34003679482758253,8.7334136726109993e-22,1.3275603255472359,1.9665656584609301,0,0,0.73743500000000006,1.0708280000000001,1,1000000000,1000000000,1820000007673456789
baseline,hold120,152,1,solved_soft_dynamic,solved,150,0.34456216528861505,1.7325723424622757e-20,0.35096033962986639,-5.527095708706794e-21,1.3445621652886151,1.9700162774399712,0,0,1.14323,1.4840549999999999,1,1000000000,1000000000,1820000007723456789
baseline,hold120,153,1,solved_soft_dynamic,solved,160,0.36211018227010838,1.7049368639187416e-20,0.35928448224468934,-1.0787800428147709e-20,1.3621101822701083,1.9743095668611712,0,0,1.1448640000000001,1.4893590000000001,1,1000000000,1000000000,1820000007773456789
baseline,hold120,154,1,solved_soft_dynamic,solved,160,0.38007440638234286,1.6509978617780032e-20,0.36534050395048434,-1.4998933994937432e-20,1.3800744063823429,1.9785061965910558,0,0,1.1355930000000001,1.4716720000000001,1,1000000000,1000000000,1820000007823456789
baseline,hold120,155,1,solved_soft_dynamic,solved,170,0.39834143157986707,1.5760031918033159e-20,0.36945115364561038,-1.8254965493961526e-20,1.398341431579867,1.9824674828837323,0,0,1.2335200000000002,1.569623,1,1000000000,1000000000,1820000007873456789
baseline,hold120,156,1,solved_soft_dynamic,solved,170,0.41681398926214758,1.4847283643335083e-20,0.37189471870594504,-2.0652265726693483e-20,1.4168139892621476,1.9862264082768606,0,0,1.1835169999999999,1.5209299999999999,1,1000000000,1000000000,1820000007923456789
baseline,hold120,157,1,solved_soft_dynamic,solved,170,0.43540872519744483,1.3814670357000408e-20,0.37289693673409463,-1.72678551297532e-19,1.4354087251974448,1.9898783734419783,0,0,1.1671899999999999,1.5020420000000001,1,1000000000,1000000000,1820000007973456789
baseline,hold120,158,1,solved_soft_dynamic,solved,160,0.45405357203414959,5.1807427921238062e-21,0.37273257097232065,-4.4727717918849293e-19,1.4540535720341496,1.9930791537963009,0,0,1.1187279999999999,1.453716,1,1000000000,1000000000,1820000008023456789
baseline,hold120,159,1,solved_soft_dynamic,solved,130,0.47269020058276562,-1.7183116167300842e-20,0.37156488826102863,-3.6839919885725223e-19,1.4726902005827656,1.9961888805674004,0,0,1.0230079999999999,1.393186,1,1000000000,1000000000,1820000008073456789
baseline,hold120,160,1,solved_soft_dynamic,solved,150,0.49126844499581707,-3.5603076110163452e-20,0.36964684543856663,-2.9568303561318182e-19,1.4912684449958171,1.9986938426380023,0,0,1.0726749999999998,1.4114,1,1000000000,1000000000,1820000008123456789
baseline,hold120,161,1,solved_soft_dynamic,solved,110,0.50975078726774536,-5.0387227890822544e-20,0.3670840420227659,7.1342076656453381e-20,1.5097507872677454,2,0,0,0.88507899999999995,1.238769,1,1000000000,1000000000,1820000008173456789
baseline,hold120,162,1,solved_soft_dynamic,solved,110,0.52810498936888361,-4.6820124057999875e-20,0.36399715357589951,-2.2411939547248957e-19,1.5281049893688836,2,0,0,0.87965700000000002,1.2149760000000001,1,1000000000,1000000000,1820000008223456789
baseline,hold120,163,1,solved_soft_dynamic,solved,100,0.54630484704767857,-5.802609383162435e-20,0.36026234146735564,-1.6674513317575434e-19,1.5463048470476786,2,0,0,0.86623300000000003,1.2360819999999999,1,1000000000,1000000000,1820000008273456789
baseline,hold120,164,1,solved_soft_dynamic,solved,110,0.5643179641210464,-6.6363350490412072e-20,0.35589031714919539,-4.1646403611187234e-19,1.5643179641210465,2,0,0,0.86997599999999997,1.2052639999999999,1,1000000000,1000000000,1820000008323456789
baseline,hold120,165,1,solved_soft_dynamic,solved,100,0.58211247997850613,-8.7186552296005691e-20,0.3509907820001632,-3.1730517045583056e-19,1.5821124799785062,2,0,0,0.81461600000000001,1.1490560000000001,1,1000000000,1000000000,1820000008373456789
baseline,hold120,166,1,solved_soft_dynamic,solved,70,0.59966201907851424,-1.0305181081879722e-19,0.34569399658501165,-2.2852607072910554e-19,1.5996620190785142,2,0,0,0.67608200000000007,1.0057560000000001,1,1000000000,1000000000,1820000008423456789
baseline,hold120,167,1,solved_soft_dynamic,solved,100,0.61694671890776487,-1.1447811435525249e-19,0.3401690789315065,-4.5082675742541681e-19,1.6169467189077649,2,0,0,0.84229699999999996,1.173921,1,1000000000,1000000000,1820000008473456789
baseline,hold120,168,1,solved_soft_dynamic,solved,120,0.63395517285434022,-1.3701945222652333e-19,0.33454198858306516,-2.7300798545188945e-20,1.6339551728543402,2,0,0,0.93763200000000002,1.2711589999999999,1,1000000000,1000000000,1820000008523456789
baseline,hold120,169,1,solved_soft_dynamic,solved,140,0.65068227228349351,-1.3838449215378279e-19,0.32896507954364512,2.7123269592106335e-20,1.6506822722834935,2,0,0,1.029474,1.3624970000000001,1,1000000000,1000000000,1820000008573456789
baseline,hold120,170,1,solved_soft_dynamic,solved,220,0.66713052626067582,-1.3702832867417747e-19,0.32362187026032407,7.2214952182793022e-20,1.6671305262606757,2,0,0,1.459506,1.7934590000000001,1,1000000000,1000000000,1820000008623456789
baseline,hold120,171,0,solver_not_solved,solved inaccurate,400,0.68331161977369204,-1.3341758106503781e-19,0,0,1.6833116197736921,0,0,0,2.3844629999999998,2.7187389999999998,1,1000000000,1000000000,1820000008673456789
