mode,condition,cycle,status,status_value,iterations,primal_residual,dual_residual,rho,rho_estimate,rho_updates,adaptive_interval,setup_ms,solve_ms,solver_rows,pre_status,pre_primal,pre_dual,polish_status
reduced_refine,clear,0,solved,1,120,9.6906821410781817e-18,1.5279860914041421e-16,0.10000000000000001,0.062067520537326198,0,20,0.226907,0.47390199999999999,108,1,9.6906821410781817e-18,1.5279860914041421e-16,1
reduced_refine,clear,1,solved,1,110,1.9225510380340054e-17,1.9974943982670683e-16,0.10000000000000001,0.082447623385688659,0,20,0.17630799999999999,0.403391,108,1,1.9225510380340054e-17,1.9974943982670683e-16,1
reduced_refine,clear,2,solved,1,110,1.9018854499665999e-17,1.9539834590588579e-16,0.10000000000000001,0.13622190246179394,0,20,0.18721599999999999,0.40114300000000003,108,1,1.9018854499665999e-17,1.9539834590588579e-16,1
reduced_refine,clear,3,solved,1,100,1.8768848186414038e-17,1.4264980147294821e-16,0.10000000000000001,0.11643880160281006,0,20,0.178896,0.371473,108,1,1.8768848186414038e-17,1.4264980147294821e-16,1
reduced_refine,clear,4,solved,1,90,1.8482119349997612e-17,1.843253876318595e-16,0.10000000000000001,0.021121599136489391,0,20,0.17758199999999999,0.34092999999999996,108,1,1.8482119349997612e-17,1.843253876318595e-16,1
reduced_refine,clear,5,solved,1,110,1.816455742319711e-17,1.7792885013037975e-16,0.10000000000000001,0.10805082374566999,0,20,0.175009,0.404534,108,1,1.816455742319711e-17,1.7792885013037975e-16,1
reduced_refine,clear,6,solved,1,110,1.7821389688536842e-17,1.7114584277863922e-16,0.10000000000000001,0.26221379245408166,0,20,0.17214699999999999,0.39814300000000002,108,1,1.7821389688536842e-17,1.7114584277863922e-16,1
reduced_refine,clear,7,solved,1,110,0,8.2047534362217825e-17,0.10000000000000001,0.13274384110924295,0,20,0.21310499999999999,0.42786400000000002,108,1,0,8.2047534362217825e-17,1
reduced_refine,clear,8,solved,1,110,0,1.5687928512468287e-16,0.10000000000000001,0.099438097937985359,0,20,0.17904899999999999,0.3997,108,1,0,1.5687928512468287e-16,1
reduced_refine,clear,9,solved,1,110,1.6681981697059146e-17,1.495865261002343e-16,0.10000000000000001,0.10040112507225332,0,20,0.16406499999999999,0.41508799999999996,108,1,1.6681981697059146e-17,1.495865261002343e-16,1
reduced_refine,clear,10,solved,1,100,1.6277674831299873e-17,1.449356715974306e-16,0.10000000000000001,0.256377193272746,0,20,0.173127,0.36058500000000004,108,1,1.6277674831299873e-17,1.449356715974306e-16,1
reduced_refine,clear,11,solved,1,90,1.5866132386669468e-17,1.3505638797800771e-16,0.10000000000000001,0.03790217858030219,0,20,0.17288700000000001,0.32512300000000005,108,1,1.5866132386669468e-17,1.3505638797800771e-16,1
reduced_refine,clear,12,solved,1,100,3.0899651109908221e-17,1.279331480977908e-16,0.10000000000000001,0.012971418255372145,0,20,0.16086999999999999,0.36180200000000001,108,1,3.0899651109908221e-17,1.279331480977908e-16,1
reduced_refine,clear,13,solved,1,100,0,1.2096372167003601e-16,0.10000000000000001,0.093002655843463219,0,20,0.17730499999999999,0.36530599999999996,108,1,0,1.2096372167003601e-16,1
reduced_refine,clear,14,solved,1,110,0,1.3745517083759254e-16,0.10000000000000001,0.18297325172389731,0,20,0.16935299999999998,0.40586099999999997,108,1,0,1.3745517083759254e-16,1
reduced_refine,clear,15,solved,1,100,0,1.6340629050017181e-16,0.10000000000000001,0.030410565026265796,0,20,0.27480499999999997,0.55973899999999999,108,1,0,1.6340629050017181e-16,1
reduced_refine,clear,16,solved,1,110,2.7588567485051145e-17,1.5851893323253311e-16,0.10000000000000001,0.1606021602322405,0,20,0.17979100000000001,0.41602300000000003,108,1,2.7588567485051145e-17,1.5851893323253311e-16,1
reduced_refine,clear,17,solved,1,40,0,1.3943754579060123e-16,9.9999999999999995e-07,9.9999999999999995e-07,1,20,0.17956999999999998,0.17069000000000001,108,1,0,1.3943754579060123e-16,1
reduced_refine,clear,18,solved,1,30,0,1.1581276264212101e-16,9.9999999999999995e-07,9.9999999999999995e-07,1,20,0.16147,0.12884499999999999,108,1,0,1.1581276264212101e-16,1
reduced_refine,clear,19,solved,1,30,0,1.6798323970714395e-16,9.9999999999999995e-07,9.9999999999999995e-07,1,20,0.16062399999999999,0.134549,108,1,0,1.6798323970714395e-16,1
reduced_refine,clear,20,solved,1,30,0,1.5269625660167015e-16,9.9999999999999995e-07,9.9999999999999995e-07,1,20,0.15966,0.13169800000000001,108,1,0,1.5269625660167015e-16,1
reduced_refine,clear,21,solved,1,30,0,8.4950446114900629e-17,9.9999999999999995e-07,9.9999999999999995e-07,1,20,0.15123999999999999,0.131942,108,1,0,8.4950446114900629e-17,1
reduced_refine,clear,22,solved,1,100,3.7121519309220264e-17,1.8592718804712452e-16,0.10000000000000001,0.070015209962978428,0,20,0.168377,0.366483,108,1,3.7121519309220264e-17,1.8592718804712452e-16,1
reduced_refine,clear,23,solved,1,110,0,1.0005950431128854e-16,0.10000000000000001,0.12606708159320976,0,20,0.16727800000000001,0.40521600000000002,108,1,0,1.0005950431128854e-16,1
reduced_refine,clear,24,solved,1,110,0,1.058169905249725e-16,0.10000000000000001,0.081569016198566435,0,20,0.17099699999999998,0.39629200000000003,108,1,0,1.058169905249725e-16,1
reduced_refine,clear,25,solved,1,110,1.0089690015803183e-17,2.204658905403079e-16,0.10000000000000001,0.03217985821592198,0,20,0.17652200000000001,0.416215,108,1,1.0089690015803183e-17,2.204658905403079e-16,1
reduced_refine,clear,26,solved,1,110,2.5527580684701519e-18,2.2633886650501167e-16,0.016170886573779641,0.023263714526621019,1,20,0.16414500000000001,0.41376599999999997,108,1,2.5527580684701519e-18,2.2633886650501167e-16,1
reduced_refine,clear,27,solved,1,90,5.1197838743775127e-18,1.7178599584332032e-16,0.019241181897106021,0.025809736483658027,1,20,0.15411799999999998,0.351659,108,1,5.1197838743775127e-18,1.7178599584332032e-16,1
reduced_refine,clear,28,solved,1,120,1.0251892866520013e-17,1.7282236078710567e-16,0.10000000000000001,0.062444242863039415,0,20,0.16786399999999999,0.439527,108,1,1.0251892866520013e-17,1.7282236078710567e-16,1
reduced_refine,clear,29,solved,1,120,1.025405346405427e-17,1.7306512768166117e-16,0.10000000000000001,0.073205929655268884,0,20,0.16810800000000001,0.450293,108,1,1.025405346405427e-17,1.7306512768166117e-16,1
reduced_refine,clear,30,solved,1,60,1.0250488765983004e-17,1.1513602955961104e-16,0.018130824739253187,0.019819989226508759,1,20,0.16430899999999998,0.24831600000000001,108,1,1.0250488765983004e-17,1.1513602955961104e-16,1
reduced_refine,clear,31,solved,1,110,1.0239654728759418e-17,1.1452886143177447e-16,0.10000000000000001,0.096812728285241151,0,20,0.170401,0.415132,108,1,1.0239654728759418e-17,1.1452886143177447e-16,1
reduced_refine,clear,32,solved,1,40,8.9017784103343527e-17,6.6939805944540647e-16,0.10000000000000001,0.054703383409399509,0,20,0.17314599999999999,0.14848,108,1,8.9017784103343527e-17,6.6939805944540647e-16,1
reduced_refine,clear,33,solved,1,40,8.9017784103343527e-17,1.1319220437796218e-15,0.10000000000000001,0.054241916009440394,0,20,0.165964,0.15407499999999999,108,1,8.9017784103343527e-17,1.1319220437796218e-15,1
reduced_refine,clear,34,solved,1,40,0,3.804666942100943e-16,0.10000000000000001,0.04802351343050807,0,20,0.179727,0.15351199999999998,108,1,0,3.804666942100943e-16,1
reduced_refine,clear,35,solved,1,40,8.9017784103343527e-17,1.3774237759904081e-15,0.10000000000000001,0.036804067888697119,0,20,0.17435500000000001,0.154365,108,1,8.9017784103343527e-17,1.3774237759904081e-15,1
reduced_refine,clear,36,solved,1,40,8.9017784103343527e-17,8.5603524777700296e-16,0.10000000000000001,0.05346939378525855,0,20,0.173955,0.156719,108,1,8.9017784103343527e-17,8.5603524777700296e-16,1
reduced_refine,clear,37,solved,1,50,4.4508892051671763e-17,5.4594380339590258e-16,0.10000000000000001,0.038645940411710461,0,20,0.17235300000000001,0.195079,108,1,4.4508892051671763e-17,5.4594380339590258e-16,1
reduced_refine,clear,38,solved,1,50,4.4508892051671763e-17,7.0543560261598601e-16,0.10000000000000001,0.027357287565409144,0,20,0.17067199999999999,0.18554599999999999,108,1,4.4508892051671763e-17,7.0543560261598601e-16,1
reduced_refine,clear,39,solved,1,50,0,2.8589474608524732e-16,0.10000000000000001,0.06391433153640122,0,20,0.15943599999999999,0.186969,108,1,0,2.8589474608524732e-16,1
reduced_refine,clear,40,solved,1,70,4.4508892051671763e-17,5.7300008057026038e-16,0.10000000000000001,0.019252758991918376,0,20,0.15479200000000001,0.26611200000000002,108,1,4.4508892051671763e-17,5.7300008057026038e-16,1
reduced_refine,clear,41,solved,1,110,0,2.545635334541701e-16,0.10000000000000001,0.046502093504825003,0,20,0.16836699999999999,0.416433,108,1,0,2.545635334541701e-16,1
reduced_refine,clear,42,solved,1,400,7.1713481020602035e-17,3.6814775663284986e-16,0.10000000000000001,0.28930198697514781,0,20,0.17069000000000001,0.11000700000000001,108,2,1.9406882376756616e-06,8.6531404880781339e-08,1
reduced_refine,clear,43,solved,1,400,3.5284117829887525e-17,2.2528588991361851e-16,0.10000000000000001,0.33987294709228499,0,20,0.18260100000000001,0.083386000000000002,108,-2,1.3461005665567796e-05,4.6883775758762606e-07,1
reduced_refine,clear,44,solved,1,180,6.4434688667925704e-17,5.6060770152544584e-16,0.11702788653461631,0.099723982270602265,2,20,0.19241800000000001,0.70874800000000004,108,1,6.4434688667925704e-17,5.6060770152544584e-16,1
reduced_refine,clear,45,solved,1,400,6.3320484181801713e-17,6.1797102565471173e-16,0.096496562053715026,0.34575352663685022,2,20,0.17721600000000001,0.071552999999999992,108,2,4.6569157165178413e-06,1.1620883429439298e-07,1
reduced_refine,clear,46,solved,1,200,8.9017784103343527e-17,5.237181317293105e-16,0.60649677448461603,0.33229161398716445,1,20,0.180203,0.76438300000000003,108,1,8.9017784103343527e-17,5.237181317293105e-16,1
reduced_refine,clear,47,solved,1,50,9.4584506818738135e-23,2.3061626660385719e-16,0.10000000000000001,0.076814144755897915,0,20,0.173621,0.198519,108,1,9.4584506818738135e-23,2.3061626660385719e-16,1
reduced_refine,clear,48,solved,1,60,8.8481441982140552e-23,1.908725896585656e-16,0.10000000000000001,0.084576571556745833,0,20,0.17616600000000002,0.22028500000000001,108,1,8.8481441982140552e-23,1.908725896585656e-16,1
reduced_refine,clear,49,solved,1,60,1.1775035485197096e-22,1.5270506046945815e-16,0.10000000000000001,0.093235450188224031,0,20,0.178206,0.21857599999999999,108,1,1.1775035485197096e-22,1.5270506046945815e-16,1
reduced_refine,clear,50,solved,1,60,2.2254446025835882e-17,1.457810153591213e-16,0.10000000000000001,0.09982037790541784,0,20,0.171045,0.22817200000000001,108,1,2.2254446025835882e-17,1.457810153591213e-16,1
reduced_refine,clear,51,solved,1,60,2.2254446025835882e-17,2.2249591722820247e-16,0.10000000000000001,0.11187265011440878,0,20,0.17680100000000001,0.22484400000000002,108,1,2.2254446025835882e-17,2.2249591722820247e-16,1
reduced_refine,clear,52,solved,1,60,1.958348419832898e-22,1.6336358807852234e-16,0.10000000000000001,0.22002284954476112,0,20,0.16447400000000001,0.222609,108,1,1.958348419832898e-22,1.6336358807852234e-16,1
reduced_refine,clear,53,solved,1,60,2.2254446025835882e-17,1.6949402628353974e-16,0.10000000000000001,0.29625644694694492,0,20,0.167793,0.23428099999999999,108,1,2.2254446025835882e-17,1.6949402628353974e-16,1
reduced_refine,clear,54,solved,1,60,2.2254446025835882e-17,1.4326475211389629e-16,0.10000000000000001,0.1569089185874043,0,20,0.20041100000000001,0.25168400000000002,108,1,2.2254446025835882e-17,1.4326475211389629e-16,1
reduced_refine,clear,55,solved,1,70,2.2254446025835882e-17,2.3208353659739804e-16,0.10000000000000001,0.1304577192260323,0,20,0.16373900000000002,0.25802600000000003,108,1,2.2254446025835882e-17,2.3208353659739804e-16,1
reduced_refine,clear,56,solved,1,70,2.3057122578919276e-22,1.4711142334148535e-16,0.10000000000000001,0.11365822863138358,0,20,0.17607600000000001,0.25909700000000002,108,1,2.3057122578919276e-22,1.4711142334148535e-16,1
reduced_refine,clear,57,solved,1,80,1.5446479965863682e-22,1.0189532526387811e-16,0.10000000000000001,0.17762200758335078,0,20,0.17646900000000001,0.29056900000000002,108,1,1.5446479965863682e-22,1.0189532526387811e-16,1
reduced_refine,clear,58,solved,1,90,1.1127223012917941e-17,1.5679927824289185e-16,0.10000000000000001,0.17630438253700587,0,20,0.18501200000000001,0.33201999999999998,108,1,1.1127223012917941e-17,1.5679927824289185e-16,1
reduced_refine,clear,59,solved,1,90,1.1127223012917941e-17,1.9807651536258803e-16,0.10000000000000001,0.17415324632827645,0,20,0.172541,0.32800000000000001,108,1,1.1127223012917941e-17,1.9807651536258803e-16,1
reduced_refine,clear,60,solved,1,110,3.0323980249763916e-22,6.7489446537922301e-17,0.10000000000000001,0.1769491575321496,0,20,0.17991699999999999,0.40616600000000003,108,1,3.0323980249763916e-22,6.7489446537922301e-17,1
reduced_refine,clear,61,solved,1,120,1.5071228862794885e-22,8.2172258501817986e-17,0.10000000000000001,0.17496580013953308,0,20,0.18447,0.423952,108,1,1.5071228862794885e-22,8.2172258501817986e-17,1
reduced_refine,hold30,0,solved,1,140,3.1614390436303229e-17,1.1398903090292834e-15,0.10000000000000001,0.25371046577749706,0,20,0.173563,0.51055499999999998,108,1,3.1614390436303229e-17,1.1398903090292834e-15,1
reduced_refine,hold30,1,solved,1,150,9.3108232903831625e-17,3.0869324209596704e-15,0.10000000000000001,0.046632860259131742,0,20,0.18117800000000001,0.54977799999999999,108,1,9.3108232903831625e-17,3.0869324209596704e-15,1
reduced_refine,hold30,2,solved,1,80,6.1502606902496425e-17,1.7608040044438775e-15,0.018527577821041769,0.013102705427298531,1,20,0.174234,0.31875799999999999,108,1,6.1502606902496425e-17,1.7608040044438775e-15,1
reduced_refine,hold30,3,solved,1,90,0,3.0144266201441322e-15,0.016336508138648773,0.034226245609791484,1,20,0.16917499999999999,0.36324499999999998,108,1,0,3.0144266201441322e-15,1
reduced_refine,hold30,4,solved,1,90,0,7.1767370604640597e-15,0.019612118753760135,0.060453060534837809,1,20,0.17338400000000001,0.35895700000000003,108,1,0,7.1767370604640597e-15,1
reduced_refine,hold30,5,solved,1,70,0,6.8725240473588873e-15,0.012647939200223389,0.013911246346797778,1,20,0.16857800000000001,0.29456000000000004,108,1,0,6.8725240473588873e-15,1
reduced_refine,hold30,6,solved,1,40,0,4.4632555476110309e-15,0.0022310920103002963,8.7135388209315617e-05,1,20,0.17831,0.174873,108,1,0,4.4632555476110309e-15,1
reduced_refine,hold30,7,solved,1,50,0,6.2616677050552324e-15,1.5913662719730098e-05,9.9999999999999995e-07,2,20,0.16708500000000001,0.219531,108,1,0,6.2616677050552324e-15,1
reduced_refine,hold30,8,solved,1,70,3.475234186250217e-19,9.5534451552553637e-15,0.036825560131928559,0.018673753794578585,2,20,0.16737300000000002,0.30980099999999999,108,1,3.475234186250217e-19,9.5534451552553637e-15,1
reduced_refine,hold30,9,solved,1,220,9.8807625554223455e-20,4.9100799434154454e-15,0.013443031985167088,0.011403118133619392,1,20,0.16966999999999999,0.82213599999999998,108,1,9.8807625554223455e-20,4.9100799434154454e-15,1
reduced_refine,hold30,10,solved,1,160,2.20405382549574e-20,1.9805633682635816e-15,0.010774168823711209,0.016650921355779568,1,20,0.183646,0.60659200000000002,108,1,2.20405382549574e-20,1.9805633682635816e-15,1
reduced_refine,hold30,11,solved,1,210,4.4149137224308491e-22,8.6043548130865611e-16,0.10000000000000001,0.033531046651031016,0,20,0.178927,0.73656500000000003,108,1,4.4149137224308491e-22,8.6043548130865611e-16,1
reduced_refine,hold30,12,solved,1,80,7.8683120566885032e-23,2.0935693968296474e-16,0.10000000000000001,0.15299287452255084,0,20,0.18282800000000002,0.28925699999999999,108,1,7.8683120566885032e-23,2.0935693968296474e-16,1
reduced_refine,hold30,13,solved,1,50,1.572927460568073e-23,5.6545976303522893e-17,0.10000000000000001,0.065932538493639947,0,20,0.180252,0.19048700000000002,108,1,1.572927460568073e-23,5.6545976303522893e-17,1
reduced_refine,hold30,14,solved,1,60,4.6742120721415788e-23,4.1580383842248378e-17,0.10000000000000001,0.087015035339631647,0,20,0.17304,0.22034000000000001,108,1,4.6742120721415788e-23,4.1580383842248378e-17,1
reduced_refine,hold30,15,solved,1,50,3.1093065845996209e-23,1.0207435028656676e-16,0.10000000000000001,0.19510007179886524,0,20,0.17327000000000001,0.19153400000000001,108,1,3.1093065845996209e-23,1.0207435028656676e-16,1
reduced_refine,hold30,16,solved,1,30,0,4.1243041508084942e-17,9.9999999999999995e-07,9.9999999999999995e-07,1,20,0.18063700000000002,0.13666800000000001,108,1,0,4.1243041508084942e-17,1
reduced_refine,hold30,17,solved,1,30,0,3.7870912097883751e-17,9.9999999999999995e-07,9.9999999999999995e-07,1,20,0.17636600000000002,0.13458700000000001,108,1,0,3.7870912097883751e-17,1
reduced_refine,hold30,18,solved,1,30,0,5.8371738161310905e-17,9.9999999999999995e-07,9.9999999999999995e-07,1,20,0.18798699999999999,0.15763999999999997,108,1,0,5.8371738161310905e-17,1
reduced_refine,hold30,19,solved,1,30,0,8.1686555085989086e-17,9.9999999999999995e-07,9.9999999999999995e-07,1,20,0.175288,0.13119400000000001,108,1,0,8.1686555085989086e-17,1
reduced_refine,hold30,20,solved,1,30,0,5.8372455681705185e-17,9.9999999999999995e-07,9.9999999999999995e-07,1,20,0.168822,0.12997400000000001,108,1,0,5.8372455681705185e-17,1
reduced_refine,hold30,21,solved,1,30,0,7.0047561962264133e-17,9.9999999999999995e-07,9.9999999999999995e-07,1,20,0.17213000000000001,0.13636799999999999,108,1,0,7.0047561962264133e-17,1
reduced_refine,hold30,22,solved,1,30,0,4.0821253090415154e-17,9.9999999999999995e-07,9.9999999999999995e-07,1,20,0.175293,0.132213,108,1,0,4.0821253090415154e-17,1
reduced_refine,hold30,23,solved,1,30,0,7.004799520834724e-17,9.9999999999999995e-07,9.9999999999999995e-07,1,20,0.179979,0.13126500000000002,108,1,0,7.004799520834724e-17,1
reduced_refine,hold30,24,solved,1,30,0,4.6698736952940258e-17,9.9999999999999995e-07,9.9999999999999995e-07,1,20,0.162108,0.12858,108,1,0,4.6698736952940258e-17,1
reduced_refine,hold30,25,solved,1,30,0,8.1428132761013233e-17,9.9999999999999995e-07,9.9999999999999995e-07,1,20,0.15941999999999998,0.12739,108,1,0,8.1428132761013233e-17,1
reduced_refine,hold30,26,solved,1,30,0,1.2211169049655584e-16,9.9999999999999995e-07,9.9999999999999995e-07,1,20,0.16794499999999998,0.14437,108,1,0,1.2211169049655584e-16,1
reduced_refine,hold30,27,solved,1,30,0,2.4985608241742193e-17,9.9999999999999995e-07,9.9999999999999995e-07,1,20,0.16101900000000002,0.13242599999999999,108,1,0,2.4985608241742193e-17,1
reduced_refine,hold30,28,solved,1,30,0,4.8729535417003235e-17,9.9999999999999995e-07,9.9999999999999995e-07,1,20,0.17746999999999999,0.131521,108,1,0,4.8729535417003235e-17,1
reduced_refine,hold30,29,solved,1,30,0,3.6231433020403281e-17,9.9999999999999995e-07,9.9999999999999995e-07,1,20,0.16515299999999999,0.134187,108,1,0,3.6231433020403281e-17,1
reduced_refine,hold30,30,solved,1,130,1.0806967117550639e-16,1.2374143407478432e-16,0.01384552633738291,0.052582045927130089,1,20,0.16139299999999998,0.50060299999999991,108,1,1.0806967117550639e-16,1.2374143407478432e-16,1
reduced_refine,hold30,31,solved,1,90,0,2.0504521000993548e-16,0.10000000000000001,0.038855615551402906,0,20,0.17729500000000001,0.32804,108,1,0,2.0504521000993548e-16,1
reduced_refine,hold30,32,solved,1,90,0,1.257826675706197e-16,0.10000000000000001,0.048481897546854613,0,20,0.17155100000000001,0.33475900000000003,108,1,0,1.257826675706197e-16,1
reduced_refine,hold30,33,solved,1,90,5.4034835587753197e-17,8.5596102606060401e-17,0.10000000000000001,0.060993668952479277,0,20,0.17929400000000001,0.33048700000000003,108,1,5.4034835587753197e-17,8.5596102606060401e-17,1
reduced_refine,hold30,34,solved,1,90,1.0806967117550639e-16,1.0412071160363929e-16,0.10000000000000001,0.073612572412924487,0,20,0.179476,0.33715499999999998,108,1,1.0806967117550639e-16,1.0412071160363929e-16,1
reduced_refine,hold30,35,solved,1,90,0,9.8993147259827447e-17,0.10000000000000001,0.085666443254843336,0,20,0.17857100000000001,0.330179,108,1,0,9.8993147259827447e-17,1
reduced_refine,hold30,36,solved,1,90,5.4034835587753197e-17,1.0062613405649577e-16,0.10000000000000001,0.097044880329335115,0,20,0.16630400000000001,0.33268199999999998,108,1,5.4034835587753197e-17,1.0062613405649577e-16,1
reduced_refine,hold30,37,solved,1,90,2.7017417793876599e-17,1.4848972088974118e-16,0.10000000000000001,0.10812454167284163,0,20,0.16755700000000001,0.34213700000000002,108,1,2.7017417793876599e-17,1.4848972088974118e-16,1
reduced_refine,hold30,38,solved,1,90,4.0526126690814898e-17,1.2604536253405332e-16,0.10000000000000001,0.10976203914676307,0,20,0.17652299999999999,0.32922899999999999,108,1,4.0526126690814898e-17,1.2604536253405332e-16,1
reduced_refine,hold30,39,solved,1,80,1.3508708896938299e-17,9.8166467691523356e-17,0.10000000000000001,0.1917149509988697,0,20,0.16969799999999999,0.29754899999999995,108,1,1.3508708896938299e-17,9.8166467691523356e-17,1
reduced_refine,hold30,40,solved,1,80,6.7543544484691496e-18,1.5334956028071332e-16,0.10000000000000001,0.075242496465471417,0,20,0.18514900000000001,0.28996099999999997,108,1,6.7543544484691496e-18,1.5334956028071332e-16,1
reduced_refine,hold30,41,solved,1,70,3.4033566282403834e-18,7.7762904677105525e-17,0.10000000000000001,0.050694075947184447,0,20,0.17857100000000001,0.26205899999999999,108,1,3.4033566282403834e-18,7.7762904677105525e-17,1
reduced_refine,hold30,42,solved,1,80,1.0416480448874021e-17,7.7157505681352129e-17,0.10000000000000001,0.063078516496021461,0,20,0.17493300000000001,0.29947399999999996,108,1,1.0416480448874021e-17,7.7157505681352129e-17,1
reduced_refine,hold30,43,solved,1,80,7.0607593418021614e-18,1.0924973823190732e-16,0.10000000000000001,0.062310405485361334,0,20,0.16500499999999999,0.29258700000000004,108,1,7.0607593418021614e-18,1.0924973823190732e-16,1
reduced_refine,hold30,44,solved,1,90,0,1.6338000162556726e-16,0.10000000000000001,0.10893665591913822,0,20,0.19095700000000002,0.34193599999999996,108,1,0,1.6338000162556726e-16,1
reduced_refine,hold30,45,solved,1,90,0,1.6529580191177496e-16,0.10000000000000001,0.10397616571533913,0,20,0.17138900000000001,0.33144799999999996,108,1,0,1.6529580191177496e-16,1
reduced_refine,hold30,46,solved,1,100,0,1.1214105558738124e-16,0.10000000000000001,0.19707751645479399,0,20,0.17823600000000001,0.37268699999999999,108,1,0,1.1214105558738124e-16,1
reduced_refine,hold30,47,solved,1,110,1.4338771636344618e-17,1.6775956185865556e-16,0.050994100932079692,0.14972734389794776,2,20,0.17705499999999999,0.442328,108,1,1.4338771636344618e-17,1.6775956185865556e-16,1
reduced_refine,hold30,48,solved,1,90,1.4252681127035464e-17,1.0854337987980216e-16,0.10000000000000001,0.0095221971029176046,0,20,0.16608200000000001,0.344107,108,1,1.4252681127035464e-17,1.0854337987980216e-16,1
reduced_refine,hold30,49,solved,1,90,2.8250102555619344e-17,1.6391641842318746e-16,0.10000000000000001,0.11270758524988511,0,20,0.17801199999999998,0.32287499999999997,108,1,2.8250102555619344e-17,1.6391641842318746e-16,1
reduced_refine,hold30,50,solved,1,100,2.7925642639159249e-17,1.0884181411470759e-16,0.10000000000000001,0.17605730469951256,0,20,0.16164999999999999,0.36146800000000001,108,1,2.7925642639159249e-17,1.0884181411470759e-16,1
reduced_refine,hold30,51,solved,1,100,1.3787475625231207e-17,1.0127732667127049e-16,0.019542863143021158,0.031150802144580696,1,20,0.16551299999999999,0.39324199999999998,108,1,1.3787475625231207e-17,1.0127732667127049e-16,1
reduced_refine,hold30,52,solved,1,90,2.7230388150788952e-17,1.005017912899783e-16,0.10000000000000001,0.067988391698992123,0,20,0.16767200000000002,0.32664599999999999,108,1,2.7230388150788952e-17,1.005017912899783e-16,1
reduced_refine,hold30,53,solved,1,100,1.3509855813843419e-17,1.5179507854331094e-16,0.10000000000000001,0.18469563720217139,0,20,0.169153,0.378888,108,1,1.3509855813843419e-17,1.5179507854331094e-16,1
reduced_refine,hold30,54,solved,1,100,0,1.0062613405649577e-16,0.10000000000000001,0.024157220336414403,0,20,0.17194199999999998,0.373336,108,1,0,1.0062613405649577e-16,1
reduced_refine,hold30,55,solved,1,110,0,1.5093920108474366e-16,0.10000000000000001,0.14161641323143312,0,20,0.15836299999999998,0.40180199999999999,108,1,0,1.5093920108474366e-16,1
reduced_refine,hold30,56,solved,1,40,0,9.7332767111882274e-17,9.9999999999999995e-07,9.9999999999999995e-07,1,20,0.154698,0.170542,108,1,0,9.7332767111882274e-17,1
reduced_refine,hold30,57,solved,1,30,0,1.0961794492558517e-16,9.9999999999999995e-07,9.9999999999999995e-07,1,20,0.16336300000000001,0.13025299999999998,108,1,0,1.0961794492558517e-16,1
reduced_refine,hold30,58,solved,1,30,0,1.2286267202313997e-16,9.9999999999999995e-07,9.9999999999999995e-07,1,20,0.158027,0.13627,108,1,0,1.2286267202313997e-16,1
reduced_refine,hold30,59,solved,1,30,0,2.1265234251242193e-16,9.9999999999999995e-07,9.9999999999999995e-07,1,20,0.167661,0.136462,108,1,0,2.1265234251242193e-16,1
reduced_refine,hold30,60,solved,1,30,0,1.5965418257552249e-16,9.9999999999999995e-07,9.9999999999999995e-07,1,20,0.163021,0.13491400000000001,108,1,0,1.5965418257552249e-16,1
reduced_refine,hold30,61,solved,1,90,0,1.764015605752358e-16,0.10000000000000001,0.070726462414842317,0,20,0.16126799999999999,0.33316599999999996,108,1,0,1.764015605752358e-16,1
reduced_refine,hold30,62,solved,1,110,0,1.4375546315008908e-16,0.10000000000000001,0.073760304431846849,0,20,0.17332700000000001,0.39704999999999996,108,1,0,1.4375546315008908e-16,1
reduced_refine,hold30,63,solved,1,110,9.7202283033720845e-18,1.0954063547246723e-16,0.10000000000000001,0.1755981627302553,0,20,0.15898299999999999,0.39368600000000004,108,1,9.7202283033720845e-18,1.0954063547246723e-16,1
reduced_refine,hold30,64,solved,1,110,1.9898334101181392e-17,1.6069039901843959e-16,0.10000000000000001,0.059081342005268989,0,20,0.16690099999999999,0.40517400000000003,108,1,1.9898334101181392e-17,1.6069039901843959e-16,1
reduced_refine,hold30,65,solved,1,110,1.0116043375184916e-17,2.7705118715397466e-16,0.10000000000000001,0.011439163036019977,0,20,0.15928300000000001,0.39776699999999998,108,1,1.0116043375184916e-17,2.7705118715397466e-16,1
reduced_refine,hold30,66,solved,1,110,1.2762620991925648e-18,1.6970749824232771e-16,0.01558388204908075,0.023394815959787544,1,20,0.173738,0.437386,108,1,1.2762620991925648e-18,1.6970749824232771e-16,1
reduced_refine,hold30,67,solved,1,90,5.1165376163945737e-18,1.712420715892141e-16,0.017301738802398391,0.035587196794581021,1,20,0.17344600000000002,0.35435099999999997,108,1,5.1165376163945737e-18,1.712420715892141e-16,1
reduced_refine,hold30,68,solved,1,80,0,1.1456406445481615e-16,0.013957364706812848,0.031686375613144996,1,20,0.16688500000000001,0.33281700000000003,108,1,0,1.1456406445481615e-16,1
reduced_refine,hold30,69,solved,1,90,1.0239397772015518e-17,1.1451449205744727e-16,0.01143059370426119,0.035898376732534217,1,20,0.16843000000000002,0.354153,108,1,1.0239397772015518e-17,1.1451449205744727e-16,1
reduced_refine,hold30,70,solved,1,110,0,1.7111574218095633e-16,0.10000000000000001,0.089922047799671709,0,20,0.173072,0.39869399999999999,108,1,0,1.7111574218095633e-16,1
reduced_refine,hold30,71,solved,1,40,8.9017784103343527e-17,1.4540215219218145e-15,0.10000000000000001,0.055014099432555974,0,20,0.16489499999999999,0.15563299999999999,108,1,8.9017784103343527e-17,1.4540215219218145e-15,1
reduced_refine,hold30,72,solved,1,40,8.9017784103343527e-17,6.4524425119043453e-16,0.10000000000000001,0.053260790323476116,0,20,0.16845299999999999,0.149836,108,1,8.9017784103343527e-17,6.4524425119043453e-16,1
reduced_refine,hold30,73,solved,1,40,8.9017784103343527e-17,1.3570761047858513e-15,0.10000000000000001,0.051279111891102638,0,20,0.168685,0.14693900000000001,108,1,8.9017784103343527e-17,1.3570761047858513e-15,1
reduced_refine,hold30,74,solved,1,40,1.9974198955866285e-17,5.26309423945133e-16,0.10000000000000001,0.034741356380021314,0,20,0.17155000000000001,0.147455,108,1,1.9974198955866285e-17,5.26309423945133e-16,1
reduced_refine,hold30,75,solved,1,40,1.9738510618647764e-17,3.7294918799494008e-16,0.10000000000000001,0.047841214847413362,0,20,0.164574,0.160386,108,1,1.9738510618647764e-17,3.7294918799494008e-16,1
reduced_refine,hold30,76,solved,1,50,8.9017784103343527e-17,1.2894598503967145e-15,0.10000000000000001,0.03759932065974847,0,20,0.17313100000000001,0.18706500000000001,108,1,8.9017784103343527e-17,1.2894598503967145e-15,1
reduced_refine,hold30,77,solved,1,50,4.4508892051671763e-17,4.3668590857563137e-16,0.10000000000000001,0.033874849025703209,0,20,0.15981400000000001,0.184174,108,1,4.4508892051671763e-17,4.3668590857563137e-16,1
reduced_refine,hold30,78,solved,1,50,8.9017784103343527e-17,6.5912437558754464e-16,0.10000000000000001,0.051307873528981855,0,20,0.16949399999999998,0.19029499999999999,108,1,8.9017784103343527e-17,6.5912437558754464e-16,1
reduced_refine,hold30,79,solved,1,60,3.7157762721842076e-17,2.2122804883970397e-16,0.10000000000000001,0.052747758262472078,0,20,0.15606,0.25090399999999996,108,1,3.7157762721842076e-17,2.2122804883970397e-16,1
reduced_refine,hold30,80,solved,1,90,4.4508892051671763e-17,3.8136386072136369e-16,0.10000000000000001,0.051167765764223196,0,20,0.168656,0.33143899999999998,108,1,4.4508892051671763e-17,3.8136386072136369e-16,1
reduced_refine,hold30,81,solved,1,400,8.9017784103343527e-17,7.4619193478593101e-16,0.10000000000000001,0.28748860613122046,0,20,0.170376,0.067848999999999993,108,2,4.5716910530434048e-06,2.033216145337054e-07,1
reduced_refine,hold30,82,solved,1,400,3.5401137078874443e-17,3.3362330972238519e-16,0.10000000000000001,0.33776691633425421,0,20,0.177953,0.067512000000000003,108,2,8.3437535690293252e-06,2.8975025486155578e-07,1
reduced_refine,hold30,83,solved,1,180,3.1946388504702515e-23,1.9126103901642109e-16,0.062921646933994352,0.12593416448246453,2,20,0.17497399999999999,0.69208700000000001,108,1,3.1946388504702515e-23,1.9126103901642109e-16,1
reduced_refine,hold30,84,solved,1,260,3.1780812710482391e-17,1.2184755113817406e-16,0.54035506257184784,0.2410333748792127,1,20,0.16685900000000001,0.9666539999999999,108,1,3.1780812710482391e-17,1.2184755113817406e-16,1
reduced_refine,hold30,85,solved,1,170,4.4508892051671763e-17,1.8997306112487707e-16,0.61581129886478747,0.33226704332920243,1,20,0.171516,0.66189500000000001,108,1,4.4508892051671763e-17,1.8997306112487707e-16,1
reduced_refine,hold30,86,solved,1,50,4.4508892051671763e-17,4.3845428328519159e-16,0.10000000000000001,0.081819615770253026,0,20,0.17238500000000001,0.19130900000000001,108,1,4.4508892051671763e-17,4.3845428328519159e-16,1
reduced_refine,hold30,87,solved,1,60,4.4508892051671763e-17,4.7553803283644325e-16,0.10000000000000001,0.081037534041907291,0,20,0.15876299999999999,0.21953500000000001,108,1,4.4508892051671763e-17,4.7553803283644325e-16,1
reduced_refine,hold30,88,solved,1,60,1.0511471847441927e-22,1.6327966289028432e-16,0.10000000000000001,0.089148257732179853,0,20,0.166239,0.22844300000000001,108,1,1.0511471847441927e-22,1.6327966289028432e-16,1
reduced_refine,hold30,89,solved,1,60,2.2254446025835882e-17,1.7358823917812812e-16,0.10000000000000001,0.094355448718566826,0,20,0.15864600000000001,0.23052300000000001,108,1,2.2254446025835882e-17,1.7358823917812812e-16,1
reduced_refine,hold30,90,solved,1,60,1.1219104767124278e-22,1.4033877530262842e-16,0.10000000000000001,0.1048307960229648,0,20,0.15512100000000001,0.22347999999999998,108,1,1.1219104767124278e-22,1.4033877530262842e-16,1
reduced_refine,hold30,91,solved,1,60,1.5321290965042363e-22,7.4548526471150504e-17,0.10000000000000001,0.16902449565504785,0,20,0.15421200000000002,0.228322,108,1,1.5321290965042363e-22,7.4548526471150504e-17,1
reduced_refine,hold30,92,solved,1,60,2.2254446025835882e-17,3.6029237534588193e-16,0.10000000000000001,0.30641943339564792,0,20,0.18047299999999999,0.22705,108,1,2.2254446025835882e-17,3.6029237534588193e-16,1
reduced_refine,hold30,93,solved,1,60,4.3149874487729984e-23,1.1507840751091308e-16,0.10000000000000001,0.18566577399382264,0,20,0.16094800000000001,0.22389600000000001,108,1,4.3149874487729984e-23,1.1507840751091308e-16,1
reduced_refine,hold30,94,solved,1,70,2.2254446025835882e-17,2.256944842259861e-16,0.10000000000000001,0.16621300441751485,0,20,0.163049,0.26410600000000001,108,1,2.2254446025835882e-17,2.256944842259861e-16,1
reduced_refine,hold30,95,solved,1,70,1.4486795966344874e-22,1.1955912612310847e-16,0.10000000000000001,0.11345871286668903,0,20,0.17282800000000001,0.25703100000000001,108,1,1.4486795966344874e-22,1.1955912612310847e-16,1
reduced_refine,hold30,96,solved,1,60,2.7545122213439536e-22,8.921357339199246e-17,0.10000000000000001,0.15288609297144584,0,20,0.17127300000000001,0.23230700000000001,108,1,2.7545122213439536e-22,8.921357339199246e-17,1
reduced_refine,hold30,97,solved,1,90,1.1127223012917941e-17,7.5247959227368182e-17,0.10000000000000001,0.17587794712715729,0,20,0.16864899999999999,0.326098,108,1,1.1127223012917941e-17,7.5247959227368182e-17,1
reduced_refine,hold30,98,solved,1,90,2.2254446025835882e-17,1.7467271546725303e-16,0.10000000000000001,0.1746251050354175,0,20,0.16140100000000002,0.32378600000000002,108,1,2.2254446025835882e-17,1.7467271546725303e-16,1
reduced_refine,hold30,99,solved,1,110,9.6742043012807086e-23,7.7710398163809121e-17,0.10000000000000001,0.17740821573675719,0,20,0.16830900000000001,0.39968000000000004,108,1,9.6742043012807086e-23,7.7710398163809121e-17,1
reduced_refine,hold30,100,solved,1,110,1.7227079369671431e-22,4.9906490133500864e-17,0.10000000000000001,0.17540681099549141,0,20,0.17096799999999998,0.394646,108,1,1.7227079369671431e-22,4.9906490133500864e-17,1
reduced_refine,hold30,101,solved,1,140,2.4195615308147679e-22,7.3624850768642514e-17,0.10000000000000001,0.18688530171007703,0,20,0.16523300000000002,0.5188839999999999,108,1,2.4195615308147679e-22,7.3624850768642514e-17,1
reduced_refine,hold120,0,solved,1,140,3.1614390436303229e-17,1.1398903090292834e-15,0.10000000000000001,0.25371046577749706,0,20,0.17142099999999999,0.50658599999999998,108,1,3.1614390436303229e-17,1.1398903090292834e-15,1
reduced_refine,hold120,1,solved,1,150,9.3108232903831625e-17,3.0869324209596704e-15,0.10000000000000001,0.046632860259131742,0,20,0.17317399999999999,0.55294600000000005,108,1,9.3108232903831625e-17,3.0869324209596704e-15,1
reduced_refine,hold120,2,solved,1,80,6.1502606902496425e-17,1.7608040044438775e-15,0.018527577821041769,0.013102705427298531,1,20,0.177895,0.32244499999999998,108,1,6.1502606902496425e-17,1.7608040044438775e-15,1
reduced_refine,hold120,3,solved,1,90,0,3.0144266201441322e-15,0.016336508138648773,0.034226245609791484,1,20,0.17847499999999999,0.35814400000000002,108,1,0,3.0144266201441322e-15,1
reduced_refine,hold120,4,solved,1,90,0,7.1767370604640597e-15,0.019612118753760135,0.060453060534837809,1,20,0.16889499999999999,0.37221200000000004,108,1,0,7.1767370604640597e-15,1
reduced_refine,hold120,5,solved,1,70,0,6.8725240473588873e-15,0.012647939200223389,0.013911246346797778,1,20,0.171791,0.291771,108,1,0,6.8725240473588873e-15,1
reduced_refine,hold120,6,solved,1,40,0,4.4632555476110309e-15,0.0022310920103002963,8.7135388209315617e-05,1,20,0.17386699999999999,0.171902,108,1,0,4.4632555476110309e-15,1
reduced_refine,hold120,7,solved,1,50,0,6.2616677050552324e-15,1.5913662719730098e-05,9.9999999999999995e-07,2,20,0.161442,0.21803799999999998,108,1,0,6.2616677050552324e-15,1
reduced_refine,hold120,8,solved,1,70,3.475234186250217e-19,9.5534451552553637e-15,0.036825560131928559,0.018673753794578585,2,20,0.167518,0.31303499999999995,108,1,3.475234186250217e-19,9.5534451552553637e-15,1
reduced_refine,hold120,9,solved,1,220,9.8807625554223455e-20,4.9100799434154454e-15,0.013443031985167088,0.011403118133619392,1,20,0.16678600000000002,0.81635800000000003,108,1,9.8807625554223455e-20,4.9100799434154454e-15,1
reduced_refine,hold120,10,solved,1,160,2.20405382549574e-20,1.9805633682635816e-15,0.010774168823711209,0.016650921355779568,1,20,0.171628,0.61653900000000006,108,1,2.20405382549574e-20,1.9805633682635816e-15,1
reduced_refine,hold120,11,solved,1,210,4.4149137224308491e-22,8.6043548130865611e-16,0.10000000000000001,0.033531046651031016,0,20,0.17029999999999998,0.73689499999999997,108,1,4.4149137224308491e-22,8.6043548130865611e-16,1
reduced_refine,hold120,12,solved,1,80,7.8683120566885032e-23,2.0935693968296474e-16,0.10000000000000001,0.15299287452255084,0,20,0.16027200000000003,0.288076,108,1,7.8683120566885032e-23,2.0935693968296474e-16,1
reduced_refine,hold120,13,solved,1,50,1.572927460568073e-23,5.6545976303522893e-17,0.10000000000000001,0.065932538493639947,0,20,0.172595,0.18808900000000001,108,1,1.572927460568073e-23,5.6545976303522893e-17,1
reduced_refine,hold120,14,solved,1,60,4.6742120721415788e-23,4.1580383842248378e-17,0.10000000000000001,0.087015035339631647,0,20,0.15821100000000002,0.22744500000000001,108,1,4.6742120721415788e-23,4.1580383842248378e-17,1
reduced_refine,hold120,15,solved,1,50,3.1093065845996209e-23,1.0207435028656676e-16,0.10000000000000001,0.19510007179886524,0,20,0.17167399999999999,0.18831600000000001,108,1,3.1093065845996209e-23,1.0207435028656676e-16,1
reduced_refine,hold120,16,solved,1,30,0,4.1243041508084942e-17,9.9999999999999995e-07,9.9999999999999995e-07,1,20,0.16551099999999999,0.138764,108,1,0,4.1243041508084942e-17,1
reduced_refine,hold120,17,solved,1,30,0,3.7870912097883751e-17,9.9999999999999995e-07,9.9999999999999995e-07,1,20,0.17047199999999998,0.139322,108,1,0,3.7870912097883751e-17,1
reduced_refine,hold120,18,solved,1,30,0,5.8371738161310905e-17,9.9999999999999995e-07,9.9999999999999995e-07,1,20,0.16081700000000002,0.13439600000000002,108,1,0,5.8371738161310905e-17,1
reduced_refine,hold120,19,solved,1,30,0,8.1686555085989086e-17,9.9999999999999995e-07,9.9999999999999995e-07,1,20,0.16647299999999998,0.13574,108,1,0,8.1686555085989086e-17,1
reduced_refine,hold120,20,solved,1,30,0,5.8372455681705185e-17,9.9999999999999995e-07,9.9999999999999995e-07,1,20,0.172212,0.140705,108,1,0,5.8372455681705185e-17,1
reduced_refine,hold120,21,solved,1,30,0,7.0047561962264133e-17,9.9999999999999995e-07,9.9999999999999995e-07,1,20,0.16489000000000001,0.13446899999999998,108,1,0,7.0047561962264133e-17,1
reduced_refine,hold120,22,solved,1,30,0,4.0821253090415154e-17,9.9999999999999995e-07,9.9999999999999995e-07,1,20,0.17036500000000002,0.131357,108,1,0,4.0821253090415154e-17,1
reduced_refine,hold120,23,solved,1,30,0,7.004799520834724e-17,9.9999999999999995e-07,9.9999999999999995e-07,1,20,0.160888,0.14241199999999998,108,1,0,7.004799520834724e-17,1
reduced_refine,hold120,24,solved,1,30,0,4.6698736952940258e-17,9.9999999999999995e-07,9.9999999999999995e-07,1,20,0.177594,0.13587000000000002,108,1,0,4.6698736952940258e-17,1
reduced_refine,hold120,25,solved,1,30,0,8.1428132761013233e-17,9.9999999999999995e-07,9.9999999999999995e-07,1,20,0.16827500000000001,0.129413,108,1,0,8.1428132761013233e-17,1
reduced_refine,hold120,26,solved,1,30,0,1.2211169049655584e-16,9.9999999999999995e-07,9.9999999999999995e-07,1,20,0.16772000000000001,0.137352,108,1,0,1.2211169049655584e-16,1
reduced_refine,hold120,27,solved,1,30,0,2.4985608241742193e-17,9.9999999999999995e-07,9.9999999999999995e-07,1,20,0.16042399999999998,0.136291,108,1,0,2.4985608241742193e-17,1
reduced_refine,hold120,28,solved,1,30,0,4.8729535417003235e-17,9.9999999999999995e-07,9.9999999999999995e-07,1,20,0.16473400000000002,0.13136899999999999,108,1,0,4.8729535417003235e-17,1
reduced_refine,hold120,29,solved,1,30,0,3.6231433020403281e-17,9.9999999999999995e-07,9.9999999999999995e-07,1,20,0.15454800000000002,0.13625099999999998,108,1,0,3.6231433020403281e-17,1
reduced_refine,hold120,30,solved,1,30,0,3.5912929001185161e-17,9.9999999999999995e-07,9.9999999999999995e-07,1,20,0.162802,0.13039799999999999,108,1,0,3.5912929001185161e-17,1
reduced_refine,hold120,31,solved,1,30,0,3.5024557645855395e-17,9.9999999999999995e-07,9.9999999999999995e-07,1,20,0.174794,0.138016,108,1,0,3.5024557645855395e-17,1
reduced_refine,hold120,32,solved,1,30,0,4.6699456628163468e-17,9.9999999999999995e-07,9.9999999999999995e-07,1,20,0.15626099999999998,0.13214899999999999,108,1,0,4.6699456628163468e-17,1
reduced_refine,hold120,33,solved,1,30,0,3.8387245600635516e-17,9.9999999999999995e-07,9.9999999999999995e-07,1,20,0.17233499999999999,0.14438799999999999,108,1,0,3.8387245600635516e-17,1
reduced_refine,hold120,34,solved,1,30,0,2.5591504876448082e-17,9.9999999999999995e-07,9.9999999999999995e-07,1,20,0.17113400000000001,0.14393400000000001,108,1,0,2.5591504876448082e-17,1
reduced_refine,hold120,35,solved,1,30,0,3.5024672776839404e-17,9.9999999999999995e-07,9.9999999999999995e-07,1,20,0.16772099999999998,0.129969,108,1,0,3.5024672776839404e-17,1
reduced_refine,hold120,36,solved,1,30,0,3.5591631917444659e-17,9.9999999999999995e-07,9.9999999999999995e-07,1,20,0.16168399999999999,0.133518,108,1,0,3.5591631917444659e-17,1
reduced_refine,hold120,37,solved,1,30,0,9.3399208521505644e-17,9.9999999999999995e-07,9.9999999999999995e-07,1,20,0.166188,0.13862100000000002,108,1,0,9.3399208521505644e-17,1
reduced_refine,hold120,38,solved,1,30,0,4.6699617465109151e-17,9.9999999999999995e-07,9.9999999999999995e-07,1,20,0.16355499999999998,0.12759300000000001,108,1,0,4.6699617465109151e-17,1
reduced_refine,hold120,39,solved,1,30,0,4.8308728387780516e-17,9.9999999999999995e-07,9.9999999999999995e-07,1,20,0.16012399999999999,0.13614999999999999,108,1,0,4.8308728387780516e-17,1
reduced_refine,hold120,40,solved,1,30,0,2.5591527943689657e-17,9.9999999999999995e-07,9.9999999999999995e-07,1,20,0.166772,0.133713,108,1,0,2.5591527943689657e-17,1
reduced_refine,hold120,41,solved,1,30,0,2.5391200594774515e-17,9.9999999999999995e-07,9.9999999999999995e-07,1,20,0.16695499999999999,0.12874300000000002,108,1,0,2.5391200594774515e-17,1
reduced_refine,hold120,42,solved,1,30,0,3.5591648625458413e-17,9.9999999999999995e-07,9.9999999999999995e-07,1,20,0.16154299999999999,0.13044599999999998,108,1,0,3.5591648625458413e-17,1
reduced_refine,hold120,43,solved,1,30,0,3.5024728257620632e-17,9.9999999999999995e-07,9.9999999999999995e-07,1,20,0.16390299999999999,0.12920100000000001,108,1,0,3.5024728257620632e-17,1
reduced_refine,hold120,44,solved,1,30,0,5.8374543853207419e-17,9.9999999999999995e-07,9.9999999999999995e-07,1,20,0.152944,0.12975899999999999,108,1,0,5.8374543853207419e-17,1
reduced_refine,hold120,45,solved,1,30,0,5.8374538936775795e-17,9.9999999999999995e-07,9.9999999999999995e-07,1,20,0.16506800000000002,0.13525999999999999,108,1,0,5.8374538936775795e-17,1
reduced_refine,hold120,46,solved,1,30,0,2.4985723351473618e-17,9.9999999999999995e-07,9.9999999999999995e-07,1,20,0.15516099999999999,0.128334,108,1,0,2.4985723351473618e-17,1
reduced_refine,hold120,47,solved,1,30,0,5.8374525117172973e-17,9.9999999999999995e-07,9.9999999999999995e-07,1,20,0.15922199999999997,0.135931,108,1,0,5.8374525117172973e-17,1
reduced_refine,hold120,48,solved,1,30,0,2.5189273373930332e-17,9.9999999999999995e-07,9.9999999999999995e-07,1,20,0.16413,0.13067800000000002,108,1,0,2.5189273373930332e-17,1
reduced_refine,hold120,49,solved,1,30,0,3.7478578009309269e-17,9.9999999999999995e-07,9.9999999999999995e-07,1,20,0.15420899999999998,0.12833800000000001,108,1,0,3.7478578009309269e-17,1
reduced_refine,hold120,50,solved,1,30,0,2.4573553112023814e-17,9.9999999999999995e-07,9.9999999999999995e-07,1,20,0.162493,0.127165,108,1,0,2.4573553112023814e-17,1
reduced_refine,hold120,51,solved,1,30,0,2.498571510508713e-17,9.9999999999999995e-07,9.9999999999999995e-07,1,20,0.15057399999999999,0.12784100000000001,108,1,0,2.498571510508713e-17,1
reduced_refine,hold120,52,solved,1,30,0,5.8374479156011825e-17,9.9999999999999995e-07,9.9999999999999995e-07,1,20,0.161528,0.138186,108,1,0,5.8374479156011825e-17,1
reduced_refine,hold120,53,solved,1,30,0,4.669957554878007e-17,9.9999999999999995e-07,9.9999999999999995e-07,1,20,0.16719599999999998,0.14176900000000001,108,1,0,4.669957554878007e-17,1
reduced_refine,hold120,54,solved,1,30,0,3.5024675894789058e-17,9.9999999999999995e-07,9.9999999999999995e-07,1,20,0.155616,0.12959700000000002,108,1,0,3.5024675894789058e-17,1
reduced_refine,hold120,55,solved,1,30,0,3.6547271940276091e-17,9.9999999999999995e-07,9.9999999999999995e-07,1,20,0.16570199999999999,0.13911599999999999,108,1,0,3.6547271940276091e-17,1
reduced_refine,hold120,56,solved,1,30,0,5.8374441256452563e-17,9.9999999999999995e-07,9.9999999999999995e-07,1,20,0.16628399999999999,0.140904,108,1,0,5.8374441256452563e-17,1
reduced_refine,hold120,57,solved,1,30,0,4.6699545936796257e-17,9.9999999999999995e-07,9.9999999999999995e-07,1,20,0.155443,0.130881,108,1,0,4.6699545936796257e-17,1
reduced_refine,hold120,58,solved,1,30,0,5.8374423943942111e-17,9.9999999999999995e-07,9.9999999999999995e-07,1,20,0.169291,0.13289799999999999,108,1,0,5.8374423943942111e-17,1
reduced_refine,hold120,59,solved,1,30,0,3.8387255069932372e-17,9.9999999999999995e-07,9.9999999999999995e-07,1,20,0.15490000000000001,0.128694,108,1,0,3.8387255069932372e-17,1
reduced_refine,hold120,60,solved,1,30,0,4.6699526545799006e-17,9.9999999999999995e-07,9.9999999999999995e-07,1,20,0.154394,0.13445300000000002,108,1,0,4.6699526545799006e-17,1
reduced_refine,hold120,61,solved,1,30,0,8.172416130654501e-17,9.9999999999999995e-07,9.9999999999999995e-07,1,20,0.162775,0.14693300000000001,108,1,0,8.172416130654501e-17,1
reduced_refine,hold120,62,solved,1,30,0,3.5024636470249808e-17,9.9999999999999995e-07,9.9999999999999995e-07,1,20,0.158002,0.13469999999999999,108,1,0,3.5024636470249808e-17,1
reduced_refine,hold120,63,solved,1,30,0,4.6699510188202159e-17,9.9999999999999995e-07,9.9999999999999995e-07,1,20,0.16472899999999999,0.13108300000000001,108,1,0,4.6699510188202159e-17,1
reduced_refine,hold120,64,solved,1,30,0,4.6699505427305173e-17,9.9999999999999995e-07,9.9999999999999995e-07,1,20,0.154837,0.13505,108,1,0,4.6699505427305173e-17,1
reduced_refine,hold120,65,solved,1,30,0,4.6699501005027655e-17,9.9999999999999995e-07,9.9999999999999995e-07,1,20,0.16429199999999999,0.13155999999999998,108,1,0,4.6699501005027655e-17,1
reduced_refine,hold120,66,solved,1,30,0,4.669949691270562e-17,9.9999999999999995e-07,9.9999999999999995e-07,1,20,0.16750299999999999,0.13148099999999999,108,1,0,4.669949691270562e-17,1
reduced_refine,hold120,67,solved,1,30,0,5.837436642457041e-17,9.9999999999999995e-07,9.9999999999999995e-07,1,20,0.15526700000000002,0.12770699999999999,108,1,0,5.837436642457041e-17,1
reduced_refine,hold120,68,solved,1,30,0,3.5267295054305966e-17,9.9999999999999995e-07,9.9999999999999995e-07,1,20,0.15990099999999999,0.12962800000000002,108,1,0,3.5267295054305966e-17,1
reduced_refine,hold120,69,solved,1,30,0,3.5024614875542057e-17,9.9999999999999995e-07,9.9999999999999995e-07,1,20,0.15617699999999998,0.138458,108,1,0,3.5024614875542057e-17,1
reduced_refine,hold120,70,solved,1,30,0,4.6699483606804748e-17,9.9999999999999995e-07,9.9999999999999995e-07,1,20,0.16289700000000001,0.13713899999999998,108,1,0,4.6699483606804748e-17,1
reduced_refine,hold120,71,solved,1,30,0,5.837435122090064e-17,9.9999999999999995e-07,9.9999999999999995e-07,1,20,0.16524,0.13260100000000002,108,1,0,5.837435122090064e-17,1
reduced_refine,hold120,72,solved,1,30,0,4.7883960671333095e-17,9.9999999999999995e-07,9.9999999999999995e-07,1,20,0.15758800000000001,0.13683799999999999,108,1,0,4.7883960671333095e-17,1
reduced_refine,hold120,73,solved,1,30,0,5.8374345558025383e-17,9.9999999999999995e-07,9.9999999999999995e-07,1,20,0.16365100000000002,0.129828,108,1,0,5.8374345558025383e-17,1
reduced_refine,hold120,74,solved,1,30,0,5.8374343144119185e-17,9.9999999999999995e-07,9.9999999999999995e-07,1,20,0.15984399999999999,0.126752,108,1,0,5.8374343144119185e-17,1
reduced_refine,hold120,75,solved,1,30,0,4.702305272062602e-17,9.9999999999999995e-07,9.9999999999999995e-07,1,20,0.16128999999999999,0.13008799999999998,108,1,0,4.702305272062602e-17,1
reduced_refine,hold120,76,solved,1,30,0,5.0782321885038789e-17,9.9999999999999995e-07,9.9999999999999995e-07,1,20,0.15690899999999999,0.133629,108,1,0,5.0782321885038789e-17,1
reduced_refine,hold120,77,solved,1,30,0,3.6860285392732794e-17,9.9999999999999995e-07,9.9999999999999995e-07,1,20,0.159717,0.13721900000000001,108,1,0,3.6860285392732794e-17,1
reduced_refine,hold120,78,solved,1,30,0,3.778385904204601e-17,9.9999999999999995e-07,9.9999999999999995e-07,1,20,0.15959700000000002,0.12928000000000001,108,1,0,3.778385904204601e-17,1
reduced_refine,hold120,79,solved,1,30,0,5.8374334506313006e-17,9.9999999999999995e-07,9.9999999999999995e-07,1,20,0.16158899999999998,0.12828800000000001,108,1,0,5.8374334506313006e-17,1
reduced_refine,hold120,80,solved,1,30,0,4.6699466675293948e-17,9.9999999999999995e-07,9.9999999999999995e-07,1,20,0.15914700000000001,0.13553799999999999,108,1,0,4.6699466675293948e-17,1
reduced_refine,hold120,81,solved,1,30,0,3.7783858066662438e-17,9.9999999999999995e-07,9.9999999999999995e-07,1,20,0.16368099999999999,0.13192999999999999,108,1,0,3.7783858066662438e-17,1
reduced_refine,hold120,82,solved,1,30,0,5.0378477098476568e-17,9.9999999999999995e-07,9.9999999999999995e-07,1,20,0.15989600000000001,0.127329,108,1,0,5.0378477098476568e-17,1
reduced_refine,hold120,83,solved,1,30,0,3.5024598426878984e-17,9.9999999999999995e-07,9.9999999999999995e-07,1,20,0.15035200000000001,0.129384,108,1,0,3.5024598426878984e-17,1
reduced_refine,hold120,84,solved,1,30,0,4.6699464059436863e-17,9.9999999999999995e-07,9.9999999999999995e-07,1,20,0.15851400000000002,0.12734300000000001,108,1,0,4.6699464059436863e-17,1
reduced_refine,hold120,85,solved,1,30,0,3.8086738741828863e-17,9.9999999999999995e-07,9.9999999999999995e-07,1,20,0.15029900000000002,0.13250100000000001,108,1,0,3.8086738741828863e-17,1
reduced_refine,hold120,86,solved,1,30,0,6.1433805252765948e-17,9.9999999999999995e-07,9.9999999999999995e-07,1,20,0.148704,0.12700299999999998,108,1,0,6.1433805252765948e-17,1
reduced_refine,hold120,87,solved,1,30,0,4.7883953772297127e-17,9.9999999999999995e-07,9.9999999999999995e-07,1,20,0.16233999999999998,0.12984300000000001,108,1,0,4.7883953772297127e-17,1
reduced_refine,hold120,88,solved,1,30,0,5.8374328424344287e-17,9.9999999999999995e-07,9.9999999999999995e-07,1,20,0.16128000000000001,0.129385,108,1,0,5.8374328424344287e-17,1
reduced_refine,hold120,89,solved,1,30,0,5.8374328188828372e-17,9.9999999999999995e-07,9.9999999999999995e-07,1,20,0.16289200000000001,0.134521,108,1,0,5.8374328188828372e-17,1
reduced_refine,hold120,90,solved,1,30,0,2.4985685182662601e-17,9.9999999999999995e-07,9.9999999999999995e-07,1,20,0.164188,0.12868299999999999,108,1,0,2.4985685182662601e-17,1
reduced_refine,hold120,91,solved,1,30,0,5.0782317706850489e-17,9.9999999999999995e-07,9.9999999999999995e-07,1,20,0.15224800000000002,0.13023700000000002,108,1,0,5.0782317706850489e-17,1
reduced_refine,hold120,92,solved,1,30,0,4.9560920875131842e-17,9.9999999999999995e-07,9.9999999999999995e-07,1,20,0.160603,0.129776,108,1,0,4.9560920875131842e-17,1
reduced_refine,hold120,93,solved,1,30,0,3.6860282786530096e-17,9.9999999999999995e-07,9.9999999999999995e-07,1,20,0.16870000000000002,0.12820099999999998,108,1,0,3.6860282786530096e-17,1
reduced_refine,hold120,94,solved,1,30,0,4.7455453057638425e-17,9.9999999999999995e-07,9.9999999999999995e-07,1,20,0.15637299999999998,0.13095799999999999,108,1,0,4.7455453057638425e-17,1
reduced_refine,hold120,95,solved,1,30,0,4.8729651497640922e-17,9.9999999999999995e-07,9.9999999999999995e-07,1,20,0.17202000000000001,0.13398100000000002,108,1,0,4.8729651497640922e-17,1
reduced_refine,hold120,96,solved,1,30,0,3.5024596628198664e-17,9.9999999999999995e-07,9.9999999999999995e-07,1,20,0.15739899999999998,0.13314899999999999,108,1,0,3.5024596628198664e-17,1
reduced_refine,hold120,97,solved,1,30,0,5.8374327750658997e-17,9.9999999999999995e-07,9.9999999999999995e-07,1,20,0.15341700000000003,0.131938,108,1,0,5.8374327750658997e-17,1
reduced_refine,hold120,98,solved,1,30,0,3.6860282811616994e-17,9.9999999999999995e-07,9.9999999999999995e-07,1,20,0.168603,0.13137300000000002,108,1,0,3.6860282811616994e-17,1
reduced_refine,hold120,99,solved,1,30,0,3.5024596718850862e-17,9.9999999999999995e-07,9.9999999999999995e-07,1,20,0.15441299999999999,0.128105,108,1,0,3.5024596718850862e-17,1
reduced_refine,hold120,100,solved,1,30,0,2.4985685174724442e-17,9.9999999999999995e-07,9.9999999999999995e-07,1,20,0.15093899999999999,0.12965700000000002,108,1,0,2.4985685174724442e-17,1
reduced_refine,hold120,101,solved,1,30,0,3.5024596808855238e-17,9.9999999999999995e-07,9.9999999999999995e-07,1,20,0.16105,0.13685800000000001,108,1,0,3.5024596808855238e-17,1
reduced_refine,hold120,102,solved,1,30,0,2.5591486727011938e-17,9.9999999999999995e-07,9.9999999999999995e-07,1,20,0.15139,0.12798500000000002,108,1,0,2.5591486727011938e-17,1
reduced_refine,hold120,103,solved,1,30,0,8.1724059457665901e-17,9.9999999999999995e-07,9.9999999999999995e-07,1,20,0.168963,0.13122,108,1,0,8.1724059457665901e-17,1
reduced_refine,hold120,104,solved,1,30,0,2.498568523789455e-17,9.9999999999999995e-07,9.9999999999999995e-07,1,20,0.153891,0.133108,108,1,0,2.498568523789455e-17,1
reduced_refine,hold120,105,solved,1,30,0,4.669946268819158e-17,9.9999999999999995e-07,9.9999999999999995e-07,1,20,0.15948500000000002,0.13028399999999998,108,1,0,4.669946268819158e-17,1
reduced_refine,hold120,106,solved,1,30,0,2.4780460565255193e-17,9.9999999999999995e-07,9.9999999999999995e-07,1,20,0.15693299999999999,0.136268,108,1,0,2.4780460565255193e-17,1
reduced_refine,hold120,107,solved,1,30,0,3.7783857026302051e-17,9.9999999999999995e-07,9.9999999999999995e-07,1,20,0.16436599999999998,0.132469,108,1,0,3.7783857026302051e-17,1
reduced_refine,hold120,108,solved,1,30,0,3.7783857050111119e-17,9.9999999999999995e-07,9.9999999999999995e-07,1,20,0.15771000000000002,0.12854399999999999,108,1,0,3.7783857050111119e-17,1
reduced_refine,hold120,109,solved,1,30,0,2.5591486842550636e-17,9.9999999999999995e-07,9.9999999999999995e-07,1,20,0.16536799999999999,0.13713800000000001,108,1,0,2.5591486842550636e-17,1
reduced_refine,hold120,110,solved,1,30,0,4.9971370665319816e-17,9.9999999999999995e-07,9.9999999999999995e-07,1,20,0.165018,0.12954299999999999,108,1,0,4.9971370665319816e-17,1
reduced_refine,hold120,111,solved,1,30,0,3.7170690960651934e-17,9.9999999999999995e-07,9.9999999999999995e-07,1,20,0.155002,0.127723,108,1,0,3.7170690960651934e-17,1
reduced_refine,hold120,112,solved,1,30,0,5.8374328925840409e-17,9.9999999999999995e-07,9.9999999999999995e-07,1,20,0.15040799999999999,0.12798799999999999,108,1,0,5.8374328925840409e-17,1
reduced_refine,hold120,113,solved,1,30,0,8.1724060591070127e-17,9.9999999999999995e-07,9.9999999999999995e-07,1,20,0.164078,0.13613800000000001,108,1,0,8.1724060591070127e-17,1
reduced_refine,hold120,114,solved,1,30,0,3.5591590159125872e-17,9.9999999999999995e-07,9.9999999999999995e-07,1,20,0.162192,0.13050900000000001,108,1,0,3.5591590159125872e-17,1
reduced_refine,hold120,115,solved,1,30,0,4.669946329396209e-17,9.9999999999999995e-07,9.9999999999999995e-07,1,20,0.17565,0.13453900000000002,108,1,0,4.669946329396209e-17,1
reduced_refine,hold120,116,solved,1,30,0,5.8374329173472968e-17,9.9999999999999995e-07,9.9999999999999995e-07,1,20,0.158751,0.14509899999999998,108,1,0,5.8374329173472968e-17,1
reduced_refine,hold120,117,solved,1,30,0,5.8374329225615774e-17,9.9999999999999995e-07,9.9999999999999995e-07,1,20,0.168929,0.12975700000000001,108,1,0,5.8374329225615774e-17,1
reduced_refine,hold120,118,solved,1,30,0,4.6699463419170685e-17,9.9999999999999995e-07,9.9999999999999995e-07,1,20,0.15769,0.135683,108,1,0,4.6699463419170685e-17,1
reduced_refine,hold120,119,solved,1,30,0,8.1724061046074977e-17,9.9999999999999995e-07,9.9999999999999995e-07,1,20,0.16347200000000001,0.12872700000000001,108,1,0,8.1724061046074977e-17,1
reduced_refine,hold120,120,solved,1,70,0,1.4724970153728503e-16,0.019721611233184021,0.0050656796817551957,1,20,0.16190900000000003,0.29013500000000003,108,1,0,1.4724970153728503e-16,1
reduced_refine,hold120,121,solved,1,90,0,1.227080846144042e-16,0.10000000000000001,0.043292026704214233,0,20,0.17127500000000001,0.34243699999999999,108,1,0,1.227080846144042e-16,1
reduced_refine,hold120,122,solved,1,90,1.0806967117550639e-16,1.6092067289939356e-16,0.10000000000000001,0.054342053994399411,0,20,0.17050799999999999,0.34210600000000002,108,1,1.0806967117550639e-16,1.6092067289939356e-16,1
reduced_refine,hold120,123,solved,1,90,0,1.7033234244579399e-16,0.10000000000000001,0.066542740690649235,0,20,0.16416700000000001,0.333013,108,1,0,1.7033234244579399e-16,1
reduced_refine,hold120,124,solved,1,90,5.4034835587753197e-17,1.4599915066782342e-16,0.10000000000000001,0.078317950616173998,0,20,0.17070400000000002,0.33441200000000004,108,1,5.4034835587753197e-17,1.4599915066782342e-16,1
reduced_refine,hold120,125,solved,1,90,2.7017417793876599e-17,1.9798629451965489e-16,0.10000000000000001,0.089928432121180554,0,20,0.16947699999999999,0.33632999999999996,108,1,2.7017417793876599e-17,1.9798629451965489e-16,1
reduced_refine,hold120,126,solved,1,90,0,9.9812980267001727e-17,0.10000000000000001,0.10084784778365086,0,20,0.16711199999999998,0.37031999999999998,108,1,0,9.9812980267001727e-17,1
reduced_refine,hold120,127,solved,1,90,0,1.0143276926383724e-16,0.10000000000000001,0.11110055328257883,0,20,0.163911,0.33378400000000003,108,1,0,1.0143276926383724e-16,1
reduced_refine,hold120,128,solved,1,80,2.7017417793876599e-17,1.0223304018714221e-16,0.10000000000000001,0.21589482375087302,0,20,0.16345899999999999,0.30216200000000004,108,1,2.7017417793876599e-17,1.0223304018714221e-16,1
reduced_refine,hold120,129,solved,1,80,1.3508708896938299e-17,1.5344659827567039e-16,0.10000000000000001,0.18148887245520984,0,20,0.15669,0.29599900000000001,108,1,1.3508708896938299e-17,1.5344659827567039e-16,1
reduced_refine,hold120,130,solved,1,80,1.3675426264990208e-17,1.5807647994012579e-16,0.10000000000000001,0.089011456094698113,0,20,0.17363300000000001,0.29735200000000001,108,1,1.3675426264990208e-17,1.5807647994012579e-16,1
reduced_refine,hold120,131,solved,1,80,0,1.083598907048087e-16,0.10000000000000001,0.017124255636873805,0,20,0.159632,0.29669200000000001,108,1,0,1.083598907048087e-16,1
reduced_refine,hold120,132,solved,1,80,1.7855123877677783e-18,1.0903152999515892e-16,0.10000000000000001,0.044481443378858891,0,20,0.166487,0.29799700000000001,108,1,1.7855123877677783e-18,1.0903152999515892e-16,1
reduced_refine,hold120,133,solved,1,80,7.2350273988261839e-18,1.1288418478541367e-16,0.10000000000000001,0.046587276646522388,0,20,0.157495,0.29696699999999998,108,1,7.2350273988261839e-18,1.1288418478541367e-16,1
reduced_refine,hold120,134,solved,1,90,7.2888761501503032e-18,1.142777296700991e-16,0.10000000000000001,0.089172845503752554,0,20,0.16794600000000001,0.36345700000000003,108,1,7.2888761501503032e-18,1.142777296700991e-16,1
reduced_refine,hold120,135,solved,1,90,7.3085698948323249e-18,1.714120323504133e-16,0.10000000000000001,0.08759814543952768,0,20,0.16313,0.33141199999999998,108,1,7.3085698948323249e-18,1.714120323504133e-16,1
reduced_refine,hold120,136,solved,1,90,7.2985460697483349e-18,1.1395552427811472e-16,0.10000000000000001,0.082287646173264783,0,20,0.15809299999999998,0.37363799999999997,108,1,7.2985460697483349e-18,1.1395552427811472e-16,1
reduced_refine,hold120,137,solved,1,90,0,1.1332555200658205e-16,0.10000000000000001,0.057826035483355742,0,20,0.16914200000000001,0.33055000000000001,108,1,0,1.1332555200658205e-16,1
reduced_refine,hold120,138,solved,1,90,0,1.6648636050983931e-16,0.10000000000000001,0.044034802280803323,0,20,0.16134200000000001,0.33938200000000002,108,1,0,1.6648636050983931e-16,1
reduced_refine,hold120,139,solved,1,90,0,1.2622697328263103e-16,0.10000000000000001,0.14139720727119395,0,20,0.16201000000000002,0.33681800000000001,108,1,0,1.2622697328263103e-16,1
reduced_refine,hold120,140,solved,1,100,4.2205461538042135e-17,1.0968995106710802e-16,0.10000000000000001,0.2284519037262773,0,20,0.17225199999999999,0.40094099999999999,108,1,4.2205461538042135e-17,1.0968995106710802e-16,1
reduced_refine,hold120,141,solved,1,90,0,6.8275599450423374e-17,0.10000000000000001,0.06306665610798122,0,20,0.17263900000000001,0.33952300000000002,108,1,0,6.8275599450423374e-17,1
reduced_refine,hold120,142,solved,1,100,1.3664487829608226e-17,1.0101141564945505e-16,0.10000000000000001,0.025964708898077032,0,20,0.167653,0.40895300000000001,108,1,1.3664487829608226e-17,1.0101141564945505e-16,1
reduced_refine,hold120,143,solved,1,100,0,1.0405619238001824e-16,0.10000000000000001,0.24591666419098934,0,20,0.17019600000000001,0.41151199999999999,108,1,0,1.0405619238001824e-16,1
reduced_refine,hold120,144,solved,1,100,1.3508708896938299e-17,1.5214915389575588e-16,0.10000000000000001,0.055161389520767982,0,20,0.160583,0.36606699999999998,108,1,1.3508708896938299e-17,1.5214915389575588e-16,1
reduced_refine,hold120,145,solved,1,110,0,1.5093920108474366e-16,0.014318328965859412,0.055053337597538471,1,20,0.154837,0.42098400000000002,108,1,0,1.5093920108474366e-16,1
reduced_refine,hold120,146,solved,1,40,0,1.6434451700363597e-16,9.9999999999999995e-07,9.9999999999999995e-07,1,20,0.16689200000000001,0.16503399999999999,108,1,0,1.6434451700363597e-16,1
reduced_refine,hold120,147,solved,1,30,0,1.7433952171287885e-16,9.9999999999999995e-07,9.9999999999999995e-07,1,20,0.16449,0.13205500000000001,108,1,0,1.7433952171287885e-16,1
reduced_refine,hold120,148,solved,1,30,0,2.4606640396791822e-16,9.9999999999999995e-07,9.9999999999999995e-07,1,20,0.16661399999999998,0.13799900000000001,108,1,0,2.4606640396791822e-16,1
reduced_refine,hold120,149,solved,1,30,0,2.1289584950175291e-16,9.9999999999999995e-07,9.9999999999999995e-07,1,20,0.15486900000000001,0.129911,108,1,0,2.1289584950175291e-16,1
reduced_refine,hold120,150,solved,1,30,0,2.3971028844965004e-16,9.9999999999999995e-07,9.9999999999999995e-07,1,20,0.164905,0.13155500000000001,108,1,0,2.3971028844965004e-16,1
reduced_refine,hold120,151,solved,1,90,3.6190187864580381e-17,1.3519136367810389e-16,0.10000000000000001,0.058231804186643102,0,20,0.16240100000000002,0.33477499999999999,108,1,3.6190187864580381e-17,1.3519136367810389e-16,1
reduced_refine,hold120,152,solved,1,110,1.8840272387971455e-17,1.9167763994581105e-16,0.10000000000000001,0.075615625341931753,0,20,0.167766,0.39909899999999998,108,1,1.8840272387971455e-17,1.9167763994581105e-16,1
reduced_refine,hold120,153,solved,1,120,9.7167516761096383e-18,1.1049342054119463e-16,0.10000000000000001,0.17647312526507467,0,20,0.17628199999999999,0.43524299999999999,108,1,9.7167516761096383e-18,1.1049342054119463e-16,1
reduced_refine,hold120,154,solved,1,110,4.971331116952056e-18,1.0698424990084735e-16,0.10000000000000001,0.059022229004077609,0,20,0.17048000000000002,0.41281699999999999,108,1,4.971331116952056e-18,1.0698424990084735e-16,1
reduced_refine,hold120,155,solved,1,110,5.0534767199142813e-18,1.1061764145530687e-16,0.10000000000000001,0.013168056643516453,0,20,0.16520299999999999,0.405696,108,1,5.0534767199142813e-18,1.1061764145530687e-16,1
reduced_refine,hold120,156,solved,1,100,7.6533325953338491e-18,1.6942575305227836e-16,0.016638560175695413,0.022795635942747475,1,20,0.159332,0.392571,108,1,7.6533325953338491e-18,1.6942575305227836e-16,1
reduced_refine,hold120,157,solved,1,90,5.1149143535631719e-18,1.139804028343923e-16,0.019625030063728236,0.024965374528099417,1,20,0.162775,0.36209000000000002,108,1,5.1149143535631719e-18,1.139804028343923e-16,1
reduced_refine,hold120,158,solved,1,80,0,1.1436448892038536e-16,0.017076245968656596,0.02350365069579954,1,20,0.16910900000000001,0.314359,108,1,0,1.1436448892038536e-16,1
reduced_refine,hold120,159,solved,1,60,2.0471171228474456e-17,1.4909936982100059e-16,0.015893545510605171,0.037004444859004039,1,20,0.156554,0.24332899999999999,108,1,2.0471171228474456e-17,1.4909936982100059e-16,1
reduced_refine,hold120,160,solved,1,110,1.0227559764102055e-17,1.1385405646399092e-16,0.10000000000000001,0.091739495836795373,0,20,0.16794400000000001,0.405449,108,1,1.0227559764102055e-17,1.1385405646399092e-16,1
reduced_refine,hold120,161,solved,1,40,2.0414291319964581e-17,1.9406715784789595e-16,0.10000000000000001,0.055032563152689257,0,20,0.16638,0.15382599999999999,108,1,2.0414291319964581e-17,1.9406715784789595e-16,1
reduced_refine,hold120,162,solved,1,40,0,4.2314250347570616e-16,0.10000000000000001,0.053631804962107649,0,20,0.16597100000000001,0.155114,108,1,0,4.2314250347570616e-16,1
reduced_refine,hold120,163,solved,1,40,2.0141167193996789e-17,4.4223446464312941e-16,0.10000000000000001,0.049876272112316065,0,20,0.16419300000000001,0.155947,108,1,2.0141167193996789e-17,4.4223446464312941e-16,1
reduced_refine,hold120,164,solved,1,40,0,4.7398523030600191e-16,0.10000000000000001,0.035241690793389679,0,20,0.15748699999999999,0.15307400000000002,108,1,0,4.7398523030600191e-16,1
reduced_refine,hold120,165,solved,1,40,8.9017784103343527e-17,1.1867805691839798e-15,0.10000000000000001,0.049713317726009801,0,20,0.158778,0.148481,108,1,8.9017784103343527e-17,1.1867805691839798e-15,1
reduced_refine,hold120,166,solved,1,50,1.9435993553300302e-17,4.1963148599986641e-16,0.10000000000000001,0.037605886789105904,0,20,0.15862800000000002,0.18565799999999999,108,1,1.9435993553300302e-17,4.1963148599986641e-16,1
reduced_refine,hold120,167,solved,1,50,8.9017784103343527e-17,8.404752236743919e-16,0.10000000000000001,0.032317551264952789,0,20,0.15928200000000001,0.190167,108,1,8.9017784103343527e-17,8.404752236743919e-16,1
reduced_refine,hold120,168,solved,1,50,4.4508892051671763e-17,5.4407175051429635e-16,0.10000000000000001,0.056313251354779596,0,20,0.16315499999999999,0.19404099999999999,108,1,4.4508892051671763e-17,5.4407175051429635e-16,1
reduced_refine,hold120,169,solved,1,60,0,2.7979194991650164e-16,0.10000000000000001,0.058270925358734064,0,20,0.17110300000000001,0.225297,108,1,0,2.7979194991650164e-16,1
reduced_refine,hold120,170,solved,1,90,8.9017784103343527e-17,8.2146246487181078e-16,0.10000000000000001,0.041989136597008564,0,20,0.16569600000000001,0.34205400000000002,108,1,8.9017784103343527e-17,8.2146246487181078e-16,1
reduced_refine,hold120,171,solved,1,400,4.4508892051671763e-17,4.8161963593576997e-16,0.10000000000000001,0.28797029426428772,0,20,0.166214,0.06334300000000001,108,2,3.820893491931219e-06,1.7018877834679541e-07,1
reduced_refine,hold120,172,solved,1,400,8.9017784103343527e-17,8.1452630462056433e-16,0.10000000000000001,0.33832118220499785,0,20,0.16469200000000001,0.073824000000000001,108,2,9.724306429395537e-06,3.3824580602162987e-07,1
reduced_refine,hold120,173,solved,1,110,1.9666846057183125e-24,1.7147351951560483e-16,0.12328490824132912,0.086245065020466291,2,20,0.17382500000000001,0.438915,108,1,1.9666846057183125e-24,1.7147351951560483e-16,1
reduced_refine,hold120,174,solved,1,290,4.4508892051671763e-17,4.2423334284331042e-16,0.74656920988868947,0.15884922285597305,1,20,0.16204500000000002,1.0601659999999999,108,1,4.4508892051671763e-17,4.2423334284331042e-16,1
reduced_refine,hold120,175,solved,1,180,6.2327181004671318e-17,2.5188587733168286e-16,0.10970493121037857,0.38667887731166328,2,20,0.17041200000000001,0.69389500000000004,108,1,6.2327181004671318e-17,2.5188587733168286e-16,1
reduced_refine,hold120,176,solved,1,50,4.4508892051671763e-17,2.1374571172177972e-16,0.10000000000000001,0.079444164017627439,0,20,0.16490199999999999,0.18703500000000001,108,1,4.4508892051671763e-17,2.1374571172177972e-16,1
reduced_refine,hold120,177,solved,1,60,4.4508892051671763e-17,4.4220438886348712e-16,0.10000000000000001,0.082347572566717972,0,20,0.17177800000000001,0.223889,108,1,4.4508892051671763e-17,4.4220438886348712e-16,1
reduced_refine,hold120,178,solved,1,60,4.4508892051671763e-17,4.788589781612411e-16,0.10000000000000001,0.090623600648828934,0,20,0.169761,0.221027,108,1,4.4508892051671763e-17,4.788589781612411e-16,1
reduced_refine,hold120,179,solved,1,60,6.6763338077507642e-17,5.7885812742563807e-16,0.10000000000000001,0.096198911691799283,0,20,0.162693,0.22801200000000002,108,1,6.6763338077507642e-17,5.7885812742563807e-16,1
reduced_refine,hold120,180,solved,1,60,2.2254446025835882e-17,1.904613015950579e-16,0.10000000000000001,0.10722475584597929,0,20,0.16548399999999999,0.22909499999999999,108,1,2.2254446025835882e-17,1.904613015950579e-16,1
reduced_refine,hold120,181,solved,1,60,2.2254446025835882e-17,1.6483717769625269e-16,0.10000000000000001,0.18312478067008864,0,20,0.15645300000000001,0.221218,108,1,2.2254446025835882e-17,1.6483717769625269e-16,1
reduced_refine,hold120,182,solved,1,60,2.2254446025835882e-17,2.6677983819468782e-16,0.10000000000000001,0.31635264031011823,0,20,0.154527,0.21954299999999999,108,1,2.2254446025835882e-17,2.6677983819468782e-16,1
reduced_refine,hold120,183,solved,1,60,2.8313456228585916e-22,8.7712791563856251e-17,0.10000000000000001,0.17461941981284324,0,20,0.16515200000000002,0.225665,108,1,2.8313456228585916e-22,8.7712791563856251e-17,1
reduced_refine,hold120,184,solved,1,70,1.2000377423149227e-22,1.4468402774199593e-16,0.10000000000000001,0.15220008696679055,0,20,0.15539800000000001,0.26230500000000001,108,1,1.2000377423149227e-22,1.4468402774199593e-16,1
reduced_refine,hold120,185,solved,1,70,2.2254446025835882e-17,1.9000213908099609e-16,0.10000000000000001,0.11372465342511529,0,20,0.14963199999999999,0.25741000000000003,108,1,2.2254446025835882e-17,1.9000213908099609e-16,1
reduced_refine,hold120,186,solved,1,70,9.2464268428961948e-23,1.1753282997474362e-16,0.10000000000000001,0.24756110528233699,0,20,0.163408,0.25656899999999999,108,1,9.2464268428961948e-23,1.1753282997474362e-16,1
reduced_refine,hold120,187,solved,1,90,1.1127223012917941e-17,1.5106612748523392e-16,0.10000000000000001,0.17651699142671579,0,20,0.15577099999999999,0.32873000000000002,108,1,1.1127223012917941e-17,1.5106612748523392e-16,1
reduced_refine,hold120,188,solved,1,90,1.1127223012917941e-17,1.2779130023392777e-16,0.10000000000000001,0.1744938173056966,0,20,0.16798199999999999,0.34384500000000001,108,1,1.1127223012917941e-17,1.2779130023392777e-16,1
reduced_refine,hold120,189,solved,1,110,1.1127223012917941e-17,1.1043727615296378e-16,0.10000000000000001,0.17728158056560203,0,20,0.170205,0.40645799999999999,108,1,1.1127223012917941e-17,1.1043727615296378e-16,1
reduced_refine,hold120,190,solved,1,120,2.9467956564074135e-22,7.4721536695970301e-17,0.10000000000000001,0.17528524411134749,0,20,0.16517899999999999,0.44089699999999998,108,1,2.9467956564074135e-22,7.4721536695970301e-17,1
