source_t,step,horizon_s,truth_y_m,velocity_valid,interval_center_y_m,interval_excess_m,interval_y_covers_box,interval_width_m,original_v1_y_covers_box,original_v1_width_m
36.037,1,0.1,-0.054265506637187384,True,-0.0387536354630794,0.0,True,0.7071997057864126,True,1.6503596409781762
36.037,2,0.2,-0.1305749796850097,True,-0.11560444917875898,0.0,True,0.7755027165240507,True,1.6670145984050146
36.037,3,0.3,-0.20579500487963215,True,-0.1924552628944385,0.0,True,0.8549090322129143,True,1.6947728607830783
36.037,4,0.4,-0.2792934895681247,True,-0.26930607661011813,0.0,True,0.9454186528530033,True,1.7336344281123677
36.037,5,0.5,-0.35082096693502296,True,-0.34615689032579766,0.0,True,1.0470315784443178,True,1.7835993003928825
36.037,6,0.6,-0.41980699371760655,True,-0.4230077040414772,0.0,True,1.159747808986858,True,1.844667477624623
36.037,7,0.7,-0.4859730843718393,True,-0.49985851775715673,0.0,True,1.2835673444806237,True,1.9168389598075888
36.037,8,0.8,-0.5489432373607626,True,-0.5767093314728364,0.0,True,1.418490184925615,True,2.0001137469417802
36.037,9,0.9,-0.6084552495434891,True,-0.6535601451885159,0.0,True,1.5645163303218317,True,2.0944918390271976
36.103,1,0.1,-0.10473828301900945,True,-0.09247032044005435,0.0,True,0.707199705786413,True,1.645567141131178
36.103,2,0.2,-0.18037667371029642,True,-0.16889630666967598,0.0,True,0.7755027165240516,True,1.6622220985580165
36.103,3,0.3,-0.2545070884297732,True,-0.24532229289929758,0.0,True,0.8549090322129155,True,1.6899803609360802
36.103,4,0.4,-0.3267336141114605,True,-0.32174827912891923,0.0,True,0.9454186528530051,True,1.7288419282653695
36.103,5,0.5,-0.3966283191209758,True,-0.39817426535854084,0.0,True,1.04703157844432,True,1.7788068005458846
36.103,6,0.6,-0.4638008420647176,True,-0.47460025158816244,0.0,True,1.1597478089868607,True,1.8398749777776249
36.103,7,0.7,-0.5279081960592551,True,-0.551026237817784,0.0,True,1.2835673444806268,True,1.9120464599605906
36.103,8,0.8,-0.5886268392791577,True,-0.6274522240474057,0.0,True,1.4184901849256186,True,1.9953212470947825
36.103,9,0.9,-0.6456900146527002,True,-0.7038782102770273,0.0,True,1.5645163303218357,True,2.089699339180199
36.169,1,0.1,-0.15480413291059603,True,-0.14342546851176557,0.0,True,0.7071997057864139,True,1.6275720523835036
36.169,2,0.2,-0.22947880954950273,True,-0.2214938599587404,0.0,True,0.7755027165240532,True,1.644227009810342
36.169,3,0.3,-0.3024223906875791,True,-0.29956225140571524,0.0,True,0.8549090322129181,True,1.6719852721884056
36.169,4,0.4,-0.37317107523693266,True,-0.37763064285269005,0.0,True,0.9454186528530086,True,1.710846839517695
36.169,5,0.5,-0.4413183854901772,True,-0.45569903429966485,0.0,True,1.0470315784443245,True,1.7608117117982098
36.169,6,0.6,-0.5065030837530777,True,-0.5337674257466396,0.0,True,1.159747808986866,True,1.8218798890299504
36.169,7,0.7,-0.5683794664878022,True,-0.6118358171936145,0.0,True,1.2835673444806328,True,1.8940513712129161
36.169,8,0.8,-0.6267162892201048,True,-0.6899042086405893,0.0,True,1.4184901849256255,True,1.9773261583471078
36.169,9,0.9,-0.6812344962130312,True,-0.7679726000875642,0.0,True,1.5645163303218435,True,2.071704250432525
36.235,1,0.1,-0.20430130246290557,True,-0.19609375919818878,0.0,True,0.7071997057864138,True,1.6218391506268215
36.235,2,0.2,-0.27783983768069576,True,-0.2744151711988896,0.0,True,0.7755027165240531,True,1.63849410805366
36.235,3,0.3,-0.3494111600678857,True,-0.3527365831995904,0.0,True,0.8549090322129178,True,1.6662523704317236
36.235,4,0.4,-0.41845743160851323,True,-0.4310579952002912,0.0,True,0.9454186528530082,True,1.705113937761013
36.235,5,0.5,-0.48467576109438176,True,-0.5093794072009921,0.0,True,1.047031578444324,True,1.7550788100415278
36.235,6,0.6,-0.5477160770414284,True,-0.5877008192016928,0.0,True,1.1597478089868654,True,1.8161469872732683
36.235,7,0.7,-0.6073043652390415,True,-0.6660222312023936,0.0,True,1.2835673444806321,True,1.8883184694562343
36.235,8,0.8,-0.6631422034830732,True,-0.7443436432030944,0.0,True,1.4184901849256248,True,1.9715932565904257
36.235,9,0.9,-0.7149613828230416,True,-0.8226650552037953,0.0,True,1.5645163303218428,True,2.0659713486758426
36.301,1,0.1,-0.253040534460196,True,-0.22177005274544798,0.0,True,0.7071997057864133,True,1.6274483823702024
36.301,2,0.2,-0.32530799288287815,True,-0.29151926375979587,0.0,True,0.7755027165240522,True,1.6441033397970408
36.301,3,0.3,-0.3952604406446005,True,-0.3612684747741438,0.0,True,0.8549090322129166,True,1.6718616021751045
36.301,4,0.4,-0.4624809524342513,True,-0.4310176857884917,0.0,True,0.9454186528530065,True,1.7107231695043938
36.301,5,0.5,-0.5266598310076751,True,-0.5007668968028396,0.0,True,1.0470315784443218,True,1.7606880417849087
36.301,6,0.6,-0.5874452005879849,True,-0.5705161078171874,0.0,True,1.1597478089868627,True,1.8217562190166492
36.301,7,0.7,-0.6445978860824817,True,-0.6402653188315354,0.0,True,1.2835673444806293,True,1.893927701199615
36.301,8,0.8,-0.6978131297323514,True,-0.7100145298458833,0.0,True,1.4184901849256213,True,1.9772024883338064
36.301,9,0.9,-0.7468220755821431,True,-0.7797637408602313,0.0,True,1.5645163303218388,True,2.0715805804192238
36.367,1,0.1,-0.3009868738327831,True,-0.28528144977874864,0.0,True,0.7071997057864126,True,1.6349299958359935
36.367,2,0.2,-0.37178005347712245,True,-0.35757536776577803,0.0,True,0.7755027165240507,True,1.651584953262832
36.367,3,0.3,-0.439978423613189,True,-0.4298692857528074,0.0,True,0.8549090322129143,True,1.6793432156408956
36.367,4,0.4,-0.5052324552599846,True,-0.5021632037398368,0.0,True,0.9454186528530033,True,1.718204782970185
36.367,5,0.5,-0.5671722835789793,True,-0.5744571217268661,0.0,True,1.0470315784443178,True,1.7681696552506998
36.367,6,0.6,-0.6255916676286241,True,-0.6467510397138956,0.0,True,1.159747808986858,True,1.8292378324824403
36.367,7,0.7,-0.6801793441693332,True,-0.7190449577009249,0.0,True,1.2835673444806237,True,1.9014093146654063
36.367,8,0.8,-0.7306478880733036,True,-0.7913388756879544,0.0,True,1.418490184925615,True,1.9846841017995978
36.367,9,0.9,-0.7766885380115125,True,-0.8636327936749838,0.0,True,1.5645163303218317,True,2.0790621938850147
36.433,1,0.1,-0.3479967430525857,True,-0.3387856163710081,0.0,True,0.707199705786413,True,1.6376536114920868
36.433,2,0.2,-0.4170978824841546,True,-0.41420295986904787,0.0,True,0.7755027165240516,True,1.6543085689189252
36.433,3,0.3,-0.48337843781692424,True,-0.4896203033670875,0.0,True,0.8549090322129155,True,1.6820668312969889
36.433,4,0.4,-0.5464830785461204,True,-0.5650376468651273,0.0,True,0.9454186528530051,True,1.720928398626278
36.433,5,0.5,-0.6061534809345898,True,-0.640454990363167,0.0,True,1.04703157844432,True,1.770893270906793
36.433,6,0.6,-0.6620587808038422,True,-0.7158723338612067,0.0,True,1.1597478089868607,True,1.8319614481385336
36.433,7,0.7,-0.7139693739635559,True,-0.7912896773592464,0.0,True,1.2835673444806268,True,1.9041329303214996
36.433,8,0.8,-0.7615376736469743,True,-0.8667070208572862,0.0,True,1.4184901849256186,True,1.987407717455691
36.433,9,0.9,-0.8045586253730019,True,-0.9421243643553259,0.0,True,1.5645163303218357,True,2.081785809541108
36.499,1,0.1,-0.39389256216823,True,-0.3812854197220661,0.0,True,0.7071997057864133,True,1.6313698878229337
36.499,2,0.2,-0.4611610628037897,True,-0.4581785942068727,0.0,True,0.7755027165240522,True,1.648024845249772
36.499,3,0.3,-0.525411465956095,True,-0.5350717686916793,0.0,True,0.8549090322129166,True,1.6757831076278358
36.499,4,0.4,-0.5862635618968078,True,-0.6119649431764859,0.0,True,0.9454186528530065,True,1.7146446749571251
36.499,5,0.5,-0.6434864819735103,True,-0.6888581176612925,0.0,True,1.0470315784443218,True,1.76460954723764
36.499,6,0.6,-0.6967910583572988,True,-0.7657512921460989,0.0,True,1.1597478089868627,True,1.8256777244693807
36.499,7,0.7,-0.745890657633837,True,-0.8426444666309055,0.0,True,1.2835673444806293,True,1.8978492066523462
36.499,8,0.8,-0.7904559566392433,True,-0.9195376411157122,0.0,True,1.4184901849256213,True,1.9811239937865377
36.499,9,0.9,-0.8303577022069379,True,-0.9964308156005187,0.0,True,1.5645163303218388,True,2.075502085871955
36.565,1,0.1,-0.4386384617362056,True,-0.41546265495313833,0.0,True,0.7071997057864126,True,1.6345569183770787
36.565,2,0.2,-0.503961826766896,True,-0.4830094613956952,0.0,True,0.7755027165240507,True,1.651211875803917
36.565,3,0.3,-0.5659651006701563,True,-0.5505562678382521,0.0,True,0.8549090322129143,True,1.6789701381819806
36.565,4,0.4,-0.6244683465038123,True,-0.6181030742808089,0.0,True,0.9454186528530033,True,1.7178317055112697
36.565,5,0.5,-0.6791241921256316,True,-0.6856498807233659,0.0,True,1.0470315784443178,True,1.7677965777917848
36.565,6,0.6,-0.7296792107257789,True,-0.7531966871659228,0.0,True,1.159747808986858,True,1.8288647550235253
36.565,7,0.7,-0.7758139725952851,True,-0.8207434936084796,0.0,True,1.2835673444806237,True,1.9010362372064913
36.565,8,0.8,-0.817340261189484,True,-0.8882903000510365,0.0,True,1.418490184925615,True,1.9843110243406827
36.565,9,0.9,-0.8539479209725378,True,-0.9558371064935934,0.0,True,1.5645163303218317,True,2.0786891164260997
36.631,1,0.1,-0.48208111453947133,True,-0.46577418573825075,0.0,True,0.7071997057864138,True,1.6335599286230902
36.631,2,0.2,-0.5452500800508169,True,-0.5335597421829561,0.0,True,0.7755027165240531,True,1.6502148860499286
36.631,3,0.3,-0.6050025966301381,True,-0.6013452986276615,0.0,True,0.8549090322129178,True,1.6779731484279923
36.631,4,0.4,-0.6609753581246073,True,-0.6691308550723669,0.0,True,0.9454186528530082,True,1.7168347157572816
36.631,5,0.5,-0.7129773651040667,True,-0.7369164115170722,0.0,True,1.047031578444324,True,1.7667995880377965
36.631,6,0.6,-0.7606271951601947,True,-0.8047019679617775,0.0,True,1.1597478089868654,True,1.827867765269537
36.631,7,0.7,-0.8037494724733064,True,-0.8724875244064829,0.0,True,1.2835673444806321,True,1.900039247452503
36.631,8,0.8,-0.8420727437996135,True,-0.9402730808511883,0.0,True,1.4184901849256248,True,1.9833140345866944
36.631,9,0.9,-0.875328615356514,True,-1.0080586372958937,0.0,True,1.5645163303218428,True,2.0776921266721113
36.697,1,0.1,-0.5241631009045193,True,-0.518622655563178,0.0,True,0.7071997057864133,True,1.631650212771445
36.697,2,0.2,-0.5850819232056351,True,-0.5907855734549194,0.0,True,0.7755027165240522,True,1.6483051701982834
36.697,3,0.3,-0.6423750778645387,True,-0.6629484913466608,0.0,True,0.8549090322129166,True,1.676063432576347
36.697,4,0.4,-0.6957689869822425,True,-0.7351114092384021,0.0,True,0.9454186528530065,True,1.7149249999056364
36.697,5,0.5,-0.7449515744434556,True,-0.8072743271301436,0.0,True,1.0470315784443218,True,1.7648898721861515
36.697,6,0.6,-0.7896133017778271,True,-0.879437245021885,0.0,True,1.1597478089868627,True,1.8259580494178917
36.697,7,0.7,-0.8296005340907376,True,-0.9516001629136264,0.0,True,1.2835673444806293,True,1.8981295316008575
36.697,8,0.8,-0.8645851142585085,True,-1.0237630808053677,0.0,True,1.4184901849256213,True,1.9814043187350494
36.697,9,0.9,-0.8943673876958835,True,-1.0959259986971093,0.0,True,1.5645163303218388,True,2.075782410820466
36.763,1,0.1,-0.5647579177613375,True,-0.5610966194822498,0.0,True,0.7071997057864126,True,1.6295637484997165
36.763,2,0.2,-0.6233291425878329,True,-0.6327646842002596,0.0,True,0.7755027165240507,True,1.646218705926555
36.763,3,0.3,-0.6780690400819298,True,-0.7044327489182693,0.0,True,0.8549090322129143,True,1.6739769683046188
36.763,4,0.4,-0.728704367522155,True,-0.776100813636279,0.0,True,0.9454186528530033,True,1.712838535633908
36.763,5,0.5,-0.7749394071790546,True,-0.8477688783542889,0.0,True,1.0470315784443178,True,1.7628034079144228
36.763,6,0.6,-0.8165559803840403,True,-0.9194369430722986,0.0,True,1.159747808986858,True,1.823871585146163
36.763,7,0.7,-0.8532672529846843,True,-0.9911050077903084,0.0,True,1.2835673444806237,True,1.896043067329129
36.763,8,0.8,-0.8848319780541452,True,-1.0627730725083182,0.0,True,1.418490184925615,True,1.9793178544633205
36.763,9,0.9,-0.9111097859046082,True,-1.134441137226328,0.0,True,1.5645163303218317,True,2.073695946548738
36.829,1,0.1,-0.6038520085397856,True,-0.5816229820017231,0.0,True,0.707199705786413,True,1.6299130520031022
36.829,2,0.2,-0.6598919354453763,True,-0.643484635670196,0.0,True,0.7755027165240516,True,1.6465680094299406
36.829,3,0.3,-0.7119853562445775,True,-0.7053462893386687,0.0,True,0.8549090322129155,True,1.6743262718080043
36.829,4,0.4,-0.7597167166734118,True,-0.7672079430071415,0.0,True,0.9454186528530051,True,1.7131878391372934
36.829,5,0.5,-0.8029396753441673,True,-0.8290695966756143,0.0,True,1.04703157844432,True,1.7631527114178085
36.829,6,0.6,-0.8413533119369272,True,-0.8909312503440869,0.0,True,1.1597478089868607,True,1.824220888649549
36.829,7,0.7,-0.8747060412688874,True,-0.9527929040125598,0.0,True,1.2835673444806268,True,1.896392370832515
36.829,8,0.8,-0.9027706667623823,True,-1.0146545576810326,0.0,True,1.4184901849256186,True,1.9796671579667064
36.829,9,0.9,-0.925421297284504,True,-1.0765162113495053,0.0,True,1.5645163303218357,True,2.0740452500521234
36.895,1,0.1,-0.6412636737555713,True,-0.6324973137915074,0.0,True,0.7071997057864133,True,1.6075085650828247
36.895,2,0.2,-0.6947469156071899,True,-0.693793720242468,0.0,True,0.7755027165240522,True,1.6241635225096631
36.895,3,0.3,-0.744004826011002,True,-0.7550901266934285,0.0,True,0.8549090322129166,True,1.6519217848877266
36.895,4,0.4,-0.788770646916408,True,-0.8163865331443889,0.0,True,0.9454186528530065,True,1.6907833522170161
36.895,5,0.5,-0.8288433659745347,True,-0.8776829395953494,0.0,True,1.0470315784443218,True,1.7407482244975312
36.895,6,0.6,-0.8639298296850868,True,-0.9389793460463098,0.0,True,1.1597478089868627,True,1.8018164017292717
36.895,7,0.7,-0.8938230234417648,True,-1.0002757524972703,0.0,True,1.2835673444806293,True,1.8739878839122373
36.895,8,0.8,-0.9183453240983973,True,-1.061572158948231,0.0,True,1.4184901849256213,True,1.9572626710464291
36.895,9,0.9,-0.937319346362174,True,-1.1228685653991914,0.0,True,1.5645163303218388,True,2.0516407631318456
36.961,1,0.1,-0.6770138880382318,True,-0.6536947341528793,0.0,True,0.7071997057864126,True,1.6131001713092106
36.961,2,0.2,-0.7277295243185344,True,-0.7103862046917556,0.0,True,0.7755027165240507,True,1.629755128736049
36.961,3,0.3,-0.7740648417628241,True,-0.767077675230632,0.0,True,0.8549090322129143,True,1.6575133911141127
36.961,4,0.4,-0.8157643197948948,True,-0.8237691457695084,0.0,True,0.9454186528530033,True,1.696374958443402
36.961,5,0.5,-0.8525865849968284,True,-0.8804606163083848,0.0,True,1.0470315784443178,True,1.746339830723917
36.961,6,0.6,-0.8842550388189997,True,-0.9371520868472611,0.0,True,1.159747808986858,True,1.8074080079556576
36.961,7,0.7,-0.9106382673742209,True,-0.9938435573861375,0.0,True,1.2835673444806237,True,1.8795794901386231
36.961,8,0.8,-0.9314875839952351,True,-1.0505350279250139,0.0,True,1.418490184925615,True,1.9628542772728148
36.961,9,0.9,-0.9467127138916489,True,-1.1072264984638902,0.0,True,1.5645163303218317,True,2.057232369358232
37.027,1,0.1,-0.7109783861464665,True,-0.6988780322011618,0.0,True,0.7071997057864138,True,1.6017232616852561
37.027,2,0.2,-0.7588062381866322,True,-0.7575397476050361,0.0,True,0.7755027165240531,True,1.6183782191120946
37.027,3,0.3,-0.8021213623791635,True,-0.8162014630089104,0.0,True,0.8549090322129178,True,1.6461364814901582
37.027,4,0.4,-0.8406338800742384,True,-0.8748631784127847,0.0,True,0.9454186528530082,True,1.6849980488194476
37.027,5,0.5,-0.8740834671812585,True,-0.9335248938166589,0.0,True,1.047031578444324,True,1.7349629210999624
37.027,6,0.6,-0.9022666177336397,True,-0.9921866092205331,0.0,True,1.1597478089868654,True,1.796031098331703
37.027,7,0.7,-0.925018207028728,True,-1.0508483246244076,0.0,True,1.2835673444806321,True,1.868202580514669
37.027,8,0.8,-0.9421775890670996,True,-1.1095100400282818,0.0,True,1.4184901849256248,True,1.9514773676488604
37.027,9,0.9,-0.9497062345167403,True,-1.168171755432156,0.0,True,1.5645163303218428,True,2.0458554597342777
37.093,1,0.1,-0.7430580775785518,True,-0.7222038923908267,0.0,True,0.7071997057864133,True,1.6024544080376817
37.093,2,0.2,-0.7879271322120899,True,-0.7738936849256312,0.0,True,0.7755027165240522,True,1.6191093654645203
37.093,3,0.3,-0.8280861978583316,True,-0.8255834774604356,0.0,True,0.8549090322129166,True,1.646867627842584
37.093,4,0.4,-0.8632745451116627,True,-0.87727326999524,0.0,True,0.9454186528530065,True,1.6857291951718731
37.093,5,0.5,-0.8932786591876442,True,-0.9289630625300445,0.0,True,1.0470315784443218,True,1.7356940674523882
37.093,6,0.6,-0.9179040872502601,True,-0.9806528550648489,0.0,True,1.1597478089868627,True,1.7967622446841287
37.093,7,0.7,-0.9369860945595366,True,-1.0323426475996533,0.0,True,1.2835673444806293,True,1.8689337268670947
37.093,8,0.8,-0.9498225784376388,True,-1.0840324401344579,0.0,True,1.4184901849256213,True,1.9522085140012861
37.093,9,0.9,-0.9479324016161971,True,-1.1357222326692622,0.0,True,1.5645163303218388,True,2.046586606086703
37.159,1,0.1,-0.7731902763465966,True,-0.7586177618715305,0.0,True,0.7071997057864126,True,1.5685321662125618
37.159,2,0.2,-0.8149726592057521,True,-0.8122783116456259,0.0,True,0.7755027165240507,True,1.5851871236394002
37.159,3,0.3,-0.8519059170089726,True,-0.8659388614197213,0.0,True,0.8549090322129143,True,1.6129453860174638
37.159,4,0.4,-0.8836780995838522,True,-0.9195994111938167,0.0,True,0.9454186528530033,True,1.6518069533467532
37.159,5,0.5,-0.910166748843832,True,-0.9732599609679121,0.0,True,1.0470315784443178,True,1.7017718256272683
37.159,6,0.6,-0.9311309171937506,True,-1.0269205107420074,0.0,True,1.159747808986858,True,1.7628400028590088
37.159,7,0.7,-0.9464629235568185,True,-1.0805810605161028,0.0,True,1.2835673444806237,True,1.8350114850419743
37.159,8,0.8,-0.949051248425506,True,-1.1342416102901982,0.0,True,1.418490184925615,True,1.9182862721761662
37.159,9,0.9,-0.9445772713430516,True,-1.1879021600642936,0.0,True,1.5645163303218317,True,2.0126643642615827
37.225,1,0.1,-0.801295177807739,True,-0.7965041439685393,0.0,True,0.707199705786413,True,1.489638012091477
37.225,2,0.2,-0.8399144482115523,True,-0.8489319141513696,0.0,True,0.7755027165240516,True,1.5062929695183156
37.225,3,0.3,-0.8734608930936297,True,-0.9013596843341998,0.0,True,0.8549090322129155,True,1.5340512318963793
37.225,4,0.4,-0.9017625687048954,True,-0.9537874545170301,0.0,True,0.9454186528530051,True,1.5729127992256688
37.225,5,0.5,-0.9246151167729505,True,-1.0062152246998601,0.0,True,1.04703157844432,True,1.6228776715061835
37.225,6,0.6,-0.9418876022816645,True,-1.0586429948826905,0.0,True,1.1597478089868607,True,1.683945848737924
37.225,7,0.7,-0.9497381137390585,True,-1.1110707650655207,0.0,True,1.2835673444806268,True,1.75611733092089
37.225,8,0.8,-0.9464923517392874,True,-1.163498535248351,0.0,True,1.4184901849256186,True,1.8393921180550814
37.225,9,0.9,-0.9397684887685891,True,-1.215926305431181,0.0,True,1.5645163303218357,True,1.933770210140498
37.291,1,0.1,-0.8273290297421286,True,-0.8218508199305519,0.0,True,0.7071997057864139,True,1.4828273201481927
37.291,2,0.2,-0.8626192605382387,True,-0.8732184576297053,0.0,True,0.7755027165240532,True,1.4994822775750312
37.291,3,0.3,-0.8927342949335216,True,-0.9245860953288587,0.0,True,0.8549090322129181,True,1.5272405399530948
37.291,4,0.4,-0.9174628504021196,True,-0.975953733028012,0.0,True,0.9454186528530086,True,1.5661021072823842
37.291,5,0.5,-0.9366528427568971,True,-1.0273213707271653,0.0,True,1.0470315784443245,True,1.616066979562899
37.291,6,0.6,-0.9498013862715576,True,-1.0786890084263188,0.0,True,1.159747808986866,True,1.6771351567946393
37.291,7,0.7,-0.9480044522071508,True,-1.1300566461254722,0.0,True,1.2835673444806328,True,1.7493066389776053
37.291,8,0.8,-0.9424290208861746,True,-1.1814242838246254,0.0,True,1.4184901849256255,True,1.8325814261117972
37.291,9,0.9,-0.9334866465878363,True,-1.2327919215237788,0.0,True,1.5645163303218435,True,1.9269595181972141
37.357,1,0.1,-0.8512171139426705,True,-0.8481717899577476,0.0,True,0.7071997057864138,True,1.5281467197809127
37.357,2,0.2,-0.8831011603487069,True,-0.8956770547521881,0.0,True,0.7755027165240531,True,1.544801677207751
37.357,3,0.3,-0.9096876937760611,True,-0.9431823195466285,0.0,True,0.8549090322129178,True,1.5725599395858147
37.357,4,0.4,-0.9307742503922648,True,-0.990687584341069,0.0,True,0.9454186528530082,True,1.611421506915104
37.357,5,0.5,-0.9462131332219872,True,-1.0381928491355095,0.0,True,1.047031578444324,True,1.6613863791956187
37.357,6,0.6,-0.9491073891855502,True,-1.08569811392995,0.0,True,1.1597478089868654,True,1.7224545564273592
37.357,7,0.7,-0.9446998556943428,True,-1.1332033787243905,0.0,True,1.2835673444806321,True,1.7946260386103252
37.357,8,0.8,-0.9368986748128936,True,-1.180708643518831,0.0,True,1.4184901849256248,True,1.8779008257445167
37.357,9,0.9,-0.9257693578198721,True,-1.2282139083132715,0.0,True,1.5645163303218428,True,1.9722789178299336
37.423,1,0.1,-0.8728383190060031,True,-0.876882925708567,0.0,True,0.7071997057864133,True,1.5156155241647826
37.423,2,0.2,-0.9012585196761528,True,-0.9215290714065336,0.0,True,0.7755027165240522,True,1.5322704815916208
37.423,3,0.3,-0.924212026517173,True,-0.9661752171045004,0.0,True,0.8549090322129166,True,1.5600287439696845
37.423,4,0.4,-0.9415976154962282,True,-1.0108213628024671,0.0,True,0.9454186528530065,True,1.598890311298974
37.423,5,0.5,-0.9497699929613768,True,-1.055467508500434,0.0,True,1.0470315784443218,True,1.6488551835794891
37.423,6,0.6,-0.9465916516451347,True,-1.1001136541984005,0.0,True,1.1597478089868627,True,1.7099233608112292
37.423,7,0.7,-0.9399358513928994,True,-1.1447597998963672,0.0,True,1.2835673444806293,True,1.7820948429941952
37.423,8,0.8,-0.9299292718452821,True,-1.189405945594334,0.0,True,1.4184901849256213,True,1.865369630128387
37.423,9,0.9,-0.9165400615816215,True,-1.2340520912923008,0.0,True,1.5645163303218388,True,1.9597477222138036
37.489,1,0.1,-0.892189930679403,True,-0.8848162352481505,0.0,True,0.7071997057864126,True,1.4525963626580318
37.489,2,0.2,-0.9170216135539823,True,-0.923833882529145,0.0,True,0.7755027165240507,True,1.46925132008487
37.489,3,0.3,-0.9363195909542585,True,-0.9628515298101397,0.0,True,0.8549090322129143,True,1.4970095824629341
37.489,4,0.4,-0.9497801941054764,True,-1.0018691770911343,0.0,True,0.9454186528530033,True,1.5358711497922233
37.489,5,0.5,-0.9480765027981045,True,-1.040886824372129,0.0,True,1.0470315784443178,True,1.5858360220727383
37.489,6,0.6,-0.9425782290443825,True,-1.0799044716531234,0.0,True,1.159747808986858,True,1.6469041993044786
37.489,7,0.7,-0.9336993452429831,True,-1.118922118934118,0.0,True,1.2835673444806237,True,1.7190756814874444
37.489,8,0.8,-0.9214858358951868,True,-1.1579397662151127,0.0,True,1.418490184925615,True,1.8023504686216358
37.489,9,0.9,-0.9057729768784534,True,-1.1969574134961074,0.0,True,1.5645163303218317,True,1.8967285607070528
37.555,1,0.1,-0.9092011021709101,True,-0.8981515795811152,0.0,True,0.707199705786413,True,1.4516986301062724
37.555,2,0.2,-0.9303982799099244,True,-0.9300283474154883,0.0,True,0.7755027165240516,True,1.4683535875331108
37.555,3,0.3,-0.9459633428871559,True,-0.9619051152498614,0.0,True,0.8549090322129155,True,1.4961118499111747
37.555,4,0.4,-0.9491561653381683,True,-0.9937818830842345,0.0,True,0.9454186528530051,True,1.5349734172404639
37.555,5,0.5,-0.9448224400456344,True,-1.0256586509186076,0.0,True,1.04703157844432,True,1.5849382895209787
37.555,6,0.6,-0.9370856318896742,True,-1.0575354187529808,0.0,True,1.1597478089868607,True,1.6460064667527194
37.555,7,0.7,-0.9260237757299871,True,-1.0894121865873538,0.0,True,1.2835673444806268,True,1.718177948935685
37.555,8,0.8,-0.9115359751959801,True,-1.121288954421727,0.0,True,1.4184901849256186,True,1.8014527360698764
37.555,9,0.9,-0.893342602135127,True,-1.1531657222561,0.0,True,1.5645163303218357,True,1.8958308281552934
37.621,1,0.1,-0.9238089362613972,True,-0.9064435174690447,0.0,True,0.7071997057864133,True,1.4078545368170743
37.621,2,0.2,-0.9413076287107931,True,-0.9317660629018488,0.0,True,0.7755027165240522,True,1.424509494243913
37.621,3,0.3,-0.949801872183695,True,-0.9570886083346528,0.0,True,0.8549090322129166,True,1.4522677566219766
37.621,4,0.4,-0.9466909515509825,True,-0.9824111537674569,0.0,True,0.9454186528530065,True,1.491129323951266
37.621,5,0.5,-0.9400972088367906,True,-1.007733699200261,0.0,True,1.0470315784443218,True,1.5410941962317808
37.621,6,0.6,-0.9301671539115026,True,-1.0330562446330651,0.0,True,1.1597478089868627,True,1.6021623734635213
37.621,7,0.7,-0.9168433834515903,True,-1.0583787900658692,0.0,True,1.2835673444806293,True,1.6743338556464873
37.621,8,0.8,-0.8999524808509224,True,-1.0837013354986733,0.0,True,1.4184901849256213,True,1.7576086427806787
37.621,9,0.9,-0.8791669583783689,True,-1.1090238809314774,0.0,True,1.5645163303218388,True,1.8519867348660957
37.687,1,0.1,-0.9359863391516213,True,-0.9401912357934465,0.0,True,0.7071997057864126,True,1.4295495045062294
37.687,2,0.2,-0.9497590019393953,True,-0.9712354132693184,0.0,True,0.7755027165240507,True,1.4462044619330676
37.687,3,0.3,-0.9481485533890583,True,-1.0022795907451902,0.0,True,0.8549090322129143,True,1.4739627243111317
37.687,4,0.4,-0.9427215510828735,True,-1.0333237682210619,0.0,True,0.9454186528530033,True,1.5128242916404209
37.687,5,0.5,-0.9339120438981309,True,-1.0643679456969337,0.0,True,1.0470315784443178,True,1.5627891639209357
37.687,6,0.6,-0.9217647058426126,True,-1.0954121231728056,0.0,True,1.159747808986858,True,1.6238573411526762
37.687,7,0.7,-0.9061199280418473,True,-1.1264563006486772,0.0,True,1.2835673444806237,True,1.696028823335642
37.687,8,0.8,-0.8866891745472951,True,-1.157500478124549,0.0,True,1.418490184925615,True,1.7793036104698339
37.687,9,0.9,-0.8631125656397525,True,-1.1885446556004209,0.0,True,1.5645163303218317,True,1.8736817025552508
37.753,1,0.1,-0.9457135525523254,True,-0.941641520949777,0.0,True,0.7071997057864138,True,1.3923501488970444
37.753,2,0.2,-0.949201014568751,True,-0.9681130015633644,0.0,True,0.7755027165240531,True,1.4090051063238829
37.753,3,0.3,-0.9449450243969261,True,-0.9945844821769518,0.0,True,0.8549090322129178,True,1.4367633687019465
37.753,4,0.4,-0.9372725889664555,True,-1.0210559627905393,0.0,True,0.9454186528530082,True,1.475624936031236
37.753,5,0.5,-0.9262733499204152,True,-1.0475274434041266,0.0,True,1.047031578444324,True,1.525589808311751
37.753,6,0.6,-0.9118563123688856,True,-1.0739989240177141,0.0,True,1.1597478089868654,True,1.5866579855434915
37.753,7,0.7,-0.8937447050022841,True,-1.1004704046313014,0.0,True,1.2835673444806321,True,1.658829467726457
37.753,8,0.8,-0.8716252701848893,True,-1.126941885244889,0.0,True,1.4184901849256248,True,1.7421042548606485
37.753,9,0.9,-0.8451373838149523,True,-1.1534133658584762,0.0,True,1.5645163303218428,True,1.8364823469460658
37.819,1,0.1,-0.9498203545899988,True,-0.9336462769866305,0.0,True,0.7071997057864133,True,1.4434419326714725
37.819,2,0.2,-0.9467902514568298,True,-0.9506878287438996,0.0,True,0.7755027165240522,True,1.4600968900983111
37.819,3,0.3,-0.9402585662806818,True,-0.9677293805011685,0.0,True,0.8549090322129166,True,1.4878551524763748
37.819,4,0.4,-0.9304003524668559,True,-0.9847709322584375,0.0,True,0.9454186528530065,True,1.526716719805664
37.819,5,0.5,-0.9171467053215603,True,-1.0018124840157066,0.0,True,1.0470315784443218,True,1.576681592086179
37.819,6,0.6,-0.9003277169612859,True,-1.0188540357729754,0.0,True,1.1597478089868627,True,1.637749769317919
37.819,7,0.7,-0.8796300342376588,True,-1.0358955875302445,0.0,True,1.2835673444806293,True,1.709921251500885
37.819,8,0.8,-0.8546322062734639,True,-1.0529371392875135,0.0,True,1.4184901849256213,True,1.793196038635077
37.819,9,0.9,-0.8250959883858984,True,-1.0699786910447824,0.0,True,1.5645163303218388,True,1.8875741307204934
37.885,1,0.1,-0.9482206039800118,True,-0.9396307600124701,0.0,True,0.7071997057864126,True,1.4020748486127146
37.885,2,0.2,-0.9428589870016466,True,-0.9493063631351636,0.0,True,0.7755027165240507,True,1.418729806039553
37.885,3,0.3,-0.9341247425532785,True,-0.958981966257857,0.0,True,0.8549090322129143,True,1.4464880684176167
37.885,4,0.4,-0.9220435757900393,True,-0.9686575693805504,0.0,True,0.9454186528530033,True,1.485349635746906
37.885,5,0.5,-0.9064668792052425,True,-0.9783331725032438,0.0,True,1.0470315784443178,True,1.5353145080274206
37.885,6,0.6,-0.8871204784184581,True,-0.9880087756259373,0.0,True,1.159747808986858,True,1.5963826852591612
37.885,7,0.7,-0.8636230006243539,True,-0.9976843787486307,0.0,True,1.2835673444806237,True,1.6685541674421271
37.885,8,0.8,-0.8356868737524075,True,-1.0073599818713241,0.0,True,1.418490184925615,True,1.7518289545763186
37.885,9,0.9,-0.8028907204451609,True,-1.0170355849940176,0.0,True,1.5645163303218317,True,1.8462070466617355
37.951,1,0.1,-0.9450676087482173,True,-0.9456050901666135,0.0,True,0.707199705786413,True,1.373117889771584
37.951,2,0.2,-0.937459546043236,True,-0.9565067132032476,0.0,True,0.7755027165240516,True,1.3897728471984225
37.951,3,0.3,-0.9265229241108434,True,-0.9674083362398816,0.0,True,0.8549090322129155,True,1.417531109576486
37.951,4,0.4,-0.9121766495417923,True,-0.9783099592765158,0.0,True,0.9454186528530051,True,1.4563926769057756
37.951,5,0.5,-0.8941468078694428,True,-0.9892115823131498,0.0,True,1.04703157844432,True,1.5063575491862906
37.951,6,0.6,-0.8721044009164998,True,-1.0001132053497839,0.0,True,1.1597478089868607,True,1.5674257264180311
37.951,7,0.7,-0.8457154971080768,True,-1.011014828386418,0.0,True,1.2835673444806268,True,1.6395972086009967
37.951,8,0.8,-0.814606621712731,True,-1.0219164514230519,0.0,True,1.4184901849256186,True,1.7228719957351886
37.951,9,0.9,-0.7785289767382697,True,-1.032818074459686,0.0,True,1.5645163303218357,True,1.8172500878206055
38.017,1,0.1,-0.9404199237245726,True,-0.9302866577164361,0.0,True,0.7071997057864133,True,1.3528480185827927
38.017,2,0.2,-0.9306268772433921,True,-0.935056877268668,0.0,True,0.7755027165240522,True,1.3695029760096311
38.017,3,0.3,-0.9174500271915301,True,-0.9398270968208998,0.0,True,0.8549090322129166,True,1.3972612383876948
38.017,4,0.4,-0.9007029530716506,True,-0.9445973163731316,0.0,True,0.9454186528530065,True,1.4361228057169844
38.017,5,0.5,-0.8800860938912186,True,-0.9493675359253635,0.0,True,1.0470315784443218,True,1.486087677997499
38.017,6,0.6,-0.8551752984723345,True,-0.9541377554775953,0.0,True,1.1597478089868627,True,1.5471558552292395
38.017,7,0.7,-0.8257420422525026,True,-0.958907975029827,0.0,True,1.2835673444806293,True,1.6193273374122055
38.017,8,0.8,-0.7913624071854298,True,-0.963678194582059,0.0,True,1.4184901849256213,True,1.702602124546397
38.017,9,0.9,-0.75192137735577,True,-0.9684484141342907,0.0,True,1.5645163303218388,True,1.7969802166318138
38.083,1,0.1,-0.9343374412084254,True,-0.9258075788352995,0.0,True,0.7071997057864126,True,1.338659108750639
38.083,2,0.2,-0.922322445737465,True,-0.9235544785093405,0.0,True,0.7755027165240507,True,1.3553140661774772
38.083,3,0.3,-0.9068138303686377,True,-0.9213013781833814,0.0,True,0.8549090322129143,True,1.3830723285555409
38.083,4,0.4,-0.8875517822896225,True,-0.9190482778574224,0.0,True,0.9454186528530033,True,1.4219338958848302
38.083,5,0.5,-0.8641334356089573,True,-0.9167951775314633,0.0,True,1.0470315784443178,True,1.471898768165345
38.083,6,0.6,-0.8362981123255061,True,-0.9145420772055043,0.0,True,1.159747808986858,True,1.5329669453970856
38.083,7,0.7,-0.8035891661442108,True,-0.9122889768795452,0.0,True,1.2835673444806237,True,1.6051384275800515
38.083,8,0.8,-0.7659215335574743,True,-0.9100358765535862,0.0,True,1.418490184925615,True,1.688413214714243
38.083,9,0.9,-0.7230249908356892,True,-0.9077827762276272,0.0,True,1.5645163303218317,True,1.78279130679966
38.149,1,0.1,-0.9267724983012706,True,-0.9223126775872915,0.0,True,0.7071997057864138,True,1.3287268718681309
38.149,2,0.2,-0.912496986714698,True,-0.9187055809590612,0.0,True,0.7755027165240531,True,1.3453818292949693
38.149,3,0.3,-0.8945489107366015,True,-0.915098484330831,0.0,True,0.8549090322129178,True,1.373140091673033
38.149,4,0.4,-0.8725820292223543,True,-0.9114913877026007,0.0,True,0.9454186528530082,True,1.4120016590023223
38.149,5,0.5,-0.8462936104012034,True,-0.9078842910743705,0.0,True,1.047031578444324,True,1.4619665312828372
38.149,6,0.6,-0.8152727282578128,True,-0.9042771944461402,0.0,True,1.1597478089868654,True,1.5230347085145777
38.149,7,0.7,-0.7792996476006865,True,-0.90067009781791,0.0,True,1.2835673444806321,True,1.5952061906975437
38.149,8,0.8,-0.7381831835816014,True,-0.8970630011896797,0.0,True,1.4184901849256248,True,1.678480977831735
38.149,9,0.9,-0.691911775567023,True,-0.8934559045614494,0.0,True,1.5645163303218428,True,1.772859069917152
38.215,1,0.1,-0.917753349061499,True,-0.8961473860274142,0.0,True,0.7071997057864133,True,1.3217743060503757
38.215,2,0.2,-0.9010781891820141,True,-0.8867465463028196,0.0,True,0.7755027165240522,True,1.338429263477214
38.215,3,0.3,-0.8805336000683786,True,-0.877345706578225,0.0,True,0.8549090322129166,True,1.3661875258552776
38.215,4,0.4,-0.8557183906712071,True,-0.8679448668536304,0.0,True,0.9454186528530065,True,1.405049093184567
38.215,5,0.5,-0.8263788888436645,True,-0.8585440271290358,0.0,True,1.0470315784443218,True,1.4550139654650818
38.215,6,0.6,-0.7920989363934093,True,-0.8491431874044412,0.0,True,1.1597478089868627,True,1.5160821426968223
38.215,7,0.7,-0.7527700721274524,True,-0.8397423476798466,0.0,True,1.2835673444806293,True,1.5882536248797883
38.215,8,0.8,-0.7082119572090319,True,-0.830341507955252,0.0,True,1.4184901849256213,True,1.6715284120139797
38.215,9,0.9,-0.6585033477248411,True,-0.8209406682306574,0.0,True,1.5645163303218388,True,1.7659065040993966
38.281,1,0.1,-0.9071607815320317,True,-0.8909880141889882,0.0,True,0.7071997057864126,True,1.3169075099779466
38.281,2,0.2,-0.8879830861607855,True,-0.8772807700868711,0.0,True,0.7755027165240507,True,1.333562467404785
38.281,3,0.3,-0.8646438705935605,True,-0.8635735259847541,0.0,True,0.8549090322129143,True,1.3613207297828487
38.281,4,0.4,-0.8369015606206717,True,-0.849866281882637,0.0,True,0.9454186528530033,True,1.400182297112138
38.281,5,0.5,-0.8042876118432633,True,-0.8361590377805199,0.0,True,1.0470315784443178,True,1.4501471693926526
38.281,6,0.6,-0.7667325135007189,True,-0.8224517936784028,0.0,True,1.159747808986858,True,1.5112153466243934
38.281,7,0.7,-0.7239329819528473,True,-0.8087445495762858,0.0,True,1.2835673444806237,True,1.5833868288073591
38.281,8,0.8,-0.6759891143934075,True,-0.7950373054741687,0.0,True,1.418490184925615,True,1.6666616159415508
38.281,9,0.9,-0.6229609630673019,True,-0.7813300613720516,0.0,True,1.5645163303218317,True,1.761039708026968
38.347,1,0.1,-0.8949510136037587,True,-0.8671492506703925,0.0,True,0.707199705786413,True,1.3135007527272462
38.347,2,0.2,-0.8730596575282071,True,-0.8486946112853619,0.0,True,0.7755027165240516,True,1.3301557101540848
38.347,3,0.3,-0.8468717236943301,True,-0.8302399719003315,0.0,True,0.8549090322129155,True,1.3579139725321485
38.347,4,0.4,-0.815938834802897,True,-0.8117853325153009,0.0,True,0.9454186528530051,True,1.3967755398614379
38.347,5,0.5,-0.780070318463106,True,-0.7933306931302705,0.0,True,1.04703157844432,True,1.4467404121419527
38.347,6,0.6,-0.7390517630316863,True,-0.7748760537452399,0.0,True,1.1597478089868607,True,1.5078085893736932
38.347,7,0.7,-0.6928985586988,True,-0.7564214143602095,0.0,True,1.2835673444806268,True,1.5799800715566592
38.347,8,0.8,-0.6415394256726639,True,-0.7379667749751789,0.0,True,1.4184901849256186,True,1.6632548586908507
38.347,9,0.9,-0.5852984994229701,True,-0.7195121355901485,0.0,True,1.5645163303218357,True,1.7576329507762676
38.413,1,0.1,-0.8809795689748706,True,-0.8625311528468413,0.0,True,0.7071997057864139,True,1.3111160226517566
38.413,2,0.2,-0.8562614828700796,True,-0.8470996333727592,0.0,True,0.7755027165240532,True,1.3277709800785948
38.413,3,0.3,-0.827006528159384,True,-0.8316681138986771,0.0,True,0.8549090322129181,True,1.3555292424566585
38.413,4,0.4,-0.7928354656013942,True,-0.8162365944245951,0.0,True,0.9454186528530086,True,1.3943908097859479
38.413,5,0.5,-0.7536005834416,True,-0.8008050749505129,0.0,True,1.0470315784443245,True,1.4443556820664627
38.413,6,0.6,-0.7091591540087129,True,-0.7853735554764308,0.0,True,1.159747808986866,True,1.5054238592982032
38.413,7,0.7,-0.6595428427901716,True,-0.7699420360023488,0.0,True,1.2835673444806328,True,1.5775953414811692
38.413,8,0.8,-0.6049589875869466,True,-0.7545105165282666,0.0,True,1.4184901849256255,True,1.6608701286153607
38.413,9,0.9,-0.5455573844611774,True,-0.7390789970541846,0.0,True,1.5645163303218435,True,1.7552482207007776
38.479,1,0.1,-0.8651543055781621,True,-0.847928016025057,0.0,True,0.7071997057864138,True,1.3094467115989132
38.479,2,0.2,-0.8374972186379002,True,-0.8293922926362397,0.0,True,0.7755027165240531,True,1.3261016690257517
38.479,3,0.3,-0.8049860575423158,True,-0.8108565692474226,0.0,True,0.8549090322129178,True,1.3538599314038153
38.479,4,0.4,-0.7675338801230505,True,-0.7923208458586053,0.0,True,0.9454186528530082,True,1.392721498733105
38.479,5,0.5,-0.7248409730700086,True,-0.773785122469788,0.0,True,1.047031578444324,True,1.4426863710136195
38.479,6,0.6,-0.6769953223224917,True,-0.7552493990809708,0.0,True,1.1597478089868654,True,1.50375454824536
38.479,7,0.7,-0.6240754152782861,True,-0.7367136756921535,0.0,True,1.2835673444806321,True,1.575926030428326
38.479,8,0.8,-0.5662666237049849,True,-0.7181779523033363,0.0,True,1.4184901849256248,True,1.6592008175625175
38.479,9,0.9,-0.5040306708872051,True,-0.699642228914519,0.0,True,1.5645163303218428,True,1.7535789096479344
38.545,1,0.1,-0.8474399352625848,True,-0.8315503284160903,0.0,True,0.7071997057864133,True,1.3082781938619232
38.545,2,0.2,-0.8166049413479787,True,-0.813460784892648,0.0,True,0.7755027165240522,True,1.3249331512887617
38.545,3,0.3,-0.7808409893255255,True,-0.7953712413692056,0.0,True,0.8549090322129166,True,1.3526914136668253
38.545,4,0.4,-0.7399203424817744,True,-0.7772816978457633,0.0,True,0.9454186528530065,True,1.391552980996115
38.545,5,0.5,-0.6938632594654275,True,-0.7591921543223209,0.0,True,1.0470315784443218,True,1.4415178532766295
38.545,6,0.6,-0.6426173583613219,True,-0.7411026107988785,0.0,True,1.1597478089868627,True,1.50258603050837
38.545,7,0.7,-0.5864638585026855,True,-0.7230130672754361,0.0,True,1.2835673444806293,True,1.574757512691336
38.545,8,0.8,-0.5256854200534242,True,-0.7049235237519937,0.0,True,1.4184901849256213,True,1.6580322998255275
38.545,9,0.9,-0.46067925089199074,True,-0.6868339802285514,0.0,True,1.5645163303218388,True,1.7524103919109444
38.611,1,0.1,-0.8276341674750991,True,-0.8216101429882683,0.0,True,0.7071997057864126,True,1.30746023144603
38.611,2,0.2,-0.7935719948093737,True,-0.8022474913765697,0.0,True,0.7755027165240507,True,1.3241151888728684
38.611,3,0.3,-0.7544310947557445,True,-0.7828848397648711,0.0,True,0.8549090322129143,True,1.351873451250932
38.611,4,0.4,-0.710106350808394,True,-0.7635221881531725,0.0,True,0.9454186528530033,True,1.3907350185802214
38.611,5,0.5,-0.6605823378555021,True,-0.7441595365414739,0.0,True,1.0470315784443178,True,1.4406998908607362
38.611,6,0.6,-0.6060981300163318,True,-0.7247968849297753,0.0,True,1.159747808986858,True,1.5017680680924768
38.611,7,0.7,-0.5467860968331255,True,-0.7054342333180768,0.0,True,1.2835673444806237,True,1.5739395502754427
38.611,8,0.8,-0.4832295240189698,True,-0.6860715817063782,0.0,True,1.418490184925615,True,1.6572143374096342
38.611,9,0.9,-0.41579049622526854,True,-0.6667089300946796,0.0,True,1.5645163303218317,True,1.7515924294950511
38.677,1,0.1,-0.8056845032413658,True,-0.7918145970203311,0.0,True,0.707199705786413,True,1.306887657754905
38.677,2,0.2,-0.7683256334244635,True,-0.767583919466144,0.0,True,0.7755027165240516,True,1.323542615181743
38.677,3,0.3,-0.7257489641871699,True,-0.7433532419119568,0.0,True,0.8549090322129155,True,1.3513008775598068
38.677,4,0.4,-0.6780015302515795,True,-0.7191225643577697,0.0,True,0.9454186528530051,True,1.3901624448890963
38.677,5,0.5,-0.6251898674892743,True,-0.6948918868035826,0.0,True,1.04703157844432,True,1.4401273171696114
38.677,6,0.6,-0.5674655366297571,True,-0.6706612092493954,0.0,True,1.1597478089868607,True,1.5011954944013515
38.677,7,0.7,-0.5053243521795232,True,-0.6464305316952084,0.0,True,1.2835673444806268,True,1.5733669765843175
38.677,8,0.8,-0.4391155216017389,True,-0.6221998541410212,0.0,True,1.4184901849256186,True,1.656641763718509
38.677,9,0.9,-0.3694917162288339,True,-0.597969176586834,0.0,True,1.5645163303218357,True,1.7510198558039263
38.743,1,0.1,-0.7816116601879423,True,-0.7722202976697443,0.0,True,0.7071997057864133,True,1.3064868561711172
38.743,2,0.2,-0.7407889219318593,True,-0.7454300640411179,0.0,True,0.7755027165240522,True,1.3231418135979556
38.743,3,0.3,-0.6948279602320548,True,-0.7186398304124915,0.0,True,0.8549090322129166,True,1.3509000759760195
38.743,4,0.4,-0.6436952910499838,True,-0.6918495967838652,0.0,True,0.9454186528530065,True,1.3897616433053086
38.743,5,0.5,-0.5876292175824049,True,-0.6650593631552387,0.0,True,1.0470315784443218,True,1.4397265155858232
38.743,6,0.6,-0.5269491338622257,True,-0.6382691295266123,0.0,True,1.1597478089868627,True,1.500794692817564
38.743,7,0.7,-0.46201776467406,True,-0.6114788958979859,0.0,True,1.2835673444806293,True,1.5729661750005297
38.743,8,0.8,-0.39350012855423266,True,-0.5846886622693594,0.0,True,1.4184901849256213,True,1.6562409621347212
38.743,9,0.9,-0.3219811981985103,True,-0.557898428640733,0.0,True,1.5645163303218388,True,1.7506190542201385
38.809,1,0.1,-0.7552616060698862,True,-0.7469864874733441,0.0,True,0.7071997057864126,True,1.306206295062466
38.809,2,0.2,-0.711044395667496,True,-0.7158413140716758,0.0,True,0.7755027165240507,True,1.3228612524893044
38.809,3,0.3,-0.6616218329208327,True,-0.6846961406700076,0.0,True,0.8549090322129143,True,1.3506195148673679
38.809,4,0.4,-0.6072297645668692,True,-0.6535509672683394,0.0,True,0.9454186528530033,True,1.3894810821966574
38.809,5,0.5,-0.5480148092050782,True,-0.6224057938666712,0.0,True,1.0470315784443178,True,1.4394459544771723
38.809,6,0.6,-0.4845403086483828,True,-0.591260620465003,0.0,True,1.159747808986858,True,1.500514131708913
38.809,7,0.7,-0.4171650318955083,True,-0.5601154470633348,0.0,True,1.2835673444806237,True,1.5726856138918786
38.809,8,0.8,-0.3466603722297774,True,-0.5289702736616666,0.0,True,1.418490184925615,True,1.6559604010260702
38.809,9,0.9,-0.2734140326977497,True,-0.4978251002599984,0.0,True,1.5645163303218317,True,1.7503384931114874
38.875,1,0.1,-0.7266569553043281,True,-0.7248604092588843,0.0,True,0.7071997057864138,True,1.30600990228641
38.875,2,0.2,-0.6790077381806636,True,-0.6941902565119821,0.0,True,0.7755027165240531,True,1.3226648597132482
38.875,3,0.3,-0.6262844771088775,True,-0.6635201037650799,0.0,True,0.8549090322129178,True,1.350423122091312
38.875,4,0.4,-0.5686644495545335,True,-0.6328499510181775,0.0,True,0.9454186528530082,True,1.3892846894206015
38.875,5,0.5,-0.5066106646220491,True,-0.6021797982712753,0.0,True,1.047031578444324,True,1.4392495617011163
38.875,6,0.6,-0.44048124484198664,True,-0.5715096455243731,0.0,True,1.1597478089868654,True,1.500317738932857
38.875,7,0.7,-0.37091139985842014,True,-0.5408394927774709,0.0,True,1.2835673444806321,True,1.5724892211158226
38.875,8,0.8,-0.29856155720112787,True,-0.5101693400305687,0.0,True,1.4184901849256248,True,1.6557640082500142
38.875,9,0.9,-0.22395638929951414,True,-0.4794991872836664,0.0,True,1.5645163303218428,True,1.7501421003354314
38.941,1,0.1,-0.6957926609986786,True,-0.6904423509354074,0.0,True,0.7071997057864133,True,1.3058724273431708
38.941,2,0.2,-0.6447732237386419,True,-0.6541605134397704,0.0,True,0.7755027165240522,True,1.3225273847700092
38.941,3,0.3,-0.5887945766621244,True,-0.6178786759441335,0.0,True,0.8549090322129166,True,1.3502856471480729
38.941,4,0.4,-0.5282128476710317,True,-0.5815968384484965,0.0,True,0.9454186528530065,True,1.3891472144773624
38.941,5,0.5,-0.46335627845613403,True,-0.5453150009528596,0.0,True,1.0470315784443218,True,1.439112086757877
38.941,6,0.6,-0.3949021096903564,True,-0.5090331634572226,0.0,True,1.1597478089868627,True,1.5001802639896176
38.941,7,0.7,-0.3234393304861074,True,-0.47275132596158564,0.0,True,1.2835673444806293,True,1.5723517461725836
38.941,8,0.8,-0.24953570482410903,True,-0.4364694884659487,0.0,True,1.4184901849256213,True,1.655626533306775
38.941,9,0.9,-0.1738636562623981,True,-0.4001876509703117,0.0,True,1.5645163303218388,True,1.750004625392192
39.007,1,0.1,-0.6626613279861595,True,-0.6355889433957319,0.0,True,0.7071997057864126,True,1.3057761948829034
39.007,2,0.2,-0.6083613991174024,True,-0.5880436802694216,0.0,True,0.7755027165240507,True,1.3224311523097418
39.007,3,0.3,-0.5492435215770307,True,-0.5404984171431111,0.0,True,0.8549090322129143,True,1.3501894146878055
39.007,4,0.4,-0.48585109327780057,True,-0.4929531540168006,0.0,True,0.9454186528530033,True,1.3890509820170949
39.007,5,0.5,-0.4185431198685376,True,-0.44540789089049015,0.0,True,1.0470315784443178,True,1.4390158542976095
39.007,6,0.6,-0.3481048243339387,True,-0.39786262776417974,0.0,True,1.159747808986858,True,1.50008403152935
39.007,7,0.7,-0.2749021498715119,True,-0.35031736463786933,0.0,True,1.2835673444806237,True,1.572255513712316
39.007,8,0.8,-0.19974206398613573,True,-0.30277210151155887,0.0,True,1.418490184925615,True,1.6555303008465077
39.007,9,0.9,-0.12326607257096665,True,-0.2552268383852484,0.0,True,1.5645163303218317,True,1.7499083929319246
39.073,1,0.1,-0.62738169108254,True,-0.6015176194034985,0.0,True,0.707199705786413,True,1.3057088321607164
39.073,2,0.2,-0.5698633624793057,True,-0.5488479517247622,0.0,True,0.7755027165240516,True,1.3223637895875546
39.073,3,0.3,-0.5078896082147778,True,-0.49617828404602604,0.0,True,0.8549090322129155,True,1.3501220519656183
39.073,4,0.4,-0.4418225785645683,True,-0.4435086163672899,0.0,True,0.9454186528530051,True,1.3889836192949077
39.073,5,0.5,-0.37233108348801136,True,-0.3908389486885537,0.0,True,1.04703157844432,True,1.4389484915754225
39.073,6,0.6,-0.30003682889806627,True,-0.3381692810098175,0.0,True,1.1597478089868607,True,1.500016668807163
39.073,7,0.7,-0.2254627474463294,True,-0.2854996133310813,0.0,True,1.2835673444806268,True,1.572188150990129
39.073,8,0.8,-0.14939821354797225,True,-0.2328299456523451,0.0,True,1.4184901849256186,True,1.6554629381243204
39.073,9,0.9,-0.07233271365004618,True,-0.1801602779736089,0.0,True,1.5645163303218357,True,1.7498410302097374
39.139,1,0.1,-0.5899599357418397,True,-0.5735878441311407,0.0,True,0.7071997057864133,True,1.305661678255185
39.139,2,0.2,-0.5294674583774632,True,-0.5227174324291077,0.0,True,0.7755027165240522,True,1.3223166356820235
39.139,3,0.3,-0.4646947922382081,True,-0.47184702072707485,0.0,True,0.8549090322129166,True,1.350074898060087
39.139,4,0.4,-0.3963040908264851,True,-0.42097660902504197,0.0,True,0.9454186528530065,True,1.3889364653893765
39.139,5,0.5,-0.3248974627737097,True,-0.37010619732300903,0.0,True,1.0470315784443218,True,1.4389013376698914
39.139,6,0.6,-0.2510307602572961,True,-0.31923578562097615,0.0,True,1.1597478089868627,True,1.4999695149016317
39.139,7,0.7,-0.17538626047856673,True,-0.2683653739189432,0.0,True,1.2835673444806293,True,1.5721409970845976
39.139,8,0.8,-0.09858268058048164,True,-0.21749496221691028,0.0,True,1.4184901849256213,True,1.6554157842187893
39.139,9,0.9,-0.021447180979305144,True,-0.16662455051487735,0.0,True,1.5645163303218388,True,1.7497938763042065
39.205,1,0.1,-0.5504722339489789,True,-0.5359041787967044,0.0,True,0.7071997057864126,True,1.3056286705213136
39.205,2,0.2,-0.48716187790721366,True,-0.4867980210440927,0.0,True,0.7755027165240507,True,1.322283627948152
39.205,3,0.3,-0.4199212078415669,True,-0.437691863291481,0.0,True,0.8549090322129143,True,1.3500418903262157
39.205,4,0.4,-0.34954927643810507,True,-0.3885857055388693,0.0,True,0.9454186528530033,True,1.388903457655505
39.205,5,0.5,-0.2763902670452794,True,-0.33947954778625755,0.0,True,1.0470315784443178,True,1.4388683299360199
39.205,6,0.6,-0.20126049156892234,True,-0.2903733900336459,0.0,True,1.159747808986858,True,1.4999365071677604
39.205,7,0.7,-0.12480336115170867,True,-0.24126723228103414,0.0,True,1.2835673444806237,True,1.5721079893507262
39.205,8,0.8,-0.04770937759564173,True,-0.1921610745284224,0.0,True,1.418490184925615,True,1.6553827764849178
39.205,9,0.9,0.029416966451305662,True,-0.14305491677581067,0.0,True,1.5645163303218317,True,1.7497608685703347
39.271,1,0.1,-0.509168551807502,True,-0.49852233401248713,0.0,True,0.7071997057864138,True,1.3056055651076033
39.271,2,0.2,-0.44316391228714525,True,-0.44576787791945577,0.0,True,0.7755027165240531,True,1.3222605225344417
39.271,3,0.3,-0.3737507671176026,True,-0.3930134218264244,0.0,True,0.8549090322129178,True,1.3500187849125054
39.271,4,0.4,-0.30150814293660083,True,-0.340258965733393,0.0,True,0.9454186528530082,True,1.3888803522417947
39.271,5,0.5,-0.22696910559315003,True,-0.2875045096403616,0.0,True,1.047031578444324,True,1.4388452245223096
39.271,6,0.6,-0.1509327632562092,True,-0.23475005354733025,0.0,True,1.1597478089868654,True,1.49991340175405
39.271,7,0.7,-0.07387839320909355,True,-0.18199559745429889,0.0,True,1.2835673444806321,True,1.5720848839370158
39.271,8,0.8,0.0032503382000426077,True,-0.1292411413612674,0.0,True,1.4184901849256248,True,1.6553596710712075
39.271,9,0.9,0.08011045695567469,True,-0.07648668526823604,0.0,True,1.5645163303218428,True,1.7497377631566244
39.337,1,0.1,-0.46603330602027737,True,-0.45161924941423004,0.0,True,0.7071997057864133,True,1.305589391318006
39.337,2,0.2,-0.3977060719626089,True,-0.39409314882041485,0.0,True,0.7755027165240522,True,1.3222443487448445
39.337,3,0.3,-0.326355595061312,True,-0.33656704822659966,0.0,True,0.8549090322129166,True,1.3500026111229082
39.337,4,0.4,-0.25252581569048843,True,-0.2790409476327844,0.0,True,0.9454186528530065,True,1.3888641784521976
39.337,5,0.5,-0.17690886469474076,True,-0.22151484703896923,0.0,True,1.0470315784443218,True,1.4388290507327124
39.337,6,0.6,-0.10012702816534602,True,-0.16398874644515404,0.0,True,1.1597478089868627,True,1.499897227964453
39.337,7,0.7,-0.022993036020023526,True,-0.10646264585133886,0.0,True,1.2835673444806293,True,1.572068710147419
39.337,8,0.8,0.05401261035239725,True,-0.048936545257523556,0.0,True,1.4184901849256213,True,1.6553434972816103
39.337,9,0.9,0.13044343338230197,True,0.008589555336291577,0.0,True,1.5645163303218388,True,1.7497215893670273
39.403,1,0.1,-0.4212992958145913,True,-0.4067662880678664,0.0,True,0.7071997057864126,True,1.305578069665288
39.403,2,0.2,-0.3509937285422663,True,-0.34667633124059355,0.0,True,0.7755027165240507,True,1.3222330270921265
39.403,3,0.3,-0.27787081557993804,True,-0.2865863744133207,0.0,True,0.8549090322129143,True,1.3499912894701902
39.403,4,0.4,-0.20277891915171434,True,-0.22649641758604777,0.0,True,0.9454186528530033,True,1.3888528567994796
39.403,5,0.5,-0.1263416736860954,True,-0.1664064607587749,0.0,True,1.0470315784443178,True,1.4388177290799944
39.403,6,0.6,-0.049255140300001214,True,-0.10631650393150205,0.0,True,1.159747808986858,True,1.499885906311735
39.403,7,0.7,0.027881522323235593,True,-0.04622654710422919,0.0,True,1.2835673444806237,True,1.572057388494701
39.403,8,0.8,0.10455996395501212,True,0.013863409723043785,0.0,True,1.418490184925615,True,1.6553321756288923
39.403,9,0.9,0.18021383084554157,True,0.07395336655031659,0.0,True,1.5645163303218317,True,1.7497102677143093
39.469,1,0.1,-0.3751704507471888,True,-0.3573588518603905,0.0,True,0.707199705786413,True,1.3055701445083856
39.469,2,0.2,-0.30297549931672096,True,-0.29235438104286005,0.0,True,0.7755027165240516,True,1.322225101935224
39.469,3,0.3,-0.22847546373997066,True,-0.22734991022532966,0.0,True,0.8549090322129155,True,1.3499833643132877
39.469,4,0.4,-0.1524673129644516,True,-0.16234543940779916,0.0,True,0.9454186528530051,True,1.388844931642577
39.469,5,0.5,-0.0754240727681464,True,-0.09734096859026875,0.0,True,1.04703157844432,True,1.4388098039230919
39.469,6,0.6,0.0017059654502265403,True,-0.03233649777273834,0.0,True,1.1597478089868607,True,1.4998779811548324
39.469,7,0.7,0.07858527810302593,True,0.03266797304479213,0.0,True,1.2835673444806268,True,1.5720494633377982
39.469,8,0.8,0.15464025081990157,True,0.09767244386232266,0.0,True,1.4184901849256186,True,1.6553242504719898
39.469,9,0.9,0.22929744758796036,True,0.162676914679853,0.0,True,1.5645163303218357,True,1.7497023425574068
39.535,1,0.1,-0.3278137273489143,True,-0.3138679893281045,0.0,True,0.7071997057864139,True,1.3055645968985536
39.535,2,0.2,-0.2540208711236808,True,-0.24820913471799488,0.0,True,0.7755027165240532,True,1.322219554325392
39.535,3,0.3,-0.17843146891092024,True,-0.18255028010788527,0.0,True,0.8549090322129181,True,1.3499778167034557
39.535,4,0.4,-0.10167137575022138,True,-0.11689142549777565,0.0,True,0.9454186528530086,True,1.388839384032745
39.535,5,0.5,-0.024538891060752892,True,-0.05123257088766603,0.0,True,1.0470315784443245,True,1.43880425631326
39.535,6,0.6,0.05247560242453814,True,0.01442628372244359,0.0,True,1.159747808986866,True,1.4998724335450004
39.535,7,0.7,0.12892530656853643,True,0.08008513833255315,0.0,True,1.2835673444806328,True,1.5720439157279662
39.535,8,0.8,0.20407566575078762,True,0.14574399294266283,0.0,True,1.4184901849256255,True,1.6553187028621579
39.535,9,0.9,0.2776496619109091,True,0.2114028475527725,0.0,True,1.5645163303218435,True,1.7496967949475748
39.601,1,0.1,-0.2793513641145914,True,-0.26087638073286246,0.0,True,0.7071997057864138,True,1.3055607135716714
39.601,2,0.2,-0.20429734673450095,True,-0.19204553998009785,0.0,True,0.7755027165240531,True,1.3222156709985098
39.601,3,0.3,-0.1278810101741213,True,-0.12321469922733327,0.0,True,0.8549090322129178,True,1.3499739333765735
39.601,4,0.4,-0.050800903004366196,True,-0.05438385847456867,0.0,True,0.9454186528530082,True,1.3888355007058628
39.601,5,0.5,0.026346078195160064,True,0.014446982278195908,0.0,True,1.047031578444324,True,1.4388003729863776
39.601,6,0.6,0.10303272156727389,True,0.08327782303096048,0.0,True,1.1597478089868654,True,1.4998685502181182
39.601,7,0.7,0.1787138981608463,True,0.15210866378372506,0.0,True,1.2835673444806321,True,1.572040032401084
39.601,8,0.8,0.25285608128891496,True,0.2209395045364897,0.0,True,1.4184901849256248,True,1.6553148195352756
39.601,9,0.9,0.32501601452596035,True,0.28977034528925427,0.0,True,1.5645163303218428,True,1.7496929116206925
39.667,1,0.1,-0.22998182188678595,True,-0.21327192665158226,0.0,True,0.7071997057864133,True,1.3055579952428538
39.667,2,0.2,-0.15398925589367804,True,-0.14274132138787382,0.0,True,0.7755027165240522,True,1.3222129526696922
39.667,3,0.3,-0.07696975232719927,True,-0.07221071612416541,0.0,True,0.8549090322129166,True,1.3499712150477559
39.667,4,0.4,0.00016159270040498608,True,-0.0016801108604569404,0.0,True,0.9454186528530065,True,1.3888327823770452
39.667,5,0.5,0.07705670706217069,True,0.06885049440325147,0.0,True,1.0470315784443218,True,1.43879765465756
39.667,6,0.6,0.15312912906242748,True,0.13938109966695988,0.0,True,1.1597478089868627,True,1.4998658318893006
39.667,7,0.7,0.22782181792114367,True,0.2099117049306683,0.0,True,1.2835673444806293,True,1.5720373140722663
39.667,8,0.8,0.3007140358830915,True,0.2804423101943768,0.0,True,1.4184901849256213,True,1.655312101206458
39.667,9,0.9,0.3713692673166163,True,0.3509729154580852,0.0,True,1.5645163303218388,True,1.7496901932918747
39.733,1,0.1,-0.17995407312708886,True,-0.15077540724614247,0.0,True,0.7071997057864126,True,1.3055560924126814
39.733,2,0.2,-0.10321572333508576,True,-0.07450884478296038,0.0,True,0.7755027165240507,True,1.3222110498395199
39.733,3,0.3,-0.026082881095055823,True,0.0017577176802216488,0.0,True,0.8549090322129143,True,1.3499693122175835
39.733,4,0.4,0.050940440549452515,True,0.07802428014340379,0.0,True,0.9454186528530033,True,1.388830879546873
39.733,5,0.5,0.1274071797547709,True,0.15429084260658582,0.0,True,1.0470315784443178,True,1.4387957518273877
39.733,6,0.6,0.20258582102298878,True,0.23055740506976785,0.0,True,1.159747808986858,True,1.4998639290591282
39.733,7,0.7,0.27619413812474636,True,0.30682396753294994,0.0,True,1.2835673444806237,True,1.5720354112420942
39.733,8,0.8,0.34760373332022343,True,0.38309052999613213,0.0,True,1.418490184925615,True,1.6553101983762857
39.733,9,0.9,0.41662000127161836,True,0.4593570924593141,0.0,True,1.5645163303218317,True,1.7496882904617026
39.799,1,0.1,-0.12942034666214175,True,-0.11975878773123348,0.0,True,0.707199705786413,True,1.305554760431561
39.799,2,0.2,-0.05234122732691692,True,-0.04823734361986384,0.0,True,0.7755027165240516,True,1.3222097178583994
39.799,3,0.3,0.024810634067084537,True,0.023284100491505783,0.0,True,0.8549090322129155,True,1.349967980236463
39.799,4,0.4,0.10150547917953025,True,0.09480554460287544,0.0,True,0.9454186528530051,True,1.3888295475657524
39.799,5,0.5,0.17721154081295146,True,0.16632698871424506,0.0,True,1.04703157844432,True,1.4387944198462672
39.799,6,0.6,0.25139974123219694,True,0.2378484328256147,0.0,True,1.1597478089868607,True,1.4998625970780077
39.799,7,0.7,0.32359551194603875,True,0.30936987693698426,0.0,True,1.2835673444806268,True,1.5720340792609737
39.799,8,0.8,0.39343476699306473,True,0.380891321048354,0.0,True,1.4184901849256186,True,1.6553088663951652
39.799,9,0.9,0.4606996519296189,True,0.4524127651597236,0.0,True,1.5645163303218357,True,1.749686958480582
39.865,1,0.1,-0.07851543188624663,True,-0.06752900558938903,0.0,True,0.7071997057864133,True,1.3055538280447765
39.865,2,0.2,-0.0013827800494110812,True,0.0037816524152383957,0.0,True,0.7755027165240522,True,1.322208785471615
39.865,3,0.3,0.07552107691032232,True,0.07509231041986578,0.0,True,0.8549090322129166,True,1.3499670478496786
39.865,4,0.4,0.15161800730494804,True,0.14640296842449324,0.0,True,0.9454186528530065,True,1.388828615178968
39.865,5,0.5,0.22634618825432176,True,0.21771362642912062,0.0,True,1.0470315784443218,True,1.4387934874594828
39.865,6,0.6,0.2992748764871455,True,0.289024284433748,0.0,True,1.1597478089868627,True,1.4998616646912233
39.865,7,0.7,0.36997490557668716,True,0.36033494243837544,0.0,True,1.2835673444806293,True,1.572033146874189
39.865,8,0.8,0.43815158172271473,True,0.43164560044300293,0.0,True,1.4184901849256213,True,1.6553079340083805
39.865,9,0.9,0.5034419489734753,True,0.5029562584476303,0.0,True,1.5645163303218388,True,1.7496860260937976
39.931,1,0.1,-0.02762687112935327,True,-0.020219020134228716,0.0,True,0.7071997057864126,True,1.3055531753740273
39.931,2,0.2,0.049407124727145826,True,0.04987571080054953,0.0,True,0.7755027165240507,True,1.3222081328008657
39.931,3,0.3,0.12588905294100539,True,0.11997044173532778,0.0,True,0.8549090322129143,True,1.3499663951789294
39.931,4,0.4,0.20109597629518464,True,0.19006517267010603,0.0,True,0.9454186528530033,True,1.3888279625082187
39.931,5,0.5,0.2747386143385784,True,0.2601599036048843,0.0,True,1.0470315784443178,True,1.4387928347887335
39.931,6,0.6,0.34619401275514433,True,0.33025463453966253,0.0,True,1.159747808986858,True,1.499861012020474
39.931,7,0.7,0.4152697668967385,True,0.4003493654744407,0.0,True,1.2835673444806237,True,1.57203249420344
39.931,8,0.8,0.4815893266251381,True,0.470444096409219,0.0,True,1.418490184925615,True,1.6553072813376315
39.931,9,0.9,0.5446983276105135,True,0.5405388273439973,0.0,True,1.5645163303218317,True,1.7496853734230484
