rollout,joint_safe,truth_body_gap_m,native_static_collision,first_scan_hit_step,scan_near_count,scan_overlap_fraction,scan_hard_score,fixed_overlap_score,native_standard_score,hard_probability,graded_probability
0,0,0.0,1,1,0,0.8232819482541421,1666.6666,3.7047687,503.36465,0.0,0.0
1,0,0.0,1,1,0,0.8188525169901526,1666.6666,3.6848364,502.56964,0.0,0.0
2,0,0.0,1,1,0,0.8161164344129932,1666.6666,3.672524,503.1833,0.0,0.0
3,0,0.0,1,1,0,0.8193846139477432,1666.6666,3.6872308,502.71564,0.0,0.0
4,0,0.0,0,1,0,0.8306986445247015,1666.6666,3.738144,2.0905056,0.00082408835,0.0007251003
5,0,0.0,0,1,0,0.8193467730253361,1666.6666,3.6870606,1.8221846,0.0015024665,0.0015677355
6,0,0.0,0,1,0,0.8265330396019839,1666.6666,3.7193987,1.7917583,0.0018693934,0.001751214
7,0,0.0,1,1,0,0.8249580888478948,1666.6666,3.7123115,503.50027,0.0,0.0
8,0,0.0,1,1,0,0.830158767757564,1666.6666,3.7357144,502.55014,0.0,0.0
9,0,0.0,0,1,0,0.8183501968317753,1666.6666,3.682576,1.3191148,0.017255094,0.018270358
10,0,0.0,1,1,0,0.8211769312946389,1666.6666,3.6952963,502.03125,0.0,0.0
11,0,0.0,0,1,0,0.8182433490899078,1666.6666,3.682095,1.6945245,0.01210102,0.012833899
12,0,0.0,0,1,0,0.8207667835078545,1666.6666,3.6934505,3.8747215,6.8137906e-06,6.958107e-06
13,0,0.0,0,1,0,0.8219653857320588,1666.6666,3.6988442,3.859153,6.5768e-06,6.5969202e-06
14,0,0.0,1,1,0,0.8232081511268109,1666.6666,3.7044368,502.19342,0.0,0.0
15,0,0.0,0,1,0,0.8274283177587531,1666.6666,3.7234275,1.5734131,0.016259868,0.015028786
16,0,0.0,1,1,0,0.8260127253640973,1666.6666,3.7170572,502.6067,0.0,0.0
17,0,0.0,1,1,0,0.8329066273149007,1666.6666,3.7480798,502.78976,0.0,0.0
18,0,0.0,1,1,0,0.8181975253754494,1666.6666,3.6818888,503.7996,0.0,0.0
19,0,0.0,1,1,0,0.8234778827992009,1666.6666,3.7056506,502.54297,0.0,0.0
20,0,0.0,1,1,0,0.8201998827789517,1666.6666,3.6908994,502.13474,0.0,0.0
21,0,0.0,1,1,0,0.8214677561394366,1666.6666,3.696605,502.76868,0.0,0.0
22,0,0.0,0,1,0,0.8237684460960817,1666.6666,3.706958,1.7643749,0.0068960767,0.0067338827
23,0,0.0,0,1,0,0.8196387438369456,1666.6666,3.6883743,2.6174088,0.00039216515,0.00040737382
24,0,0.0,0,1,0,0.8195747723367713,1666.6666,3.6880865,2.6756864,0.0003284138,0.00034142775
25,0,0.0,1,1,0,0.8344544482574133,1666.6666,3.755045,503.72296,0.0,0.0
26,0,0.0,1,1,0,0.8260477436318534,1666.6666,3.7172148,503.22214,0.0,0.0
27,0,0.0,1,1,0,0.8182736483377381,1666.6666,3.6822314,503.47736,0.0,0.0
28,0,0.0,1,1,0,0.8243467228440896,1666.6666,3.7095602,502.9916,0.0,0.0
29,0,0.0,0,1,0,0.8187314674328707,1666.6666,3.6842916,2.6538234,0.0006135577,0.0006459682
30,0,0.0,0,1,0,0.8278908840391005,1666.6666,3.725509,3.4572046,2.0550217e-05,1.8863373e-05
31,0,0.0,0,1,0,0.8260375663045648,1666.6666,3.717169,3.0861843,0.00025990236,0.00024526165
32,0,0.0,0,1,0,0.8165783982623215,1666.6666,3.6746027,2.3384678,0.0010282686,0.0011184057
33,0,0.0,0,1,0,0.8270477046405265,1666.6666,3.7217147,1.4550244,0.0062978836,0.0058543077
34,0,0.0,1,1,0,0.8329075628400765,1666.6666,3.748084,503.4386,0.0,0.0
35,0,0.0,0,1,0,0.8127120861679088,1666.6666,3.6572044,0.768236,0.058202464,0.06706992
36,0,0.0,0,1,0,0.8161495500582403,1666.6666,3.672673,2.0008862,0.0031227574,0.00341729
37,0,0.0,1,1,0,0.8276729877195869,1666.6666,3.7245286,502.21423,0.0,0.0
38,0,0.0,1,1,0,0.8281171613596539,1666.6666,3.7265272,502.6477,0.0,0.0
39,0,0.0,1,1,0,0.8255164972714579,1666.6666,3.7148242,503.82748,0.0,0.0
40,0,0.0,1,1,0,0.8187008305171409,1666.6666,3.6841538,502.91934,0.0,0.0
41,0,0.0,1,1,0,0.8268178260283081,1666.6666,3.7206802,502.8576,0.0,0.0
42,0,0.0,1,1,0,0.8308644723662123,1666.6666,3.7388902,502.63602,0.0,0.0
43,0,0.0,1,1,0,0.8224425203597402,1666.6666,3.7009914,502.5355,0.0,0.0
44,0,0.0,1,1,0,0.8215495270469292,1666.6666,3.6969728,502.3472,0.0,0.0
45,0,0.0,0,1,0,0.8228530539847435,1666.6666,3.7028387,2.6035197,0.00096424087,0.0009542905
46,0,0.0,0,1,0,0.8180726299634631,1666.6666,3.6813269,1.6772078,0.013105637,0.013939002
47,0,0.0,0,1,0,0.8171146934943172,1666.6666,3.677016,2.1228738,0.0016572695,0.0017879348
48,0,0.0,0,1,0,0.8290134665928566,1666.6666,3.7305605,2.2957182,0.0007718317,0.00069647137
49,0,0.0,1,1,0,0.8251713086587086,1666.6666,3.713271,504.93616,0.0,0.0
50,0,0.0,1,1,0,0.827899406103968,1666.6666,3.7255473,503.57608,0.0,0.0
51,0,0.0,0,1,0,0.8211446206023829,1666.6666,3.6951509,1.6328697,0.0064220983,0.006520862
52,0,0.0,1,1,0,0.8207083913407058,1666.6666,3.6931877,502.94424,0.0,0.0
53,0,0.0,0,1,0,0.8239180366879428,1666.6666,3.707631,3.1434474,4.114263e-05,4.0077e-05
54,0,0.0,1,1,0,0.8205181317873774,1666.6666,3.6923316,504.74554,0.0,0.0
55,0,0.0,0,1,0,0.8310368041519671,1666.6666,3.7396655,3.157593,4.616388e-05,4.0420924e-05
56,0,0.0,1,1,0,0.8308418310428861,1666.6666,3.7387881,501.52417,0.0,0.0
57,0,0.0,0,1,0,0.8278251530701994,1666.6666,3.7252133,1.3345543,0.037780717,0.034707747
58,0,0.0,1,1,0,0.8258600110120776,1666.6666,3.71637,502.06445,0.0,0.0
59,0,0.0,0,1,0,0.8279413332850999,1666.6666,3.725736,1.8967515,0.0029093088,0.0026683277
60,0,0.0,1,1,0,0.8197771605956624,1666.6666,3.6889973,501.78314,0.0,0.0
61,0,0.0,0,1,0,0.8176671323055237,1666.6666,3.679502,1.991663,0.0037978524,0.0040640803
62,0,0.0,0,1,0,0.8173446892130459,1666.6666,3.678051,2.0883493,0.0041653584,0.004477344
63,0,0.0,0,1,0,0.8236455482698074,1666.6666,3.706405,1.5616201,0.011794755,0.011536107
64,0,0.0,0,1,0,0.8207509068142963,1666.6666,3.6933792,2.408362,0.0010494033,0.0010720652
65,0,0.0,1,1,0,0.8261216166455172,1666.6666,3.7175472,502.52283,0.0,0.0
66,0,0.0,0,1,0,0.826005305782221,1666.6666,3.7170238,2.7604961,0.0005874175,0.00055455306
67,0,0.0,0,1,0,0.8286400577651563,1666.6666,3.7288802,3.4056544,1.0235376e-05,9.288778e-06
68,0,0.0,0,1,0,0.8298783497551402,1666.6666,3.7344525,1.0895221,0.01423414,0.012678186
69,0,0.0,1,1,0,0.831035967903793,1666.6666,3.739662,501.50275,0.0,0.0
70,0,0.0,0,1,0,0.824326939075221,1666.6666,3.7094712,1.7892883,0.009861306,0.009547439
71,0,0.0,1,1,0,0.8300649252941852,1666.6666,3.7352922,503.51538,0.0,0.0
72,0,0.0,0,1,0,0.8307184286477123,1666.6666,3.7382329,1.6669755,0.0068736635,0.006045553
73,0,0.0,0,1,0,0.817908796423175,1666.6666,3.6805897,2.3399768,0.0019894731,0.0021211528
74,0,0.0,0,1,0,0.8125219077802317,1666.6666,3.6563485,4.265933,5.9989793e-06,6.9326725e-06
75,0,0.0,1,1,0,0.8279634239019988,1666.6666,3.7258353,502.76364,0.0,0.0
76,0,0.0,0,1,0,0.8231986792409691,1666.6666,3.704394,4.5437913,4.6534777e-07,4.583023e-07
77,0,0.0,1,1,0,0.8244030377304324,1666.6666,3.7098136,502.80377,0.0,0.0
78,0,0.0,0,1,0,0.8281518457204887,1666.6666,3.7266834,1.1990033,0.028416447,0.025977984
79,0,0.0,0,1,0,0.8268382434177972,1666.6666,3.720772,3.801061,7.2249645e-06,6.7352494e-06
80,0,0.0,0,1,0,0.8273262045818277,1666.6666,3.7229679,2.176432,0.002217793,0.0020523812
81,0,0.0,0,1,0,0.8313675223681132,1666.6666,3.741154,1.4043807,0.023081739,0.020103656
82,0,0.0,0,1,0,0.8172035372550551,1666.6666,3.6774158,1.8859444,0.0041806404,0.004504755
83,0,0.0,1,1,0,0.8289648762508157,1666.6666,3.730342,503.64938,0.0,0.0
84,0,0.0,0,1,0,0.8236096213719182,1666.6666,3.7062433,3.0307748,6.2638086e-05,6.128943e-05
85,0,0.0,0,1,0,0.8286168331193308,1666.6666,3.7287757,1.7814832,0.004650954,0.0042225374
86,0,0.0,1,1,0,0.8201540042419602,1666.6666,3.690693,502.7736,0.0,0.0
87,0,0.0,1,1,0,0.8294526291126074,1666.6666,3.7325368,502.39575,0.0,0.0
88,0,0.0,0,1,0,0.8263429612213575,1666.6666,3.7185433,3.5184977,1.6402744e-05,1.5409614e-05
89,0,0.0,1,1,0,0.8199086406510941,1666.6666,3.6895888,506.24896,0.0,0.0
90,0,0.0,0,1,0,0.8253601917270754,1666.6666,3.7141209,1.4668765,0.003858601,0.0036784695
91,0,0.0,0,1,0,0.8180603703305853,1666.6666,3.6812716,1.7784334,0.006372639,0.0067778644
92,0,0.0,0,1,0,0.8315758710164659,1666.6666,3.7420914,3.652779,5.892929e-05,5.1180057e-05
93,0,0.0,0,1,0,0.8154001762701046,1666.6666,3.6693008,0.93477875,0.062396415,0.069063924
94,0,0.0,0,1,0,0.8236301958809175,1666.6666,3.7063358,3.5921152,7.3286005e-06,7.170804e-06
95,0,0.0,1,1,0,0.8310221617633381,1666.6666,3.7395997,503.12045,0.0,0.0
96,0,0.0,0,1,0,0.8249987850172072,1666.6666,3.7124946,1.5951766,0.012742797,0.012212352
97,0,0.0,1,1,0,0.8106183764051793,1666.6666,3.6477828,502.12988,0.0,0.0
98,0,0.0,0,1,0,0.8265843941026703,1666.6666,3.7196298,2.416874,0.0013477894,0.0012615576
99,0,0.0,0,1,0,0.8194431831072292,1666.6666,3.6874943,3.150618,6.6309934e-05,6.9077985e-05
100,0,0.0,0,1,0,0.8211979686104544,1666.6666,3.695391,2.5935793,0.00044615695,0.0004526497
101,0,0.0,1,1,0,0.8298817879556122,1666.6666,3.734468,501.99817,0.0,0.0
102,0,0.0,1,1,0,0.8260340938846008,1666.6666,3.7171533,502.1433,0.0,0.0
103,0,0.0,0,1,0,0.8201053483031875,1666.6666,3.690474,1.5372806,0.01050756,0.010839814
104,0,0.0,0,1,0,0.8290808757720809,1666.6666,3.730864,2.9435437,0.00033231208,0.00029962175
105,0,0.0,1,1,0,0.8265935593653115,1666.6666,3.719671,502.07605,0.0,0.0
106,0,0.0,0,1,0,0.8267020540541837,1666.6666,3.7201593,1.0696086,0.015854796,0.014810243
107,0,0.0,0,1,0,0.8141486693078037,1666.6666,3.663669,2.6017902,0.0011977735,0.0013508128
108,0,0.0,1,1,0,0.8233484942340471,1666.6666,3.705068,502.94803,0.0,0.0
109,0,0.0,1,1,0,0.8325006279958256,1666.6666,3.7462528,502.8933,0.0,0.0
110,0,0.0,1,1,0,0.8320426867801616,1666.6666,3.7441921,503.6254,0.0,0.0
111,0,0.0,1,1,0,0.8169774833125043,1666.6666,3.6763988,503.219,0.0,0.0
112,0,0.0,0,1,0,0.81539681413677,1666.6666,3.6692858,2.6109893,0.00048280353,0.0005343944
113,0,0.0,0,1,0,0.8254744807317701,1666.6666,3.7146351,2.374973,0.0013094087,0.0012462513
114,0,0.0,0,1,0,0.826422754868616,1666.6666,3.7189023,1.9446186,0.005437516,0.005102064
115,0,0.0,0,1,0,0.8273946704819379,1666.6666,3.723276,2.6724494,0.00045662577,0.00042222504
116,0,0.0,1,1,0,0.8214252075026987,1666.6666,3.6964135,504.65637,0.0,0.0
117,0,0.0,1,1,0,0.8225608989488358,1666.6666,3.701524,502.72092,0.0,0.0
118,0,0.0,1,1,0,0.8282028219946732,1666.6666,3.7269127,502.45233,0.0,0.0
119,0,0.0,0,1,0,0.8234900629240852,1666.6666,3.7057052,3.1760187,0.00026416723,0.00025900578
120,0,0.0,1,1,0,0.8183055554839095,1666.6666,3.682375,502.96802,0.0,0.0
121,0,0.0,0,1,0,0.8276166602021742,1666.6666,3.7242749,4.606396,7.1223155e-07,6.564345e-07
122,0,0.0,0,1,0,0.8168975676036063,1666.6666,3.676039,2.1410816,0.0012793887,0.0013847606
123,0,0.0,0,1,0,0.8225676033176823,1666.6666,3.7015543,3.6446028,4.3853734e-06,4.359591e-06
124,0,0.0,0,1,0,0.8171431497453006,1666.6666,3.6771443,1.590883,0.013992946,0.015090062
125,0,0.0,0,1,0,0.8224259485449136,1666.6666,3.7009168,2.0973127,0.0017868385,0.0017799501
126,0,0.0,1,1,0,0.8219221025646369,1666.6666,3.6986494,503.18274,0.0,0.0
127,0,0.0,0,1,0,0.8198675632732815,1666.6666,3.689404,2.56144,0.0029630705,0.0030667302
128,0,0.0,1,1,0,0.8171949174282049,1666.6666,3.6773772,502.90756,0.0,0.0
129,0,0.0,0,1,0,0.8268485677517039,1666.6666,3.7208185,2.28955,0.0028600115,0.0026661572
130,0,0.0,1,1,0,0.8295034395129155,1666.6666,3.7327654,502.2581,0.0,0.0
131,0,0.0,0,1,0,0.8182141499594395,1666.6666,3.6819637,1.7472606,0.022801694,0.024192479
132,0,0.0,1,1,0,0.8229008452352754,1666.6666,3.7030537,504.39273,0.0,0.0
133,0,0.0,1,1,0,0.8238437292787061,1666.6666,3.7072968,502.0207,0.0,0.0
134,0,0.0,0,1,0,0.8171498611918365,1666.6666,3.6771743,3.2527318,0.00019958246,0.00021523067
135,0,0.0,1,1,0,0.8246764129560655,1666.6666,3.7110438,502.2115,0.0,0.0
136,0,0.0,1,1,0,0.8313054002072571,1666.6666,3.7408743,501.87268,0.0,0.0
137,0,0.0,1,1,0,0.830551036641119,1666.6666,3.7374797,503.35703,0.0,0.0
138,0,0.0,0,1,0,0.8186014178206867,1666.6666,3.6837063,1.6712545,0.01333696,0.014070065
139,0,0.0,1,1,0,0.8251835514820176,1666.6666,3.713326,502.86456,0.0,0.0
140,0,0.0,0,1,0,0.8274497446735914,1666.6666,3.7235239,2.3482308,0.00030311575,0.00028005205
141,0,0.0,0,1,0,0.8261998239164718,1666.6666,3.7178993,1.1619158,0.029753536,0.028009007
142,0,0.0,0,1,0,0.8215478667330496,1666.6666,3.6969655,1.8304342,0.0049356283,0.004981037
143,0,0.0,0,1,0,0.823573801854977,1666.6666,3.706082,3.9546509,3.9499446e-06,3.8680455e-06
144,0,0.0,0,1,0,0.823513671281343,1666.6666,3.7058115,2.636799,0.0002809072,0.0002753067
145,0,0.0,1,1,0,0.8298765386033937,1666.6666,3.7344444,502.61392,0.0,0.0
146,0,0.0,1,1,0,0.8323483910064833,1666.6666,3.7455678,502.3516,0.0,0.0
147,0,0.0,0,1,0,0.8307239369979301,1666.6666,3.7382576,2.554284,0.00066233525,0.0005825397
148,0,0.0,1,1,0,0.8299515717986449,1666.6666,3.734782,502.28122,0.0,0.0
149,0,0.0,0,1,0,0.8163472694163346,1666.6666,3.6735628,2.4199765,0.00039296388,0.00042880437
150,0,0.0,1,1,0,0.8234938899195884,1666.6666,3.7057226,503.56284,0.0,0.0
151,0,0.0,0,1,0,0.8284163312487939,1666.6666,3.7278736,1.3762225,0.007725125,0.0070335395
152,0,0.0,0,1,0,0.8179194257214488,1666.6666,3.6806374,2.1243234,0.0044582426,0.0047513912
153,0,0.0,0,1,0,0.8228174938644508,1666.6666,3.7026787,1.8071697,0.0031252992,0.0030955663
154,0,0.0,0,1,0,0.8181619677126439,1666.6666,3.6817288,3.5264232,7.9278674e-05,8.418275e-05
155,0,0.0,1,1,0,0.8288569552050419,1666.6666,3.7298563,503.3916,0.0,0.0
156,0,0.0,1,1,0,0.8213310238291065,1666.6666,3.6959896,503.02017,0.0,0.0
157,0,0.0,1,1,0,0.8231345785633258,1666.6666,3.7041056,502.52634,0.0,0.0
158,0,0.0,0,1,0,0.8268966626147064,1666.6666,3.721035,1.7134755,0.018125914,0.016883574
159,0,0.0,1,1,0,0.8300152966238249,1666.6666,3.7350688,502.96945,0.0,0.0
160,0,0.0,1,1,0,0.8265082031502788,1666.6666,3.719287,502.25696,0.0,0.0
161,0,0.0,1,1,0,0.8241555472130861,1666.6666,3.7087,502.61383,0.0,0.0
162,0,0.0,0,1,0,0.8192010502553642,1666.6666,3.6864047,1.6156064,0.0054530255,0.005701499
163,0,0.0,0,1,0,0.8120830741824248,1666.6666,3.654374,1.9050012,0.01422835,0.01655028
164,0,0.0,1,1,0,0.8229710063525365,1666.6666,3.7033696,503.45538,0.0,0.0
165,0,0.0,1,1,0,0.8201120948005544,1666.6666,3.6905043,502.51187,0.0,0.0
166,0,0.0,1,1,0,0.8233710676964738,1666.6666,3.70517,502.07718,0.0,0.0
167,0,0.0,1,1,0,0.8283681513887141,1666.6666,3.7276566,501.51022,0.0,0.0
168,0,0.0,1,1,0,0.8179154739663722,1666.6666,3.6806197,502.70905,0.0,0.0
169,0,0.0,0,1,0,0.8249969955117353,1666.6666,3.7124865,1.3082513,0.024564384,0.023541842
170,0,0.0,0,1,0,0.8240655518404975,1666.6666,3.7082949,2.1664014,0.004219949,0.004102294
171,0,0.0,1,1,0,0.8293078776889019,1666.6666,3.7318854,501.6537,0.0,0.0
172,0,0.0,0,1,0,0.8281165147039984,1666.6666,3.7265244,3.041332,0.00014883703,0.0001361204
173,0,0.0,1,1,0,0.8230631756660117,1666.6666,3.7037842,502.6729,0.0,0.0
174,0,0.0,1,1,0,0.820152338251376,1666.6666,3.6906855,501.51965,0.0,0.0
175,0,0.0,0,1,0,0.8255887269468883,1666.6666,3.7151492,1.9033582,0.0035296318,0.003352557
176,0,0.0,0,1,0,0.8249661525217936,1666.6666,3.7123477,1.6509274,0.0035570252,0.003410344
177,0,0.0,1,1,0,0.8264132001830838,1666.6666,3.7188594,503.5371,0.0,0.0
178,0,0.0,0,1,0,0.8306031566305124,1666.6666,3.7377143,1.1544183,0.036719788,0.03236171
179,0,0.0,1,1,0,0.8121991265797256,1666.6666,3.654896,502.52957,0.0,0.0
180,0,0.0,1,1,0,0.8246551706535103,1666.6666,3.7109482,502.1766,0.0,0.0
181,0,0.0,1,1,0,0.8183104905878703,1666.6666,3.6823971,502.72574,0.0,0.0
182,0,0.0,0,1,0,0.8198159623393573,1666.6666,3.6891718,1.7954247,0.0042440565,0.0043961075
183,0,0.0,0,1,0,0.8278793320395708,1666.6666,3.725457,2.3678787,0.0013671209,0.0012549022
184,0,0.0,0,1,0,0.8236256572555329,1666.6666,3.7063155,2.0093637,0.003184348,0.003115785
185,0,0.0,1,1,0,0.8289983608010845,1666.6666,3.7304926,503.2589,0.0,0.0
186,0,0.0,1,1,0,0.8225737080381623,1666.6666,3.7015817,502.4148,0.0,0.0
187,0,0.0,0,1,0,0.8285009776056745,1666.6666,3.7282543,2.923377,0.00022752254,0.00020690111
188,0,0.0,0,1,0,0.822592169726595,1666.6666,3.7016647,2.2415533,0.0011337522,0.0011266273
189,0,0.0,1,1,0,0.8214785356608144,1666.6666,3.6966534,502.37247,0.0,0.0
190,0,0.0,0,1,0,0.8293107070759995,1666.6666,3.731898,2.0760367,0.001489077,0.0013376856
191,0,0.0,0,1,0,0.8135057503350033,1666.6666,3.660776,1.4266336,0.0144559415,0.016462967
192,0,0.0,0,1,0,0.8235524411872523,1666.6666,3.705986,1.4721252,0.012415238,0.012162761
193,0,0.0,0,1,0,0.826213240321848,1666.6666,3.7179596,1.5250834,0.016141212,0.015188626
194,0,0.0,0,1,0,0.8180639261845352,1666.6666,3.6812878,2.9251704,0.00036254595,0.00038559965
195,0,0.0,1,1,0,0.8221190386812379,1666.6666,3.6995356,502.79892,0.0,0.0
196,0,0.0,0,1,0,0.8257155861383261,1666.6666,3.7157202,3.0736885,4.543708e-05,4.3087413e-05
197,0,0.0,0,1,0,0.8333213777087412,1666.6666,3.749946,1.7706561,0.0052977423,0.0044809887
198,0,0.0,0,1,0,0.8247410163897722,1666.6666,3.7113345,2.3375065,0.00037914191,0.00036484085
199,0,0.0,0,1,0,0.8230622335511529,1666.6666,3.70378,2.2140198,0.0025323872,0.002499126
200,0,0.0,1,1,0,0.8212725552786186,1666.6666,3.6957264,503.12744,0.0,0.0
201,0,0.0,0,1,0,0.8302539336080863,1666.6666,3.7361426,1.4223034,0.008144762,0.0072161737
202,0,0.0,1,1,0,0.8234192921741038,1666.6666,3.7053869,502.1191,0.0,0.0
203,0,0.0,0,1,0,0.8286639952692373,1666.6666,3.728988,2.8435922,0.00020269246,0.00018387203
204,0,0.0,0,1,0,0.8136045560939992,1666.6666,3.6612206,1.5015043,0.021928173,0.024932005
205,0,0.0,0,1,0,0.8228985378262943,1666.6666,3.7030435,2.9055696,0.0002145742,0.00021227356
206,0,0.0,0,1,0,0.8216095421574003,1666.6666,3.697243,3.2116752,0.0001348795,0.00013600972
207,0,0.0,1,1,0,0.8251823983761076,1666.6666,3.7133207,502.37408,0.0,0.0
208,0,0.0,0,1,0,0.826328588400173,1666.6666,3.7184787,1.6372952,0.0151115265,0.014196583
209,0,0.0,1,1,0,0.8224922206988098,1666.6666,3.701215,502.4343,0.0,0.0
210,0,0.0,0,1,0,0.8177040426749662,1666.6666,3.6796682,2.1826644,0.0012851282,0.0013740964
211,0,0.0,1,1,0,0.8284561240326203,1666.6666,3.7280526,502.32407,0.0,0.0
212,0,0.0,0,1,0,0.8243108464248045,1666.6666,3.7093987,1.8240887,0.008692662,0.008419416
213,0,0.0,0,1,0,0.8217380756779334,1666.6666,3.6978214,2.8071408,0.00022678319,0.0002282186
214,0,0.0,0,1,0,0.8293655352773742,1666.6666,3.7321448,2.8957152,4.6352096e-05,4.16057e-05
215,0,0.0,0,1,0,0.8244840615443559,1666.6666,3.7101784,3.0097077,0.00011621663,0.000112243295
216,0,0.0,1,1,0,0.825470821617893,1666.6666,3.7146187,501.99902,0.0,0.0
217,0,0.0,0,1,0,0.82642420499163,1666.6666,3.718909,2.0179944,0.0035875498,0.0033662268
218,0,0.0,1,1,0,0.8159345529846997,1666.6666,3.6717055,503.83096,0.0,0.0
219,0,0.0,0,1,0,0.824228787112603,1666.6666,3.7090294,1.9758162,0.004045096,0.0039227274
220,0,0.0,0,1,0,0.8081576286184889,1666.6666,3.6367092,2.7406616,0.000277499,0.00034240176
221,0,0.0,0,1,0,0.8207719613622322,1666.6666,3.6934738,3.0492492,8.3551175e-05,8.532076e-05
222,0,0.0,1,1,0,0.8181626137829862,1666.6666,3.6817317,501.36023,0.0,0.0
223,0,0.0,1,1,0,0.8168184133490314,1666.6666,3.6756828,503.28723,0.0,0.0
224,0,0.0,1,1,0,0.8267583821830108,1666.6666,3.7204127,502.22827,0.0,0.0
225,0,0.0,1,1,0,0.8222966275780136,1666.6666,3.7003348,504.69162,0.0,0.0
226,0,0.0,1,1,0,0.8164987393014257,1666.6666,3.6742444,503.67905,0.0,0.0
227,0,0.0,0,1,0,0.8327298671526284,1666.6666,3.7472844,2.269503,0.0006178167,0.00052726665
228,0,0.0,1,1,0,0.8249879522593625,1666.6666,3.7124457,501.9705,0.0,0.0
229,0,0.0,0,1,0,0.8261704585204758,1666.6666,3.717767,1.8428155,0.0030961873,0.0029158355
230,0,0.0,1,1,0,0.8140622126291772,1666.6666,3.66328,504.83548,0.0,0.0
231,0,0.0,1,1,0,0.8265693618201521,1666.6666,3.719562,502.87463,0.0,0.0
232,0,0.0,1,1,0,0.8288037552631589,1666.6666,3.7296169,503.8192,0.0,0.0
233,0,0.0,1,1,0,0.8202809275812337,1666.6666,3.6912642,503.2083,0.0,0.0
234,0,0.0,0,1,0,0.8259314617025035,1666.6666,3.7166915,3.8986793,3.867245e-06,3.6553424e-06
235,0,0.0,0,1,0,0.8288299031770988,1666.6666,3.7297347,1.9506596,0.005819852,0.0052665924
236,0,0.0,1,1,0,0.8245147007301797,1666.6666,3.7103162,502.8657,0.0,0.0
237,0,0.0,0,1,0,0.8266714207287078,1666.6666,3.7200215,4.5075808,6.235412e-06,5.829351e-06
238,0,0.0,0,1,0,0.8202646377538799,1666.6666,3.691191,0.9956169,0.077256486,0.07950503
239,0,0.0,0,1,0,0.8203388610048469,1666.6666,3.691525,2.488676,0.00031098648,0.00031964725
240,0,0.0,1,1,0,0.8217530426549895,1666.6666,3.6978886,503.49765,0.0,0.0
241,0,0.0,1,1,0,0.8277127039501467,1666.6666,3.7247071,503.68286,0.0,0.0
242,0,0.0,1,1,0,0.8269314722849251,1666.6666,3.7211916,502.53772,0.0,0.0
243,0,0.0,0,1,0,0.8211651649024604,1666.6666,3.6952434,3.3690584,0.00011602764,0.000117812
244,0,0.0,0,1,0,0.8138841146232791,1666.6666,3.6624784,2.3259087,0.0020737816,0.0023482845
245,0,0.0,0,1,0,0.8214806462770863,1666.6666,3.696663,3.4232755,7.458459e-05,7.5362725e-05
246,0,0.0,0,1,0,0.8204146072409949,1666.6666,3.6918657,1.8540417,0.00425097,0.004364027
247,0,0.0,0,1,0,0.824652324327417,1666.6666,3.7109354,1.5363277,0.0036153933,0.0034832724
248,0,0.0,0,1,0,0.8297612922680432,1666.6666,3.7339258,1.7651819,0.012435462,0.011098681
249,0,0.0,1,1,0,0.8228236726052075,1666.6666,3.7027066,502.16058,0.0,0.0
250,0,0.0,1,1,0,0.8320572989013771,1666.6666,3.744258,502.30475,0.0,0.0
251,0,0.0,1,1,0,0.822966291048925,1666.6666,3.7033484,502.26154,0.0,0.0
252,0,0.0,0,1,0,0.8225719887385856,1666.6666,3.7015738,2.8182237,0.00036122074,0.00035909686
253,0,0.0,1,1,0,0.8192142152766783,1666.6666,3.686464,501.9413,0.0,0.0
254,0,0.0,0,1,0,0.822747710481321,1666.6666,3.7023647,2.3822703,0.002155515,0.0021367453
255,0,0.0,1,1,0,0.8288051189273272,1666.6666,3.729623,502.5704,0.0,0.0
256,0,0.0,0,1,0,0.8189552037714763,1666.6666,3.6852984,2.9989095,0.00019366242,0.00020322978
257,0,0.0,0,1,0,0.8290921563701421,1666.6666,3.7309146,2.9332426,0.00016290773,0.00014682236
258,0,0.0,0,1,0,0.8241739351905504,1666.6666,3.7087827,2.11119,0.0016872077,0.0016375
259,0,0.0,0,1,0,0.8157934223829358,1666.6666,3.6710703,2.0776634,0.0036124524,0.003975755
260,0,0.0,0,1,0,0.8233758333211045,1666.6666,3.7051911,2.463577,0.00035771032,0.0003512926
261,0,0.0,0,1,0,0.817980313509448,1666.6666,3.6809113,1.7051105,0.00816135,0.008690921
262,0,0.0,0,1,0,0.8223355697031517,1666.6666,3.70051,3.194488,4.015033e-05,4.0044397e-05
263,0,0.0,0,1,0,0.8260768304051618,1666.6666,3.7173457,3.4982655,5.3403055e-05,5.0374285e-05
264,0,0.0,1,1,0,0.8231314141558213,1666.6666,3.7040913,502.5544,0.0,0.0
265,0,0.0,1,1,0,0.8220848255808237,1666.6666,3.6993818,502.1228,0.0,0.0
266,0,0.0,0,1,0,0.81953218800358,1666.6666,3.6878948,1.8354721,0.0067024254,0.0069736955
267,0,0.0,1,1,0,0.8214501636122074,1666.6666,3.6965258,502.72507,0.0,0.0
268,0,0.0,1,1,0,0.8288166683408135,1666.6666,3.729675,504.24683,0.0,0.0
269,0,0.0,1,1,0,0.8226749270821844,1666.6666,3.702037,502.04352,0.0,0.0
270,0,0.0,0,1,0,0.8206607555823595,1666.6666,3.6929734,1.797745,0.004280477,0.0043782555
271,0,0.0,0,1,0,0.8279384374984448,1666.6666,3.725723,1.6613212,0.010632286,0.009751602
272,0,0.0,1,1,0,0.8250544823500059,1666.6666,3.7127452,502.21918,0.0,0.0
273,0,0.0,0,1,0,0.8247746178203421,1666.6666,3.7114859,3.72977,1.8181308e-05,1.7488412e-05
274,0,0.0,0,1,0,0.8279537902508853,1666.6666,3.7257922,3.283602,5.5035525e-05,5.045633e-05
275,0,0.0,1,1,0,0.8142252517115218,1666.6666,3.6640136,503.5744,0.0,0.0
276,0,0.0,1,1,0,0.8251283691834523,1666.6666,3.7130775,503.21036,0.0,0.0
277,0,0.0,0,1,0,0.8189861850465014,1666.6666,3.685438,2.6201813,0.00047115903,0.000494234
278,0,0.0,0,1,0,0.8188106508481883,1666.6666,3.684648,1.8453358,0.005426465,0.005706141
279,0,0.0,1,1,0,0.8319136852267128,1666.6666,3.7436116,503.35986,0.0,0.0
280,0,0.0,1,1,0,0.8164420084481505,1666.6666,3.673989,502.13287,0.0,0.0
281,0,0.0,1,1,0,0.8130704341395572,1666.6666,3.658817,503.71704,0.0,0.0
282,0,0.0,0,1,0,0.8217299313443349,1666.6666,3.6977847,1.5032545,0.0090168975,0.009077666
283,0,0.0,1,1,0,0.8251707031755922,1666.6666,3.7132683,501.988,0.0,0.0
284,0,0.0,1,1,0,0.8175284843500261,1666.6666,3.678878,503.9259,0.0,0.0
285,0,0.0,1,1,0,0.817805311162875,1666.6666,3.6801238,502.2953,0.0,0.0
286,0,0.0,0,1,0,0.8262144624409057,1666.6666,3.7179651,2.2864316,0.0017701944,0.001665725
287,0,0.0,1,1,0,0.824529654365389,1666.6666,3.7103834,502.2256,0.0,0.0
288,0,0.0,0,1,0,0.8306834837915669,1666.6666,3.7380757,2.9511938,0.0003776022,0.00033238062
289,0,0.0,1,1,0,0.8351379144649218,1666.6666,3.7581205,502.6591,0.0,0.0
290,0,0.0,0,1,0,0.8286658336699616,1666.6666,3.7289963,2.0546002,0.0028681697,0.0026018536
291,0,0.0,0,1,0,0.8225787867466625,1666.6666,3.7016046,2.990929,5.2030315e-05,5.1703333e-05
292,0,0.0,0,1,0,0.8244252040975325,1666.6666,3.7099135,3.1609018,0.00011957446,0.00011558031
293,0,0.0,1,1,0,0.8323084327530255,1666.6666,3.745388,503.2209,0.0,0.0
294,0,0.0,1,1,0,0.8254318746800285,1666.6666,3.7144434,502.00098,0.0,0.0
295,0,0.0,0,1,0,0.8246205542787268,1666.6666,3.7107925,0.9410221,0.033100754,0.031904098
296,0,0.0,1,1,0,0.826476844568358,1666.6666,3.7191458,502.33075,0.0,0.0
297,0,0.0,0,1,0,0.8236779440212444,1666.6666,3.7065508,1.6025206,0.018786712,0.018367259
298,0,0.0,0,1,0,0.8225066114991072,1666.6666,3.7012796,2.8065753,0.00016337237,0.00016254406
299,0,0.0,1,1,0,0.8299184159720043,1666.6666,3.734633,503.41748,0.0,0.0
