scene,condition,cycle,epoch_ns,native_valid,valid,reason,status,iterations,vx,vy,forward,progress_input,progress_end,progress_rate,nominal_cost,solved_cost,solver_ms,elapsed_ms,used_warm,current_clearance,minimum_clearance,plateau_stages,raw_measured_wz,raw_history_wz,history_age_ms,seed_reset,model_x,model_y,velocity_frame,path_revision,reset_warm,seed_vx,seed_vy,seed_stamp_ns
S2,observed,83,1235000000,1,0,"missing_original_output_receipt_proxy","not_run",0,0,0,0,2.906494724462988e-20,0,0,0,0,0,0,0,1000000000,1000000000,0,0,0,-1,0,0,0,map,1,0,0,0,0
S2,no_observed_dynamic,83,1235000000,1,0,"missing_original_output_receipt_proxy","not_run",0,0,0,0,2.906494724462988e-20,0,0,0,0,0,0,0,1000000000,1000000000,0,0,0,-1,0,0,0,map,1,0,0,0,0
S2,observed,84,1285000000,1,0,"missing_original_output_receipt_proxy","not_run",0,0,0,0,2.906494724462988e-20,0,0,0,0,0,0,0,1000000000,1000000000,0,0,0,-1,0,0,0,map,1,0,0,0,0
S2,no_observed_dynamic,84,1285000000,1,0,"missing_original_output_receipt_proxy","not_run",0,0,0,0,2.906494724462988e-20,0,0,0,0,0,0,0,1000000000,1000000000,0,0,0,-1,0,0,0,map,1,0,0,0,0
S2,observed,85,1335000000,1,0,"missing_original_output_receipt_proxy","not_run",0,0,0,0,2.906494724462988e-20,0,0,0,0,0,0,0,1000000000,1000000000,0,0,0,-1,0,0,0,map,1,0,0,0,0
S2,no_observed_dynamic,85,1335000000,1,0,"missing_original_output_receipt_proxy","not_run",0,0,0,0,2.906494724462988e-20,0,0,0,0,0,0,0,1000000000,1000000000,0,0,0,-1,0,0,0,map,1,0,0,0,0
S2,observed,86,1385000000,1,0,"missing_original_output_receipt_proxy","not_run",0,0,0,0,2.906494724462988e-20,0,0,0,0,0,0,0,1000000000,1000000000,0,0,0,-1,0,0,0,map,1,0,0,0,0
S2,no_observed_dynamic,86,1385000000,1,0,"missing_original_output_receipt_proxy","not_run",0,0,0,0,2.906494724462988e-20,0,0,0,0,0,0,0,1000000000,1000000000,0,0,0,-1,0,0,0,map,1,0,0,0,0
S2,observed,87,1435000000,1,0,"missing_original_output_receipt_proxy","not_run",0,0,0,0,2.906494724462988e-20,0,0,0,0,0,0,0,1000000000,1000000000,0,0,0,-1,0,0,0,map,1,0,0,0,0
S2,no_observed_dynamic,87,1435000000,1,0,"missing_original_output_receipt_proxy","not_run",0,0,0,0,2.906494724462988e-20,0,0,0,0,0,0,0,1000000000,1000000000,0,0,0,-1,0,0,0,map,1,0,0,0,0
S2,observed,88,1485000000,0,1,"solved_soft_dynamic","solved",90,0.044678627280939312,7.1967785932351802e-05,0.044678682765726521,2.9965021914354485e-05,0.51658004262123658,0.1720253556487347,0,0,1.1130300000000002,4.8139099999999999,0,1000000000,1000000000,0,0.0029999400794622488,0.10000000000000001,32,1,0.00010499366070419474,-9.0138557485819115e-05,map,1,1,0,0,1485000000
S2,no_observed_dynamic,88,1485000000,0,1,"solved_soft_dynamic","solved",90,0.044678627280939312,7.1967785932351802e-05,0.044678682765726521,2.9965021914354485e-05,0.51658004262123658,0.1720253556487347,0,0,0.969217,1.3445989999999999,0,1000000000,1000000000,0,0.0029999400794622488,0.10000000000000001,32,1,0.00010499366070419474,-9.0138557485819115e-05,map,1,1,0,0,1485000000
S2,observed,89,1535000000,0,1,"solved_soft_dynamic","solved",90,0.083087691421250234,0.00029508172243233909,0.083088000637236786,0.0016498121863995929,0.51871702137061948,0.19673942938461073,0,0,0.965754,1.395831,1,1000000000,1000000000,0,0.080999869533115998,0.14523236453533173,32,0,0.0034006712057377663,-0.0005366666175205837,map,1,0,0.044678627280939312,7.1967785932351802e-05,1485000000
S2,no_observed_dynamic,89,1535000000,0,1,"solved_soft_dynamic","solved",90,0.083087691421250234,0.00029508172243233909,0.083088000637236786,0.0016498121863995929,0.51871702137061948,0.19673942938461073,0,0,0.93301500000000004,1.3098610000000002,1,1000000000,1000000000,0,0.080999869533115998,0.14523236453533173,32,0,0.0034006712057377663,-0.0005366666175205837,map,1,0,0.044678627280939312,7.1967785932351802e-05,1485000000
S2,observed,90,1585000000,0,1,"solved_soft_dynamic","solved",90,0.11591205854702671,0.00062615374268746931,0.11591276399760447,0.006831815131069929,0.52159411852504478,0.21657391061031508,0,0,0.95868699999999996,1.393734,1,1000000000,1000000000,0,0.14823228411842138,0.24523236453533173,32,0,0.0094100467074191146,-0.0009313522602786608,map,1,0,0.083087691421250234,0.00029508172243233909,1535000000
S2,no_observed_dynamic,90,1585000000,0,1,"solved_soft_dynamic","solved",90,0.11591205854702671,0.00062615374268746931,0.11591276399760447,0.006831815131069929,0.52159411852504478,0.21657391061031508,0,0,0.93186199999999997,1.3061959999999999,1,1000000000,1000000000,0,0.14823228411842138,0.24523236453533173,32,0,0.0094100467074191146,-0.0009313522602786608,map,1,0,0.083087691421250234,0.00029508172243233909,1535000000
S2,observed,91,1635000000,0,1,"solved_soft_dynamic","solved",90,0.14357437919374955,0.0016310645436665521,0.14357634609643291,0.012467040295583267,0.52436122116923456,0.2351833375252545,0,0,0.94162800000000002,1.366854,1,1000000000,1000000000,0,0.22623221593676135,0.27350485324859619,32,0,0.017738928945942447,-0.002940382776144496,map,1,0,0.11591205854702671,0.00062615374268746931,1585000000
S2,no_observed_dynamic,91,1635000000,0,1,"solved_soft_dynamic","solved",90,0.14357437919374955,0.0016310645436665521,0.14357634609643291,0.012467040295583267,0.52436122116923456,0.2351833375252545,0,0,0.92881400000000003,1.3072920000000001,1,1000000000,1000000000,0,0.22623221593676135,0.27350485324859619,32,0,0.017738928945942447,-0.002940382776144496,map,1,0,0.11591205854702671,0.00062615374268746931,1585000000
S2,observed,92,1685000000,0,1,"solved_soft_dynamic","solved",90,0.16675553652932509,0.0029789183226684359,0.16675920674071412,0.023704760391591528,0.52848836934121124,0.24713937838665273,0,0,0.93962400000000001,1.358379,1,1000000000,1000000000,0,0.27770474553108215,0.29554343223571777,32,0,0.028842641586847084,-0.0043521878211519854,map,1,0,0.14357437919374955,0.0016310645436665521,1635000000
S2,no_observed_dynamic,92,1685000000,0,1,"solved_soft_dynamic","solved",90,0.16675553652932509,0.0029789183226684359,0.16675920674071412,0.023704760391591528,0.52848836934121124,0.24713937838665273,0,0,0.93293700000000002,1.308071,1,1000000000,1000000000,0,0.27770474553108215,0.29554343223571777,32,0,0.028842641586847084,-0.0043521878211519854,map,1,0,0.14357437919374955,0.0016310645436665521,1635000000
S2,observed,93,1735000000,0,1,"solved_soft_dynamic","solved",80,0.18936184807831055,0.0056300756778483192,0.18936575320524748,0.033472587643954291,0.56837071749052848,0.27159863434420195,0,0,0.916825,1.340325,1,1000000000,1000000000,0,0.29554340289905667,0.29554343223571777,32,0,0.042346018729054011,-0.0085455416715170662,map,1,0,0.16675553652932509,0.0029789183226684359,1685000000
S2,no_observed_dynamic,93,1735000000,0,1,"solved_soft_dynamic","solved",80,0.18936184807831055,0.0056300756778483192,0.18936575320524748,0.033472587643954291,0.56837071749052848,0.27159863434420195,0,0,0.94036699999999995,1.312473,1,1000000000,1000000000,0,0.29554340289905667,0.29554343223571777,32,0,0.042346018729054011,-0.0085455416715170662,map,1,0,0.16675553652932509,0.0029789183226684359,1685000000
S2,observed,94,1785000000,0,1,"solved_soft_dynamic","solved",90,0.20783783512495366,0.0089509949575801613,0.20784406666755117,0.050938802478134794,0.57401549428363263,0.27854512750652777,0,0,0.923099,1.3520270000000001,1,1000000000,1000000000,0,0.29254345572553575,0.24620914459228516,32,0,0.058637574245227246,-0.011639989657396562,map,1,0,0.18936184807831055,0.0056300756778483192,1735000000
S2,no_observed_dynamic,94,1785000000,0,1,"solved_soft_dynamic","solved",90,0.20783783512495366,0.0089509949575801613,0.20784406666755117,0.050938802478134794,0.57401549428363263,0.27854512750652777,0,0,0.9690430000000001,1.35077,1,1000000000,1000000000,0,0.29254345572553575,0.24620914459228516,32,0,0.058637574245227246,-0.011639989657396562,map,1,0,0.18936184807831055,0.0056300756778483192,1735000000
S2,observed,95,1835000000,0,1,"solved_soft_dynamic","solved",90,0.22209696173800014,0.013619790327652844,0.22210995186656904,0.064834941970502033,0.57846377129802951,0.289907447438772,0,0,0.93664999999999998,1.3667779999999998,1,1000000000,1000000000,0,0.24620912154205143,0.24620914459228516,32,0,0.077371263434741183,-0.016923193054564994,map,1,0,0.20783783512495366,0.0089509949575801613,1785000000
S2,no_observed_dynamic,95,1835000000,0,1,"solved_soft_dynamic","solved",90,0.22209696173800014,0.013619790327652844,0.22210995186656904,0.064834941970502033,0.57846377129802951,0.289907447438772,0,0,0.98689099999999996,1.3729829999999998,1,1000000000,1000000000,0,0.24620912154205143,0.24620914459228516,32,0,0.077371263434741183,-0.016923193054564994,map,1,0,0.20783783512495366,0.0089509949575801613,1785000000
S2,observed,96,1885000000,0,1,"solved_soft_dynamic","solved",70,0.23679145331654608,0.019023595449287108,0.23681392719656502,0.088559878518832638,0.62187527512655116,0.30091712850173602,0,0,0.84046299999999996,1.2690620000000001,1,1000000000,1000000000,0,0.24320917727891356,0.14620914459228515,32,0,0.098887386078476996,-0.021088486702963739,map,1,0,0.22209696173800014,0.013619790327652844,1835000000
S2,no_observed_dynamic,96,1885000000,0,1,"solved_soft_dynamic","solved",70,0.23679145331654608,0.019023595449287108,0.23681392719656502,0.088559878518832638,0.62187527512655116,0.30091712850173602,0,0,0.82661200000000001,1.2020390000000001,1,1000000000,1000000000,0,0.24320917727891356,0.14620914459228515,32,0,0.098887386078476996,-0.021088486702963739,map,1,0,0.22209696173800014,0.013619790327652844,1835000000
S2,observed,97,1935000000,0,1,"solved_soft_dynamic","solved",100,0.24730432511501685,0.025231482863509409,0.24734253735804831,0.10658982844144568,0.6272963473852422,0.31036399367012757,0,0,1.0421950000000002,1.471657,1,1000000000,1000000000,0,0.16520923963980749,0.1276220977306366,32,0,0.12275438217661659,-0.025846755879495451,map,1,0,0.23679145331654608,0.019023595449287108,1885000000
S2,no_observed_dynamic,97,1935000000,0,1,"solved_soft_dynamic","solved",100,0.24730432511501685,0.025231482863509409,0.24734253735804831,0.10658982844144568,0.6272963473852422,0.31036399367012757,0,0,0.98725099999999999,1.3631450000000001,1,1000000000,1000000000,0,0.16520923963980749,0.1276220977306366,32,0,0.12275438217661659,-0.025846755879495451,map,1,0,0.23679145331654608,0.019023595449287108,1885000000
S2,observed,98,1985000000,0,1,"solved_soft_dynamic","solved",70,0.25844256635881763,0.031821238397783905,0.25850039944184766,0.1364124707599873,0.67223966989975747,0.31706689104241426,0,0,0.84162400000000004,1.2675189999999998,1,1000000000,1000000000,0,0.12462213562685065,0.027622097730636591,32,0,0.14931236402505221,-0.029724965010238698,map,1,0,0.24730432511501685,0.025231482863509409,1935000000
S2,no_observed_dynamic,98,1985000000,0,1,"solved_soft_dynamic","solved",70,0.25844256635881763,0.031821238397783905,0.25850039944184766,0.1364124707599873,0.67223966989975747,0.31706689104241426,0,0,0.870058,1.2468110000000001,1,1000000000,1000000000,0,0.12462213562685065,0.027622097730636591,32,0,0.14931236402505221,-0.029724965010238698,map,1,0,0.24730432511501685,0.025231482863509409,1935000000
S2,observed,99,2035000000,0,1,"solved_soft_dynamic","solved",110,0.26572749550679337,0.038246976304091851,0.26581261639837289,0.15720949276931764,0.67828323032138393,0.3236167441650516,0,0,1.0719880000000002,1.4984280000000001,1,1000000000,1000000000,0,0.046622207446489483,-0.0085006840527057648,32,0,0.17549124328824739,-0.032343206890061309,map,1,0,0.25844256635881763,0.031821238397783905,1985000000
S2,no_observed_dynamic,99,2035000000,0,1,"solved_soft_dynamic","solved",110,0.26572749550679337,0.038246976304091851,0.26581261639837289,0.15720949276931764,0.67828323032138393,0.3236167441650516,0,0,1.0409040000000001,1.4160279999999998,1,1000000000,1000000000,0,0.046622207446489483,-0.0085006840527057648,32,0,0.17549124328824739,-0.032343206890061309,map,1,0,0.25844256635881763,0.031821238397783905,1985000000
S2,observed,100,2085000000,0,1,"solved_soft_dynamic","solved",90,0.27426002804638799,0.044690216835958613,0.27437704575250393,0.18837902946309654,0.72349292147516953,0.32640215129037803,0,0,0.946407,1.3728259999999999,1,1000000000,1000000000,0,-0.011500624259497272,-0.10850068405270577,32,0,0.20139602389990707,-0.035273411530710577,map,1,0,0.26572749550679337,0.038246976304091851,2035000000
S2,no_observed_dynamic,100,2085000000,0,1,"solved_soft_dynamic","solved",90,0.27426002804638799,0.044690216835958613,0.27437704575250393,0.18837902946309654,0.72349292147516953,0.32640215129037803,0,0,0.95839200000000002,1.329698,1,1000000000,1000000000,0,-0.011500624259497272,-0.10850068405270577,32,0,0.20139602389990707,-0.035273411530710577,map,1,0,0.26572749550679337,0.038246976304091851,2035000000
S2,observed,101,2135000000,0,1,"solved_soft_dynamic","solved",120,0.27965378881452224,0.050467649424980852,0.27980952855766006,0.20760657245635727,0.72902611394988048,0.33031387521215111,0,0,1.1088149999999999,1.5385059999999999,1,1000000000,1000000000,0,-0.089500554167898372,-0.12279869616031647,32,0,0.22433341187133385,-0.036421223898795027,map,1,0,0.27426002804638799,0.044690216835958613,2085000000
S2,no_observed_dynamic,101,2135000000,0,1,"solved_soft_dynamic","solved",120,0.27965378881452224,0.050467649424980852,0.27980952855766006,0.20760657245635727,0.72902611394988048,0.33031387521215111,0,0,1.1330310000000001,1.5069239999999999,1,1000000000,1000000000,0,-0.089500554167898372,-0.12279869616031647,32,0,0.22433341187133385,-0.036421223898795027,map,1,0,0.27426002804638799,0.044690216835958613,2085000000
S2,observed,102,2185000000,0,1,"solved_soft_dynamic","solved",90,0.28668504636124353,0.055971408861274316,0.28688306673452718,0.23602761518496754,0.77340916426217166,0.33314592205101767,0,0,0.98630599999999991,1.4229130000000001,1,1000000000,1000000000,0,-0.1257986223208718,-0.19228149950504303,32,0,0.24794250918088157,-0.038203371034702532,map,1,0,0.27965378881452224,0.050467649424980852,2135000000
S2,no_observed_dynamic,102,2185000000,0,1,"solved_soft_dynamic","solved",90,0.28668504636124353,0.055971408861274316,0.28688306673452718,0.23602761518496754,0.77340916426217166,0.33314592205101767,0,0,0.99657200000000001,1.370061,1,1000000000,1000000000,0,-0.1257986223208718,-0.19228149950504303,32,0,0.24794250918088157,-0.038203371034702532,map,1,0,0.27965378881452224,0.050467649424980852,2135000000
S2,observed,103,2235000000,0,1,"solved_soft_dynamic","solved",120,0.29101070655735145,0.041071435847274476,0.29091358533738976,0.0038886173335614801,0.52875451755096503,0.33671461811336206,0,0,1.2041850000000001,3.1774849999999999,0,1000000000,1000000000,0,-0.19228146993555129,-0.19228149950504303,32,0,0.26936081649498733,-0.037609174312800052,map,2,1,0.28668504636124353,0.055971408861274316,2185000000
S2,no_observed_dynamic,103,2235000000,0,1,"solved_soft_dynamic","solved",120,0.29101070655735145,0.041071435847274476,0.29091358533738976,0.0038886173335614801,0.52875451755096503,0.33671461811336206,0,0,1.1635949999999999,1.5475829999999999,0,1000000000,1000000000,0,-0.19228146993555129,-0.19228149950504303,32,0,0.26936081649498733,-0.037609174312800052,map,2,0,0.28668504636124353,0.055971408861274316,2185000000
S2,observed,104,2285000000,0,1,"solved_soft_dynamic","solved",110,0.29341619937388874,0.028865277891077283,0.29334769748286538,0.030329413626357261,0.53621748446127959,0.32887172268515802,0,0,1.1084910000000001,1.528375,1,1000000000,1000000000,0,-0.19528141274349764,-0.21394595503807068,32,0,0.29130707488337432,-0.037863457780956893,map,2,0,0.29101070655735145,0.041071435847274476,2235000000
S2,no_observed_dynamic,104,2285000000,0,1,"solved_soft_dynamic","solved",110,0.29341619937388874,0.028865277891077283,0.29334769748286538,0.030329413626357261,0.53621748446127959,0.32887172268515802,0,0,1.1067130000000001,1.4813989999999999,1,1000000000,1000000000,0,-0.19528141274349764,-0.21394595503807068,32,0,0.29130707488337432,-0.037863457780956893,map,2,0,0.29101070655735145,0.041071435847274476,2235000000
S2,observed,105,2335000000,0,1,"solved_soft_dynamic","solved",120,0.29736579744265607,0.018056716903597655,0.29733138436195783,0.047394875450957108,0.57736370550733795,0.34103361950653954,0,0,1.1403800000000002,1.561234,1,1000000000,1000000000,0,-0.213945924770087,-0.21394595503807068,32,0,0.31234195466146009,-0.036077427582045775,map,2,0,0.29341619937388874,0.028865277891077283,2285000000
S2,no_observed_dynamic,105,2335000000,0,1,"solved_soft_dynamic","solved",120,0.29736579744265607,0.018056716903597655,0.29733138436195783,0.047394875450957108,0.57736370550733795,0.34103361950653954,0,0,1.153675,1.5270010000000001,1,1000000000,1000000000,0,-0.213945924770087,-0.21394595503807068,32,0,0.31234195466146009,-0.036077427582045775,map,2,0,0.29341619937388874,0.028865277891077283,2285000000
S2,observed,106,2385000000,0,1,"solved_soft_dynamic","solved",120,0.29951687768313973,0.0086840194520780428,0.29949420868649607,0.073002191360747606,0.58469181360306266,0.33364702867645202,0,0,1.155678,1.5871439999999999,1,1000000000,1000000000,0,-0.21694586757803336,-0.22448946535587311,32,0,0.33377653209082037,-0.035147254132320248,map,2,0,0.29736579744265607,0.018056716903597655,2335000000
S2,no_observed_dynamic,106,2385000000,0,1,"solved_soft_dynamic","solved",120,0.29951687768313973,0.0086840194520780428,0.29949420868649607,0.073002191360747606,0.58469181360306266,0.33364702867645202,0,0,1.1775850000000001,1.5519909999999999,1,1000000000,1000000000,0,-0.21694586757803336,-0.22448946535587311,32,0,0.33377653209082037,-0.035147254132320248,map,2,0,0.29736579744265607,0.018056716903597655,2335000000
S2,observed,107,2435000000,0,1,"solved_soft_dynamic","solved",120,0.30314239965627254,0.00059244289949442371,0.30313996794059317,0.090469898432310375,0.62593187476091694,0.34621098973450293,0,0,1.148566,1.581914,1,1000000000,1000000000,0,-0.22448944218922406,-0.22448946535587311,32,0,0.35579710073604476,-0.034212435540961643,map,2,0,0.29951687768313973,0.0086840194520780428,2385000000
S2,no_observed_dynamic,107,2435000000,0,1,"solved_soft_dynamic","solved",120,0.30314239965627254,0.00059244289949442371,0.30313996794059317,0.090469898432310375,0.62593187476091694,0.34621098973450293,0,0,1.1616339999999998,1.5348200000000001,1,1000000000,1000000000,0,-0.22448944218922406,-0.22448946535587311,32,0,0.35579710073604476,-0.034212435540961643,map,2,0,0.29951687768313973,0.0086840194520780428,2385000000
S2,observed,108,2485000000,0,1,"solved_soft_dynamic","solved",130,0.30497515391596175,-0.0063958041883404107,0.30499341902282179,0.11671554723645525,0.63336016936985107,0.33846469371628074,0,0,1.226251,1.6543730000000001,1,1000000000,1000000000,0,-0.22028950479580089,-0.15976674854755402,32,0,0.3777945186383308,-0.033561083457041993,map,2,0,0.30314239965627254,0.00059244289949442371,2435000000
S2,no_observed_dynamic,108,2485000000,0,1,"solved_soft_dynamic","solved",130,0.30497515391596175,-0.0063958041883404107,0.30499341902282179,0.11671554723645525,0.63336016936985107,0.33846469371628074,0,0,1.2017629999999999,1.581688,1,1000000000,1000000000,0,-0.22028950479580089,-0.15976674854755402,32,0,0.3777945186383308,-0.033561083457041993,map,2,0,0.30314239965627254,0.00059244289949442371,2435000000
S2,observed,109,2535000000,0,1,"solved_soft_dynamic","solved",90,0.30446901919693353,-0.012400138389800992,0.30451496288541097,0.13470770408401866,0.63831870374571054,0.34006943250550825,0,0,1.01301,1.440512,1,1000000000,1000000000,0,-0.15976672875694931,-0.15976674854755402,32,0,0.40053186087847481,-0.032878258485544556,map,2,0,0.30497515391596175,-0.0063958041883404107,2485000000
S2,no_observed_dynamic,109,2535000000,0,1,"solved_soft_dynamic","solved",90,0.30446901919693353,-0.012400138389800992,0.30451496288541097,0.13470770408401866,0.63831870374571054,0.34006943250550825,0,0,1.0111950000000001,1.388717,1,1000000000,1000000000,0,-0.15976672875694931,-0.15976674854755402,32,0,0.40053186087847481,-0.032878258485544556,map,2,0,0.30497515391596175,-0.0063958041883404107,2485000000
S2,observed,110,2585000000,0,1,"solved_soft_dynamic","solved",120,0.30642179730258484,-0.017263707174460748,0.30649882330159772,0.16173971950881619,0.68212033841638409,0.3406250072594908,0,0,1.1351519999999999,1.5601070000000001,1,1000000000,1000000000,0,-0.15676678594900295,-0.084350861608982086,32,0,0.42315624455680545,-0.032531351272160357,map,2,0,0.30446901919693353,-0.012400138389800992,2535000000
S2,no_observed_dynamic,110,2585000000,0,1,"solved_soft_dynamic","solved",120,0.30642179730258484,-0.017263707174460748,0.30649882330159772,0.16173971950881619,0.68212033841638409,0.3406250072594908,0,0,1.142852,1.522505,1,1000000000,1000000000,0,-0.15676678594900295,-0.084350861608982086,32,0,0.42315624455680545,-0.032531351272160357,map,2,0,0.30446901919693353,-0.012400138389800992,2535000000
S2,observed,111,2635000000,0,1,"solved_soft_dynamic","solved",110,0.30670575274540174,-0.02118423305877485,0.30682016865897943,0.18956328210355763,0.68986599244165936,0.33163452418327122,0,0,1.1095809999999999,1.5337890000000001,1,1000000000,1000000000,0,-0.084350846009328961,-0.084350861608982086,32,0,0.44662499778310227,-0.032519108455361524,map,2,0,0.30642179730258484,-0.017263707174460748,2585000000
S2,no_observed_dynamic,111,2635000000,0,1,"solved_soft_dynamic","solved",110,0.30670575274540174,-0.02118423305877485,0.30682016865897943,0.18956328210355763,0.68986599244165936,0.33163452418327122,0,0,1.112325,1.491789,1,1000000000,1000000000,0,-0.084350846009328961,-0.084350861608982086,32,0,0.44662499778310227,-0.032519108455361524,map,2,0,0.30642179730258484,-0.017263707174460748,2585000000
S2,observed,112,2685000000,0,1,"solved_soft_dynamic","solved",130,0.30854117218819682,-0.023947700454650677,0.30869165735823995,0.2081387219184398,0.73124767708783911,0.3430297478079295,0,0,1.207848,1.6311819999999999,1,1000000000,1000000000,0,-0.081350906839361414,0.0039735184982419014,32,0,0.46993353372906016,-0.032504150629638878,map,2,0,0.30670575274540174,-0.02118423305877485,2635000000
S2,no_observed_dynamic,112,2685000000,0,1,"solved_soft_dynamic","solved",130,0.30854117218819682,-0.023947700454650677,0.30869165735823995,0.2081387219184398,0.73124767708783911,0.3430297478079295,0,0,1.2043240000000002,1.578875,1,1000000000,1000000000,0,-0.081350906839361414,0.0039735184982419014,32,0,0.46993353372906016,-0.032504150629638878,map,2,0,0.30670575274540174,-0.02118423305877485,2635000000
S2,observed,113,2735000000,0,1,"solved_soft_dynamic","solved",120,0.3086954180486165,-0.025862976531717537,0.30888554530077283,0.23664070308072871,0.73915536815659655,0.33369444570165863,1.2369205510191087e-05,0,1.2224409999999999,1.6643829999999999,1,1000000000,1000000000,0,0.0039735182326694485,0.0039735184982419014,32,0,0.49391151620629842,-0.032498714317683537,map,2,0,0.30854117218819682,-0.023947700454650677,2685000000
S2,no_observed_dynamic,113,2735000000,0,1,"solved_soft_dynamic","solved",120,0.30869650289125494,-0.025862207523050157,0.30888662418545693,0.23664070308072871,0.73915630546144251,0.3336966910503894,0,0,1.1594909999999998,1.5381640000000001,1,1000000000,1000000000,0,0.0039735182326694485,0.0039735184982419014,32,0,0.49391151620629842,-0.032498714317683537,map,2,0,0.30854117218819682,-0.023947700454650677,2685000000
S2,observed,114,2785000000,0,1,"solved_soft_dynamic","solved",130,0.31042310754782571,-0.026748332882348059,0.31064621187246572,0.25566496566324054,0.78064910488117167,0.34526754265121107,3.182234441108847e-05,8.7230895203329749e-05,1.1998090000000001,1.626849,1,1000000000,0.33350359940570995,0,0.0069734584940306377,0.077362015843391418,32,0,0.51778262264323027,-0.032585514753601649,map,2,0,0.3086954180486165,-0.025862976531717537,2735000000
S2,no_observed_dynamic,114,2785000000,0,1,"solved_soft_dynamic","solved",130,0.31043228078537549,-0.02674666787848775,0.31065537012177058,0.25566496566324054,0.78066014244904136,0.34528462186433878,0,0,1.198121,1.57382,1,1000000000,1000000000,0,0.0069734584940306377,0.077362015843391418,32,0,0.51778262264323027,-0.032585514753601649,map,2,0,0.30869650289125494,-0.025862207523050157,2735000000
S2,observed,115,2835000000,0,1,"solved_soft_dynamic","solved",120,0.31045536063189078,-0.026712385471002426,0.31070899063681079,0.28469479595174163,0.78861892052029037,0.33567485351463466,0.00019525555337578478,9.8013588022795994e-05,1.1528689999999999,1.5775129999999999,1,1000000000,0.33136674200458205,0,0.077362004958558828,0.077362015843391418,32,0,0.54213976335086467,-0.033008686155862298,map,2,0,0.31042310754782571,-0.026748332882348059,2785000000
S2,no_observed_dynamic,115,2835000000,0,1,"solved_soft_dynamic","solved",120,0.31049570547957545,-0.026707692748479995,0.3107492861015137,0.28469479595174163,0.78866175830287755,0.33574348193607922,0,0,1.221622,1.60392,1,1000000000,1000000000,0,0.077362004958558828,0.077362015843391418,32,0,0.54213976335086467,-0.033008686155862298,map,2,0,0.31043228078537549,-0.02674666787848775,2785000000
S2,observed,116,2885000000,0,1,"solved_soft_dynamic","solved",130,0.31193601145737998,-0.025790383311526031,0.31220767643751934,0.30406239566627552,0.83006255637110971,0.34697674459916672,0.00038005158146754486,0.00083946706606382758,1.252445,1.6848609999999999,1,1000000000,0.26486179455064596,0,0.080361944128526375,0.17736201584339142,32,0,0.56642433848383311,-0.033117662211463547,map,2,0,0.31045536063189078,-0.026712385471002426,2835000000
S2,no_observed_dynamic,116,2885000000,0,1,"solved_soft_dynamic","solved",130,0.31211144693352105,-0.025776609746464101,0.31238294496529639,0.30406239566627552,0.83024727214658922,0.34727180852567169,0,0,1.204779,1.5813139999999999,1,1000000000,1000000000,0,0.080361944128526375,0.17736201584339142,32,0,0.56642433848383311,-0.033117662211463547,map,2,0,0.31049570547957545,-0.026707692748479995,2835000000
S2,observed,117,2935000000,0,1,"solved_soft_dynamic","solved",140,0.31159001720211599,-0.02457851588443145,0.31187851358993135,0.3333737104016079,0.83793406774193691,0.33696762294474991,0.0018491701697721935,0.00095010237625779432,1.2392970000000001,1.6658009999999999,1,1000000000,0.26282942499100459,0,0.18426842871122062,0.18426845967769623,32,0,0.59095186784756748,-0.032233401749124833,map,2,0,0.31193601145737998,-0.025790383311526031,2885000000
S2,no_observed_dynamic,117,2935000000,0,1,"solved_soft_dynamic","solved",120,0.31208400116352486,-0.024546968300558601,0.31237205434370779,0.3333737104016079,0.83837997626102956,0.33772104411624498,0,0,1.1704949999999998,1.5483640000000001,1,1000000000,1000000000,0,0.18426842871122062,0.18426845967769623,32,0,0.59095186784756748,-0.032233401749124833,map,2,0,0.31211144693352105,-0.025776609746464101,2885000000
S2,observed,118,2985000000,0,1,"solved_soft_dynamic","solved",130,0.31194600751359197,-0.022973421253751306,0.31223890783506614,0.3528793320899985,0.87835726103000122,0.3465984312779023,0.0034204197639356162,0.0070049407205796145,1.2170840000000001,1.6423939999999999,1,1000000000,0.19707060056015924,0,0.1884683602838777,0.28426845967769621,32,0,0.61533111460396195,-0.031537228856401624,map,2,0,0.31159001720211599,-0.02457851588443145,2935000000
S2,no_observed_dynamic,118,2985000000,0,1,"solved_soft_dynamic","solved",130,0.31362746628859661,-0.022878290777943577,0.31391885820867255,0.3528793320899985,0.87998899900773009,0.34928314245329933,0,0,1.212291,1.5918460000000001,1,1000000000,1000000000,0,0.1884683602838777,0.28426845967769621,32,0,0.61533111460396195,-0.031537228856401624,map,2,0,0.31208400116352486,-0.024546968300558601,2935000000
S2,observed,119,3035000000,0,1,"solved_soft_dynamic","solved",30,0.30927047817835657,-0.021218585291310346,0.30956526280193553,0.3819516586832305,0.87979311424519269,0.331266202525205,0.015861907017867771,0.0061188875994908666,0.60961799999999999,1.0295619999999999,1,1000000000,0.20249934529349223,0,0.29081266256980598,0.29081270098686218,32,0,0.63955413464599986,-0.030944333501831518,map,2,0,0.31194600751359197,-0.022973421253751306,2985000000
S2,no_observed_dynamic,119,3035000000,0,1,"solved_soft_dynamic","solved",120,0.31351011365836262,-0.021009451427784129,0.31380109618812518,0.3819516586832305,0.88804063482066398,0.33803251088783848,0,0,1.1746809999999999,1.5558919999999998,1,1000000000,1000000000,0,0.29081266256980598,0.29081270098686218,32,0,0.63955413464599986,-0.030944333501831518,map,2,0,0.31362746628859661,-0.022878290777943577,2985000000
S2,observed,120,3085000000,0,1,"solved_soft_dynamic","solved",40,0.3025860900192669,-0.019647227640383666,0.29650899860478119,0.40486622747083356,0.86982944751789693,0.31892889377467087,0.029812313995197882,0.0080629314303388867,0.67265799999999998,1.1107770000000001,1,1000000000,0.19673906177631872,0,0.29381260101217777,0.39081270098686216,32,0,0.66384981485441852,-0.029884330329021467,map,2,0,0.30927047817835657,-0.021218585291310346,3035000000
S2,no_observed_dynamic,120,3085000000,0,1,"solved_soft_dynamic","solved",130,0.31521253199273574,-0.019113260720687746,0.30907879886263023,0.40486622747083356,0.93062484273177826,0.34383226358063734,0,0,1.207959,1.5963229999999999,1,1000000000,1000000000,0,0.29381260101217777,0.39081270098686216,32,0,0.66384981485441852,-0.029884330329021467,map,2,0,0.31351011365836262,-0.021009451427784129,3035000000
S2,observed,121,3135000000,0,1,"solved_soft_dynamic","solved",40,0.29512232590017712,-0.018159740291139134,0.29020041619061088,0.43377713661693634,0.88350321614829297,0.30576305714187896,0.014779008301560329,0.0093140748180459264,0.66266100000000006,1.10527,1,1000000000,0.20140510104102272,0,0.41181253327522427,0.44176846742630005,32,0,0.68824492542356008,-0.028249120965203114,map,2,0,0.3025860900192669,-0.019647227640383666,3085000000
S2,no_observed_dynamic,121,3135000000,0,1,"solved_soft_dynamic","solved",120,0.31515983364514677,-0.017705470277681636,0.3101247678744003,0.43377713661693634,0.93871103322847005,0.33450096727268114,0,0,1.16317,1.54589,1,1000000000,1000000000,0,0.41181253327522427,0.44176846742630005,32,0,0.68824492542356008,-0.028249120965203114,map,2,0,0.31521253199273574,-0.019113260720687746,3085000000
S2,observed,122,3185000000,0,1,"solved_soft_dynamic","solved",50,0.29486822935744139,-0.016974963997133465,0.29107020057533051,0.45295890869433403,0.97361105887703769,0.32798870992782564,0.0041506645728373514,0.032885168755306268,0.73606099999999997,1.206545,1,1000000000,0.18103163754201423,0,0.44596834050025791,0.54176846742630003,32,0,0.71256639117893716,-0.026117552444564218,map,2,0,0.29512232590017712,-0.018159740291139134,3135000000
S2,no_observed_dynamic,122,3185000000,0,1,"solved_soft_dynamic","solved",130,0.31666362169336221,-0.016790924901749254,0.31274718818406283,0.45295890869433403,0.98029300767727778,0.34650280608234768,0,0,1.2193289999999999,1.604136,1,1000000000,1000000000,0,0.44596834050025791,0.54176846742630003,32,0,0.71256639117893716,-0.026117552444564218,map,2,0,0.31515983364514677,-0.017705470277681636,3135000000
S2,observed,123,3235000000,0,1,"solved_soft_dynamic","solved",110,0.29394370323239832,-0.017164475589804534,0.29064299165160951,0.48207442440320264,0.98386093807896113,0.31903473138125371,0.0056101644148476596,0.0042119998180874078,1.0661,1.50552,1,1000000000,0.25820432024064843,0,0.56011867709457874,0.56246912479400635,32,0,0.7368061838260711,-0.023140010309241173,map,2,0,0.29486822935744139,-0.016974963997133465,3185000000
S2,no_observed_dynamic,123,3235000000,0,1,"solved_soft_dynamic","solved",120,0.31650669508021712,-0.016796405255449905,0.31312515379129757,0.48207442440320264,0.98840605115867031,0.33658601148852924,0,0,1.1791069999999999,1.5669040000000001,1,1000000000,1000000000,0,0.56011867709457874,0.56246912479400635,32,0,0.7368061838260711,-0.023140010309241173,map,2,0,0.31666362169336221,-0.016790924901749254,3185000000
S2,observed,124,3285000000,0,1,"solved_soft_dynamic","solved",30,0.28214456362076895,0.024163883727650774,0.27297321079614223,0,0.55045390379855641,0.30524986121495623,0.11293272561564664,0.016021750147056413,0.62261599999999995,2.4842170000000001,0,1000000000,0.20656289311285014,0,0.56546900887042284,0.66243410110473633,32,0,0.76100993582243825,-0.019509094585158079,map,3,1,0.29394370323239832,-0.017164475589804534,3235000000
S2,no_observed_dynamic,124,3285000000,0,1,"solved_soft_dynamic","solved",30,0.30881964780774257,0.031030116249584044,0.30037248026800539,0,0.6279688084999262,0.34108556195453793,0,0,0.613313,0.99419000000000002,0,1000000000,1000000000,0,0.56546900887042284,0.66243410110473633,32,0,0.76100993582243825,-0.019509094585158079,map,3,0,0.31650669508021712,-0.016796405255449905,3235000000
S2,observed,125,3335000000,0,1,"solved_soft_dynamic","solved",40,0.26565615506176593,0.058288255463644606,0.26936309416289295,0.020711224419165671,0.54009839956957895,0.28940399825070418,0.025534630626690223,0.0064053985215685337,0.65616399999999997,1.093769,1,1000000000,0.2436072147481898,0,0.66243403125554323,0.66243410110473633,32,0,0.78505653269270492,-0.013967051245309484,map,3,0,0.28214456362076895,0.024163883727650774,3285000000
S2,no_observed_dynamic,125,3335000000,0,1,"solved_soft_dynamic","solved",120,0.299906585785922,0.073766211029505868,0.30685710817602541,0.020711224419165671,0.64115993551929018,0.33916439003600424,0,0,1.2244029999999999,1.6008260000000001,1,1000000000,1000000000,0,0.66243403125554323,0.66243410110473633,32,0,0.78505653269270492,-0.013967051245309484,map,3,0,0.30881964780774257,0.031030116249584044,3285000000
S2,observed,126,3385000000,0,1,"solved_soft_dynamic","solved",40,0.25609702674167872,0.09502643317876705,0.2552742436122617,0.030991934304343109,0.62758054008122199,0.3255032060778546,0.0016700364062016101,0.0095783313344610585,0.6996730000000001,1.1420029999999999,1,1000000000,0.23584650191959433,0,0.66543397842906415,0.72377413511276245,32,0,0.80882225023844323,-0.0079997549496932246,map,3,0,0.26565615506176593,0.058288255463644606,3335000000
S2,no_observed_dynamic,126,3385000000,0,1,"solved_soft_dynamic","solved",220,0.28892809487959731,0.11111196971172338,0.29057123331914869,0.030991934304343109,0.64629941169179905,0.3526872077177946,0,0,1.7361600000000001,2.1161539999999999,1,1000000000,1000000000,0,0.66543397842906415,0.72377413511276245,32,0,0.80882225023844323,-0.0079997549496932246,map,3,0,0.299906585785922,0.073766211029505868,3335000000
S2,observed,127,3435000000,0,1,"solved_soft_dynamic","solved",30,0.24308537447641976,0.12447224752050219,0.26815744587941193,0.059517037900103015,0.62332764186991541,0.31735884109109336,0.013972262833972678,0.0045873895538289999,0.60586699999999993,1.04454,1,1000000000,0.26320256711580148,0,0.72377407923340797,0.72377413511276245,32,0,0.83085812253091018,0.0023283510293046102,map,3,0,0.25609702674167872,0.09502643317876705,3385000000
S2,no_observed_dynamic,127,3435000000,0,1,"solved_soft_dynamic","solved",220,0.27814615839122914,0.14329279220256572,0.30736897838376143,0.059517037900103015,0.65759296648668653,0.35278456729474611,0,0,1.7638129999999999,2.1412549999999997,1,1000000000,1000000000,0,0.72377407923340797,0.72377413511276245,32,0,0.83085812253091018,0.0023283510293046102,map,3,0,0.28892809487959731,0.11111196971172338,3385000000
S2,observed,128,3485000000,0,1,"solved_soft_dynamic","solved",140,0.23744050983176218,0.15581997086393318,0.28302475143105954,0.069021642927972124,0.69564580007005516,0.35891572544211653,0.00071161360897314637,0.0018320131578268258,1.37191,1.8060229999999999,1,1000000000,0.28978754204710455,0,0.72377407923340797,0.72288614511489868,32,0,0.85293795113870929,0.012747822133128613,map,3,0,0.24308537447641976,0.12447224752050219,3435000000
S2,no_observed_dynamic,128,3485000000,0,1,"solved_soft_dynamic","solved",160,0.26880372426212168,0.17308204227839447,0.31836366100437163,0.069021642927972124,0.69961710062311533,0.38127850228749255,0,0,1.5274329999999998,1.905896,1,1000000000,1000000000,0,0.72377407923340797,0.72288614511489868,32,0,0.85293795113870929,0.012747822133128613,map,3,0,0.27814615839122914,0.14329279220256572,3435000000
S2,observed,129,3535000000,0,1,"solved_soft_dynamic","solved",150,0.23112100838133096,0.18142973558436851,0.29378365213312579,0.10765283797123928,0.70758678982864442,0.34493107343913304,0.0026269483878494284,0.001750352422337001,1.291221,1.729792,1,1000000000,0.2916737792719889,0,0.72288612136617303,0.72288614511489868,32,0,0.87379781192692052,0.027581232984660097,map,3,0,0.23744050983176218,0.15581997086393318,3485000000
S2,no_observed_dynamic,129,3535000000,0,1,"solved_soft_dynamic","solved",190,0.26050006914255464,0.1980168016524067,0.32704386286184983,0.10765283797123928,0.71299057425830892,0.3674160524183529,0,0,1.553469,1.93224,1,1000000000,1000000000,0,0.72288612136617303,0.72288614511489868,32,0,0.87379781192692052,0.027581232984660097,map,3,0,0.26880372426212168,0.17308204227839447,3485000000
S2,observed,130,3585000000,0,1,"solved_soft_dynamic","solved",110,0.22635533303679795,0.20473773796651751,0.30478642139569356,0.11766531269085619,0.75030505618521726,0.37530936266339809,0.0018301620691895419,0.0020527830327263324,1.1985870000000001,1.637106,1,0.38513535499647977,0.2858986184641904,0,0.72288612136617303,0.63114774227142334,32,0,0.89457560111852252,0.041734854990701516,map,3,0,0.23112100838133096,0.18142973558436851,3535000000
S2,no_observed_dynamic,130,3585000000,0,1,"solved_soft_dynamic","solved",150,0.25382718525244385,0.22060032290173737,0.33610967840712275,0.11766531269085619,0.75444648108199774,0.39615266387679166,0,0,1.447476,1.823126,1,1000000000,1000000000,0,0.72288612136617303,0.63114774227142334,32,0,0.89457560111852252,0.041734854990701516,map,3,0,0.26050006914255464,0.1980168016524067,3535000000
S2,observed,131,3635000000,0,1,"solved_soft_dynamic","solved",130,0.22135080633303633,0.22262300807051971,0.31319487101453181,0.15769095448440093,0.76283391393239974,0.35955351083674547,0.0034439703345153141,0.0025737403676789703,1.194032,1.623381,1,0.36594966776668247,0.27783857979124116,0,0.63114770455285907,0.63114774227142334,32,0,0.91447643837294335,0.060457376671714511,map,3,0,0.22635533303679795,0.20473773796651751,3585000000
S2,no_observed_dynamic,131,3635000000,0,1,"solved_soft_dynamic","solved",160,0.2482693501093429,0.23843579224464972,0.34386239639159438,0.15769095448440093,0.76791104521994435,0.38090094374607414,0,0,1.3503609999999999,1.727695,1,1000000000,1000000000,0,0.63114770455285907,0.63114774227142334,32,0,0.91447643837294335,0.060457376671714511,map,3,0,0.25382718525244385,0.22060032290173737,3585000000
S2,observed,132,3685000000,0,1,"solved_soft_dynamic","solved",80,0.21529597307818554,0.23529691573208655,0.3169921635366918,0.16831561821783464,0.76740535133054788,0.37712458417502087,0.0035822710342235447,0.0027710968916605152,0.91322500000000006,1.3474599999999999,1,0.34431861372328632,0.2747305651306865,0,0.63114770455285907,0.53637772798538208,32,0,0.9341185446441046,0.078341379979708803,map,3,0,0.22135080633303633,0.22262300807051971,3635000000
S2,no_observed_dynamic,132,3685000000,0,1,"solved_soft_dynamic","solved",140,0.24182959479664312,0.25105872500314746,0.34733656869948237,0.16831561821783464,0.77204954778306578,0.39806086765989218,0,0,1.2599530000000001,1.6382000000000001,1,1000000000,1000000000,0,0.63114770455285907,0.53637772798538208,32,0,0.9341185446441046,0.078341379979708803,map,3,0,0.2482693501093429,0.23843579224464972,3635000000
S2,observed,133,3735000000,0,1,"solved_soft_dynamic","solved",40,0.20602988741769038,0.24280355720904095,0.31396434801136208,0.21174966192117298,0.803858079469013,0.35146235123603675,0.011439049018102847,0.0081161580154057618,0.64485599999999998,1.0759540000000001,1,0.33053726139811723,0.24313452112470646,0,0.53637765813618898,0.53637772798538208,32,0,0.95188094691616387,0.098405344453008248,map,3,0,0.21529597307818554,0.23529691573208655,3685000000
S2,no_observed_dynamic,133,3735000000,0,1,"solved_soft_dynamic","solved",120,0.23985628785501542,0.26286473176554304,0.35276413389666172,0.21174966192117298,0.82336976754718583,0.38551990299019806,0,0,1.118323,1.4952329999999998,1,1000000000,1000000000,0,0.53637765813618898,0.53637772798538208,32,0,0.95188094691616387,0.098405344453008248,map,3,0,0.24182959479664312,0.25105872500314746,3685000000
S2,observed,134,3785000000,0,1,"solved_soft_dynamic","solved",30,0.19730470890738466,0.24679678527755122,0.30985785877736477,0.22233951409099945,0.82234573713126036,0.36777933142127273,0.01112016923822938,0.0094410419984151048,0.60131599999999996,1.0318639999999999,1,0.31094356167889181,0.2378068997750632,0,0.53637765813618898,0.4363777279853821,32,0,0.96984848888186481,0.11813986023657359,map,3,0,0.20602988741769038,0.24280355720904095,3735000000
S2,no_observed_dynamic,134,3785000000,0,1,"solved_soft_dynamic","solved",100,0.23978707740261643,0.27252372386725693,0.35892888174071691,0.22233951409099945,0.86557288677717814,0.41349702658026932,0,0,1.025928,1.3958650000000001,1,1000000000,1000000000,0,0.53637765813618898,0.4363777279853821,32,0,0.96984848888186481,0.11813986023657359,map,3,0,0.23985628785501542,0.26286473176554304,3735000000
S2,observed,135,3835000000,0,1,"solved_soft_dynamic","solved",40,0.18681291065278546,0.24644719122288511,0.30175996385679049,0.26392209232779712,0.83913609509714537,0.33775155656949257,0.018221586739651071,0.012439096276129481,0.69792599999999994,1.137564,1,0.29588937551422512,0.23147766010777437,0,0.42397625220473856,0.42397630214691162,32,0,0.98637805267313972,0.13829171837127013,map,3,0,0.19730470890738466,0.24679678527755122,3785000000
S2,no_observed_dynamic,135,3835000000,0,1,"solved_soft_dynamic","solved",120,0.2406905427280569,0.27872146653614055,0.36374289940328219,0.26392209232779712,0.87610396961449011,0.39324156964180357,0,0,1.1273200000000001,1.510254,1,1000000000,1000000000,0,0.42397625220473856,0.42397630214691162,32,0,0.98637805267313972,0.13829171837127013,map,3,0,0.23978707740261643,0.27252372386725693,3785000000
S2,observed,136,3885000000,0,1,"solved_soft_dynamic","solved",30,0.177363196886548,0.2434320483100644,0.29259626219176754,0.2742716487282737,0.85796004456334829,0.35106210779183711,0.016844170219624578,0.014738001692378995,0.62019899999999994,1.055105,1,0.27778758929236314,0.22492139624099305,0,0.42397624929435551,0.35115694999694824,32,0,1.0030433402453831,0.15862115996357382,map,3,0,0.18681291065278546,0.24644719122288511,3835000000
S2,no_observed_dynamic,136,3885000000,0,1,"solved_soft_dynamic","solved",120,0.24057066707333793,0.28072890980291398,0.36494710069305103,0.2742716487282737,0.88245944798426501,0.40900292905495711,0,0,1.1248420000000001,1.498923,1,1000000000,1000000000,0,0.42397624929435551,0.35115694999694824,32,0,1.0030433402453831,0.15862115996357382,map,3,0,0.2406905427280569,0.27872146653614055,3835000000
S2,observed,137,3935000000,0,1,"solved_soft_dynamic","solved",40,0.14866093465425989,0.2352567265554952,0.2658223513615775,0.31566997617319398,0.83951756213065387,0.29704081043966135,1.2225787260972263,0.17944780100963365,0.68519099999999999,1.123337,1,0.26416989236166177,0.1460455717411423,0,0.35115689388476312,0.35115694999694824,32,0,1.0189388630049065,0.18015905469987889,map,3,0,0.177363196886548,0.2434320483100644,3885000000
S2,no_observed_dynamic,137,3935000000,0,1,"solved_soft_dynamic","solved",80,0.24358777922659058,0.28232560641712878,0.36857638423651362,0.31566997617319398,0.92300170147331984,0.39513980021342143,0,0,0.89792099999999997,1.2745199999999999,1,1000000000,1000000000,0,0.35115689388476312,0.35115694999694824,32,0,1.0189388630049065,0.18015905469987889,map,3,0,0.24057066707333793,0.28072890980291398,3885000000
S2,observed,138,3985000000,0,1,"solved_soft_dynamic","solved",40,0.11758446794830416,0.21832991782914452,0.23119788700304861,0.3260431512205974,0.81439448112583479,0.27901498942390174,0.26555583776236591,0.055554534834678565,0.68282699999999996,1.116849,1,0.24724666952167507,0.19548960814437299,0,0.35115689388476312,0.25643542408943176,32,0,1.0347777176829072,0.2015086511019975,map,3,0,0.14866093465425989,0.2352567265554952,3935000000
S2,no_observed_dynamic,138,3985000000,0,1,"solved_soft_dynamic","solved",80,0.24537297694666263,0.28006206108723347,0.36846406059886294,0.3260431512205974,0.92390644466598659,0.40980111019599358,0,0,0.92936200000000002,1.30339,1,1000000000,1000000000,0,0.35115689388476312,0.25643542408943176,32,0,1.0347777176829072,0.2015086511019975,map,3,0,0.24358777922659058,0.28232560641712878,3935000000
S2,observed,139,4035000000,0,1,"solved_soft_dynamic","solved",40,0.084450657272500007,0.19890675970199187,0.19309568636710184,0.36766469508680627,0.79977782731229374,0.22150409401480425,1.0730889361198006,0.16734464151051343,0.68213499999999994,1.125712,1,0.23388998462579758,0.14674041012052408,0,0.25643539265729487,0.25643542408943176,32,0,1.0504001173024089,0.22331643067660797,map,3,0,0.11758446794830416,0.21832991782914452,3985000000
S2,no_observed_dynamic,139,4035000000,0,1,"solved_soft_dynamic","solved",100,0.24865428224815281,0.27621744488344935,0.3683143333726665,0.36766469508680627,0.93706195467550257,0.38904944827408705,0,0,1.0057210000000001,1.3811279999999999,1,1000000000,1000000000,0,0.25643539265729487,0.25643542408943176,32,0,1.0504001173024089,0.22331643067660797,map,3,0,0.24537297694666263,0.28006206108723347,3985000000
S2,observed,140,4085000000,0,1,"solved_soft_dynamic","solved",40,0.049209143625579793,0.17663047726912259,0.15181224346126729,0.37803131529988165,0.7825627037403089,0.20378856843133894,7.9034475825233379,1.203939739814688,0.691998,1.1301289999999999,1,0.21514303379620947,0.052711526629380612,0,0.25643539265729487,0.15643542408943176,32,0,1.0658445846177982,0.24514003225271691,map,3,0,0.084450657272500007,0.19890675970199187,4035000000
S2,no_observed_dynamic,140,4085000000,0,1,"solved_soft_dynamic","solved",100,0.25207096851738175,0.27071886907279014,0.36736126865861174,0.37803131529988165,0.96871276946381002,0.40763846404256693,0,0,1.0199469999999999,1.4020899999999998,1,1000000000,1000000000,0,0.25643539265729487,0.15643542408943176,32,0,1.0658445846177982,0.24514003225271691,map,3,0,0.24865428224815281,0.27621744488344935,4035000000
S2,observed,141,4135000000,0,1,"solved_soft_dynamic","solved",40,0.015506495256812108,0.15065671805609104,0.10973540424304212,0.40829052515388808,0.76841631108756214,0.158725521965523,2.5901026271168943,0.38491451307771873,0.69007400000000008,1.1274600000000001,1,0.20066044752987211,0.09365071138130987,0,0.17343551589874551,0.15194950997829437,32,0,1.0795393114335254,0.26671088538030924,map,3,0,0.049209143625579793,0.17663047726912259,4085000000
S2,no_observed_dynamic,141,4135000000,0,1,"solved_soft_dynamic","solved",90,0.25689005936272086,0.26328569589225348,0.36636304256908792,0.40829052515388808,0.98715697187876739,0.39944709595015415,0,0,0.98524299999999998,1.3610090000000001,1,1000000000,1000000000,0,0.17343551589874551,0.15194950997829437,32,0,1.0795393114335254,0.26671088538030924,map,3,0,0.25207096851738175,0.27071886907279014,4085000000
S2,observed,142,4185000000,0,1,"solved_soft_dynamic","solved",50,-0.014312973601971035,0.12440267837705025,0.070009310994731802,0.42822463642944192,0.75402724376836194,0.1326379740548998,6.7494624657918862,1.5022087552748997,0.78561600000000009,1.2332529999999999,1,0.19076414287150412,0.028897661978880607,0,0.15194948355201632,0.085986755788326263,32,0,1.0936465755875251,0.2884952621736766,map,3,0,0.015506495256812108,0.15065671805609104,4135000000
S2,no_observed_dynamic,142,4185000000,0,1,"solved_soft_dynamic","solved",80,0.26292431391532523,0.25473905052514534,0.36539090274604474,0.42822463642944192,1.0232873501035173,0.40673578817877731,0,0,0.92265700000000006,1.304983,1,1000000000,1000000000,0,0.15194948355201632,0.085986755788326263,32,0,1.0936465755875251,0.2884952621736766,map,3,0,0.25689005936272086,0.26328569589225348,4135000000
S2,observed,143,4235000000,0,1,"solved_soft_dynamic","solved",40,-0.043489727965720051,0.096700817211816573,0.033742746025211302,0.45794393697665292,0.73233269898335851,0.090371031438783528,5.1766911490970431,1.1330141999967192,0.67726299999999995,1.1159060000000001,1,0.177484321681316,0.032948552900292361,0,0.085986743215471506,0.085986755788326263,32,0,1.106738155503066,0.3098907464420993,map,3,0,-0.014312973601971035,0.12440267837705025,4185000000
S2,no_observed_dynamic,143,4235000000,0,1,"solved_soft_dynamic","solved",90,0.27024074039239243,0.24419504794680405,0.36420207016197342,0.45794393697665292,1.0408966457204412,0.3979128314167002,0,0,0.94577199999999995,1.352984,1,1000000000,1000000000,0,0.085986743215471506,0.085986755788326263,32,0,1.106738155503066,0.3098907464420993,map,3,0,0.26292431391532523,0.25473905052514534,4185000000
S2,observed,144,4285000000,0,1,"solved_soft_dynamic","solved",80,-0.049247756148275527,0.096921071299986894,0.025722875233795739,0.49600862968015519,1.0247796734950385,0.15421583268669606,28.163065019953923,23.016569490168024,0.96442000000000005,1.40452,0,0.1641900587083438,-0.28836216373570195,13,0.044986865759710781,-0.014013244211673742,32,0,1.1195506796072088,0.33151470834947494,map,3,1,-0.043489727965720051,0.096700817211816573,4235000000
S2,no_observed_dynamic,144,4285000000,0,1,"solved_soft_dynamic","solved",100,0.2789377494008447,0.23251052878447559,0.36309929742080738,0.49600862968015519,1.0532141108749105,0.37761565426875643,0,0,1.0033850000000002,1.3788279999999999,0,1000000000,1000000000,0,0.044986865759710781,-0.014013244211673742,32,0,1.1195506796072088,0.33151470834947494,map,3,1,0.27024074039239243,0.24419504794680405,4235000000
