run,scene,mode,phase,startup,success,finished,reason,contact_messages,min_dynamic_clearance_m,arrival_s,elapsed_s,wait_s,longest_stall_s,clear_resume_s,actual_clear_s,actual_clear_resume_s,forward_reversals,control_samples,valid_samples,oracle_common_samples
S2_B0_01,S2,B0,calibration,False,True,goal_result,,0,0.5324294528003912,18.629,18.629,0.19999999999999998,0.1,0.018,8.558,0.1,2,372,372,931
S2_B0_02,S2,B0,calibration,False,True,goal_result,,0,0.5495102068875023,18.09,18.09,0.08,0.08,0.014,8.554,0.0,2,361,361,904
S2_B0_03,S2,B0,calibration,False,True,goal_result,,0,0.5627920004963398,18.262,18.262,0.06,0.06,0.017,8.557,0.0,2,365,365,913
S2_B0_04,S2,B0,calibration,False,True,goal_result,,0,0.5218350828567866,18.379,18.379,0.08,0.08,0.019,8.559,0.0,2,367,367,919
S2_B0_05,S2,B0,calibration,False,True,goal_result,,0,0.5651265158831446,17.61,17.61,0.1,0.1,0.017,8.557,0.0,2,352,352,880
S2_B0_06,S2,B0,calibration,False,True,goal_result,,0,0.5211174596772463,18.018,18.018,0.04,0.04,0.019,8.559,0.0,2,360,360,900
S2_B0_07,S2,B0,calibration,False,True,goal_result,,0,0.5630284133657464,17.591,17.591,0.08,0.08,0.017,8.557,0.0,0,352,352,879
S2_B0_08,S2,B0,calibration,False,True,goal_result,,0,0.4987997152224986,16.678,16.678,0.08,0.08,0.015,8.555,0.0,0,333,333,834
S2_B0_09,S2,B0,calibration,False,True,goal_result,,0,0.5523422744960922,17.177,17.177,0.1,0.1,0.017,8.557,0.0,0,343,343,859
S2_B0_10,S2,B0,calibration,False,True,goal_result,,0,0.49030776504928236,16.561,16.561,0.08,0.08,0.017,8.557,0.0,0,331,331,828
S2_B0_11,S2,B0,calibration,False,True,goal_result,,0,0.5377171625471201,18.111,18.111,0.08,0.08,0.017,8.557,0.0,0,362,362,905
S2_B0_12,S2,B0,calibration,False,True,goal_result,,0,0.5394146542261707,17.312,17.312,0.06,0.06,0.017,8.557,0.0,0,346,346,865
S2_B0_13,S2,B0,calibration,False,True,goal_result,,0,0.3619900643308719,14.432,14.432,0.08,0.08,0.015,8.555,0.0,0,288,288,721
S2_B0_14,S2,B0,calibration,False,True,goal_result,,0,0.3817329238417347,14.426,14.426,0.06,0.06,0.016,8.556,0.0,0,288,288,721
S2_B0_15,S2,B0,calibration,False,True,goal_result,,0,0.361604911927255,14.405,14.405,0.06,0.06,0.017,8.557,0.0,0,288,288,720
S2_B0_16,S2,B0,calibration,False,True,goal_result,,0,0.26547691732262274,13.862,13.862,0.06,0.06,0.018,8.558,0.0,0,277,277,693
S2_B0_17,S2,B0,calibration,False,True,goal_result,,0,0.22752319993603787,13.626,13.626,0.06,0.06,0.015,8.555,0.0,0,272,272,681
S2_B0_18,S2,B0,calibration,False,True,goal_result,,0,0.28515284199470814,13.92,13.92,0.06,0.06,0.016,8.556,0.0,0,278,278,696
S2_B0_19,S2,B0,calibration,False,True,goal_result,,0,0.25708315612582566,13.61,13.61,0.06,0.06,0.019,8.559,0.0,0,272,272,680
S2_B0_20,S2,B0,calibration,False,True,goal_result,,0,0.3290173375367064,14.171,14.171,0.1,0.1,0.016,8.556,0.0,0,283,283,708
