branch,commit,unpublished_commits,new_blob_mib,largest_blob_mib,value_basis,selected,remote_status
codex/dynamic-differential-risk,e680b1430db6efd8dc601d5585ee207e5f9b42a4,230,393.76,143.44,"Inspected unique commits, source changes and experiment conclusions; docs/dynamic_navigation/dynamic_prediction_stage_decision_20260929.md; docs/dynamic_navigation/research_continuation_checkpoint_20260930.md; docs/dynamic_navigation/research_stage_conclusion_20261001.md",individual_original_history_push,not_attempted_same_auth_block
experiment/controller-odom-contract,96799412e0b60a2b55eda2ed567476160d675e9e,25,243.44,8.5,"Inspected unique commits, source changes and experiment conclusions; docs/dynamic_obstacle_critic/controller_odom_contract_experiment.md; docs/dynamic_obstacle_critic/stage2_progress.md",individual_original_history_push,not_attempted_same_auth_block
experiment/cv-support-bound-contract,ca3a50dcd50bd5059b686f59f00cc50941f5a20c,42,399.05,8.5,"Inspected unique commits, source changes and experiment conclusions; docs/contracts/dynamic_obstacle_geometry_contract_2027.md; docs/dynamic_obstacle_critic/cv_support_bound_experiment.md; docs/dynamic_obstacle_critic/stage2_progress.md; src/rm_dynamic_obstacle_critic/README.md; src/rm_dynamic_obstacle_critic/config/cv_support_assumptions_offline.yaml",individual_original_history_push,not_attempted_same_auth_block
experiment/cv-support-factor-audit,b17b73a5d887c78945e5db89b95cb7e866ac85eb,40,398.86,8.5,"Inspected unique commits, source changes and experiment conclusions; docs/contracts/dynamic_obstacle_geometry_contract_2027.md; docs/dynamic_obstacle_critic/cv_support_factor_experiment.md; docs/dynamic_obstacle_critic/stage2_progress.md; src/rm_dynamic_obstacle_critic/CMakeLists.txt; src/rm_dynamic_obstacle_critic/README.md",individual_original_history_push,not_attempted_same_auth_block
experiment/dynamic-consumption-evidence,180a773cd000a338b99ea43841dbb0943af500f6,32,391.18,8.5,"Inspected unique commits, source changes and experiment conclusions; docs/dynamic_obstacle_critic/dynamic_consumption_evidence_experiment.md; docs/dynamic_obstacle_critic/stage2_progress.md; docs/dynamic_obstacle_critic/controller_odom_contract_experiment.md; src/rm_dynamic_obstacle_critic/tools/analyze_dynamic_cost_labels.py; src/rm_dynamic_obstacle_critic/tools/replay_effective_native_witness.py",individual_original_history_push,not_attempted_same_auth_block
experiment/dynamic-documents-archive-20261004,1229583ff5811bc42671188f05332d0b3780ebd2,80,2037.17,96.43,"Inspected unique commits, source changes and experiment conclusions; docs/dynamic_navigation/history_documents_20261004/legacy_e680b143/docs/dynamic_navigation/research_stage_conclusion_20261001.md; docs/dynamic_navigation/history_documents_20261004/legacy_e680b143/docs/dynamic_navigation/v1_research_freeze_20260925.md; docs/dynamic_navigation/history_documents_20261004/legacy_e680b143/docs/tdt_migration/p2b_heading_follow_experiment.md",individual_original_history_push,not_attempted_same_auth_block
experiment/dynamic-surface-reveal,b5645ecaf6b4575a6537a0a0a9907f4891955955,76,2028.69,96.43,"Inspected unique commits, source changes and experiment conclusions; docs/dynamic_obstacle_critic/observed_surface_members_experiment.md; docs/dynamic_obstacle_critic/controller_odom_contract_experiment.md; docs/dynamic_obstacle_critic/cv_support_bound_experiment.md",individual_original_history_push,not_attempted_same_auth_block
experiment/ground-robot-extent-prior,e50b5eeb208f438f7a1cf73a8463fa140ae16348,34,391.6,8.5,"Inspected unique commits, source changes and experiment conclusions; docs/dynamic_obstacle_critic/ground_robot_extent_prior_experiment.md; docs/dynamic_obstacle_critic/stage2_progress.md; src/rm_dynamic_obstacle_critic/README.md; src/rm_dynamic_obstacle_critic/config/ground_robot_extent_prior_offline.yaml",individual_original_history_push,not_attempted_same_auth_block
experiment/hws-migration-audit-20261003,652f14cea66edc0fcd77401de7db41cb6ffa7477,77,2028.92,96.43,"Inspected unique commits, source changes and experiment conclusions; docs/dynamic_navigation/hws_migration_audit_20261003.md; docs/dynamic_navigation/hws_vs_current_prediction_analysis.md; docs/dynamic_navigation/prediction_one_month_exit_plan.md",individual_original_history_push,not_attempted_same_auth_block
experiment/map-uncertainty-stopping,aafd87f6d977c024e86c871cdcdcce3e9200cb74,10,8.99,1.56,"Inspected unique commits, source changes and experiment conclusions; docs/dynamic_obstacle_critic/map_uncertainty_experiment.md; docs/dynamic_obstacle_critic/stage2_progress.md; src/rm_dynamic_obstacle_critic/README.md; src/rm_dynamic_obstacle_critic/tools/audit_scan_geometry.py",individual_original_history_push,not_attempted_same_auth_block
experiment/mechanical-footprint-contract,a4076027050c806104977317141ea53d21c88631,17,21.5,1.81,"Inspected unique commits, source changes and experiment conclusions; docs/dynamic_obstacle_critic/mechanical_footprint_experiment.md; docs/dynamic_obstacle_critic/nearfield_failure_review.md; docs/dynamic_obstacle_critic/stage2_progress.md; src/rm_dynamic_obstacle_critic/README.md; src/rm_dynamic_obstacle_critic/tools/audit_trial_timing.py",individual_original_history_push,not_attempted_same_auth_block
experiment/native-cost-accumulator-evidence,41e9639936718a46a9b3aecaba51981b2805c4f3,58,800.66,9.52,"Inspected unique commits, source changes and experiment conclusions; docs/contracts/dynamic_obstacle_geometry_contract_2027.md; docs/dynamic_obstacle_critic/native_cost_accumulator_evidence_experiment.md; docs/dynamic_obstacle_critic/stage2_evidence/gazebo_native_cost_accumulator_evidence/runtime_source/README.md; src/rm_dynamic_obstacle_critic/README.md; src/rm_dynamic_obstacle_critic/tools/replay_cost_accumulator_trial.py",individual_original_history_push,not_attempted_same_auth_block
experiment/native-cost-map-contract,3ce395889f565b786f980929ad64b6edd4fe8ac2,50,435.77,8.5,"Inspected unique commits, source changes and experiment conclusions; docs/contracts/dynamic_obstacle_geometry_contract_2027.md; docs/dynamic_obstacle_critic/native_cost_map_contract_experiment.md; docs/dynamic_obstacle_critic/stage2_progress.md; src/rm_dynamic_obstacle_critic/CMakeLists.txt; src/rm_dynamic_obstacle_critic/README.md",individual_original_history_push,not_attempted_same_auth_block
experiment/native-cycle-evidence,a12688b2c35b86ebf5ea63dcc86bdc753918f551,19,124.48,1.81,"Inspected unique commits, source changes and experiment conclusions; docs/dynamic_obstacle_critic/architecture.md; docs/dynamic_obstacle_critic/native_cycle_evidence_experiment.md; docs/dynamic_obstacle_critic/nearfield_failure_review.md; src/rm_dynamic_obstacle_critic/CMakeLists.txt; src/rm_dynamic_obstacle_critic/README.md",individual_original_history_push,not_attempted_same_auth_block
experiment/native-factor-aggregation,7c0db1b528ca01624be8ae6ce43ee80eb57ed25a,44,406.99,8.5,"Inspected unique commits, source changes and experiment conclusions; docs/contracts/dynamic_obstacle_geometry_contract_2027.md; docs/dynamic_obstacle_critic/native_factor_aggregation_experiment.md; docs/dynamic_obstacle_critic/stage2_progress.md; src/rm_dynamic_obstacle_critic/CMakeLists.txt; src/rm_dynamic_obstacle_critic/README.md",individual_original_history_push,not_attempted_same_auth_block
experiment/native-factor-safe-mass,60e485bdb2ba73b67da5cce50830d6273c4251e8,48,411.32,8.5,"Inspected unique commits, source changes and experiment conclusions; docs/contracts/dynamic_obstacle_geometry_contract_2027.md; docs/dynamic_obstacle_critic/native_factor_safe_mass_experiment.md; docs/dynamic_obstacle_critic/stage2_progress.md; src/rm_dynamic_obstacle_critic/README.md; src/rm_dynamic_obstacle_critic/tools/audit_native_factor_safe_mass.py",individual_original_history_push,not_attempted_same_auth_block
experiment/native-individual-stage-contract,d688f790f7d8d3223d61a14537de4037146f4c92,54,469.25,8.5,"Inspected unique commits, source changes and experiment conclusions; docs/contracts/dynamic_obstacle_geometry_contract_2027.md; docs/dynamic_obstacle_critic/native_individual_stage_experiment.md; docs/dynamic_obstacle_critic/stage2_progress.md; src/rm_dynamic_obstacle_critic/CMakeLists.txt; src/rm_dynamic_obstacle_critic/README.md",individual_original_history_push,not_attempted_same_auth_block
experiment/native-raw-map-contract,2a67835d59a3310773091db95f864ddc60c6faa9,52,447.98,8.5,"Inspected unique commits, source changes and experiment conclusions; docs/contracts/dynamic_obstacle_geometry_contract_2027.md; docs/dynamic_obstacle_critic/native_raw_map_contract_experiment.md; docs/dynamic_obstacle_critic/stage2_progress.md; src/rm_dynamic_obstacle_critic/CMakeLists.txt; src/rm_dynamic_obstacle_critic/README.md",individual_original_history_push,not_attempted_same_auth_block
experiment/native-safe-control-witness,b89eb1d0ff4cad3ef25d71a64c7d0588e63d985e,21,128.47,1.81,"Inspected unique commits, source changes and experiment conclusions; docs/dynamic_obstacle_critic/architecture.md; docs/dynamic_obstacle_critic/native_cycle_evidence_experiment.md; docs/dynamic_obstacle_critic/native_safe_control_witness_experiment.md; src/rm_dynamic_obstacle_critic/CMakeLists.txt; src/rm_dynamic_obstacle_critic/README.md",individual_original_history_push,not_attempted_same_auth_block
experiment/native-sg-stage-audit,ced13e8ae13a90e88c22e08fb9b67169acfa015e,46,408.7,8.5,"Inspected unique commits, source changes and experiment conclusions; docs/contracts/dynamic_obstacle_geometry_contract_2027.md; docs/dynamic_obstacle_critic/native_sg_stage_experiment.md; docs/dynamic_obstacle_critic/stage2_progress.md; src/rm_dynamic_obstacle_critic/CMakeLists.txt; src/rm_dynamic_obstacle_critic/README.md",individual_original_history_push,not_attempted_same_auth_block
experiment/native-weight-attribution,fea7bf914e42361a3dda0053145e7077687b0a3e,28,246.83,8.5,"Inspected unique commits, source changes and experiment conclusions; docs/dynamic_obstacle_critic/native_weight_attribution_experiment.md; docs/dynamic_obstacle_critic/stage2_progress.md; src/rm_dynamic_obstacle_critic/README.md; src/rm_dynamic_obstacle_critic/tools/analyze_native_weights.py",individual_original_history_push,not_attempted_same_auth_block
experiment/observation-anchor-cv,bc447533ab4a847059e7ca65c54bf9267236a941,62,802.94,9.52,"Inspected unique commits, source changes and experiment conclusions; docs/dynamic_obstacle_critic/architecture.md; docs/dynamic_obstacle_critic/observation_anchor_cv_experiment.md; docs/dynamic_obstacle_critic/stage2_evidence/observation_anchor_preflight/source/docs/contracts/dynamic_obstacle_geometry_contract_2027.md",individual_original_history_push,not_attempted_same_auth_block
experiment/observation-diameter-consumption,e061a245e3d760f27705af1a1125774c84298c34,69,1658.1,37.4,"Inspected unique commits, source changes and experiment conclusions; docs/dynamic_obstacle_critic/observation_diameter_consumption_experiment.md; docs/dynamic_obstacle_critic/stage2_evidence/observation_v2_fixed_scene_runtime/runtime_source/src/rm_chassis_interface/README.md; docs/dynamic_obstacle_critic/stage2_evidence/observation_v2_fixed_scene_runtime/runtime_source/src/rm_competition_interfaces/README.md",individual_original_history_push,not_attempted_same_auth_block
experiment/processed-cv-objective-audit,8523d1f47fbb86e6e976f371e43778addcf40eee,38,395.92,8.5,"Inspected unique commits, source changes and experiment conclusions; docs/dynamic_obstacle_critic/processed_cv_objective_experiment.md; docs/dynamic_obstacle_critic/stage2_progress.md; src/rm_dynamic_obstacle_critic/README.md; src/rm_dynamic_obstacle_critic/CMakeLists.txt",individual_original_history_push,not_attempted_same_auth_block
experiment/r4-hws-prediction-consumption,bdb8b8d00308be4384ea94e8b060d60fd2173d30,41,21.04,1.6,"Inspected unique commits, source changes and experiment conclusions; docs/dynamic_navigation/r4_final_corridor_research.md; docs/dynamic_navigation/r4_hws_prediction_consumption_progress.md; docs/dynamic_navigation/r4_rotation_value_experiment.md; experiments/r4_gazebo_comparison/README.md; experiments/r4_gazebo_comparison/corridor_analyze.py",individual_original_history_push,attempt_failed_missing_https_identity
experiment/raw-rollout-objective-audit,1edb4ee42c1a0ae9b4132d994e5220c92f838469,36,393.49,8.5,"Inspected unique commits, source changes and experiment conclusions; docs/dynamic_obstacle_critic/raw_rollout_objective_experiment.md; docs/dynamic_obstacle_critic/stage2_progress.md; src/rm_dynamic_obstacle_critic/README.md; src/rm_dynamic_obstacle_critic/tools/audit_raw_rollout_objective.py",individual_original_history_push,not_attempted_same_auth_block
experiment/soft-clearance-performance,b92cbe0f48e29c3538e01045163262d2e8fb5d7d,15,18.68,1.81,"Inspected unique commits, source changes and experiment conclusions; docs/dynamic_obstacle_critic/nearfield_failure_review.md; docs/dynamic_obstacle_critic/soft_clearance_performance_experiment.md; docs/dynamic_obstacle_critic/stage2_progress.md; src/rm_dynamic_obstacle_critic/README.md; src/rm_dynamic_obstacle_critic/tools/audit_contact_witness.py",individual_original_history_push,not_attempted_same_auth_block
experiment/soft-map-clearance,2622371295abfdaefc543e1c346346adce36228f,12,11.76,1.78,"Inspected unique commits, source changes and experiment conclusions; docs/dynamic_obstacle_critic/nearfield_failure_review.md; docs/dynamic_obstacle_critic/soft_map_clearance_experiment.md; docs/dynamic_obstacle_critic/stage2_progress.md; src/rm_dynamic_obstacle_critic/README.md; src/rm_dynamic_obstacle_critic/tools/audit_contact_witness.py",individual_original_history_push,not_attempted_same_auth_block
experiment/static-stopping-critic,faabc5a5df059c9a084c58750079bc789ce0619f,8,6.96,0.79,"Inspected unique commits, source changes and experiment conclusions; docs/dynamic_obstacle_critic/static_stopping_experiment.md; src/rm_dynamic_obstacle_critic/tools/audit_raw_transitions.py",individual_original_history_push,not_attempted_same_auth_block
experiment/temporal-mpc-main-20261004,04291a410f193c009e043af88e014cf420e1f68b,9,215.87,7.64,"Inspected unique commits, source changes and experiment conclusions; docs/dynamic_navigation/temporal_mpc_architecture.md; docs/dynamic_navigation/temporal_mpc_freeze_20261004.md; docs/dynamic_navigation/temporal_mpc_progress.md; experiments/temporal_mpc/README.md; experiments/temporal_mpc/gazebo/README.md",individual_original_history_push,not_attempted_same_auth_block
experiment/visible-box-geometry,5b5f654434f5c52c35a85275b8a14a26c16ac7e7,13,15.19,1.78,"Inspected unique commits, source changes and experiment conclusions; docs/dynamic_obstacle_critic/architecture.md; docs/dynamic_obstacle_critic/stage2_progress.md; docs/dynamic_obstacle_critic/visible_box_geometry_experiment.md; src/rm_dynamic_obstacle_tracking/README.md; src/rm_dynamic_obstacle_tracking/config/visible_box_audit.yaml",individual_original_history_push,not_attempted_same_auth_block
feature/dynamic-obstacle-critic,91d7eda09dbece27c52fb711f0f8a1a11666c84a,4,4.57,0.61,"Inspected unique commits, source changes and experiment conclusions; docs/dynamic_obstacle_critic/stage2_progress.md; src/rm_dynamic_obstacle_tracking/README.md; src/rm_dynamic_obstacle_tracking/tools/audit_viewpoint_bias.py",individual_original_history_push,not_attempted_same_auth_block
main,2849cbe4dba5cf7e6548ff3f67e72941c895eef9,1,0.04,0.02,Policy-only local commit; main protected; ancestry preserved by archive branch; do not push main,local_main_only,do_not_push_main
