index,joint_safe_3s,hard_v1,original_overlap_mean,expected_near_count_9,original_v1_score,candidate_v1_score,baseline_total,candidate_total
0,0,1,6.565465348904104e-05,,1666.776123046875,1666.776123046875,1670.996337890625,1670.996337890625
1,0,1,0.0001396190710247341,,1666.8994140625,1666.8994140625,1670.1090087890625,1670.1090087890625
2,0,1,0.0,,1666.6666259765625,1666.6666259765625,1670.793701171875,1670.793701171875
3,0,1,6.2278781263428e-05,,1666.7705078125,1666.7705078125,1670.0240478515625,1670.0240478515625
4,1,1,0.0,,1666.6666259765625,1666.6666259765625,1671.1715087890625,1671.1715087890625
5,1,0,0.0,,0.5,0.5,6.323696136474609,6.323696136474609
6,1,1,0.00011507439632996829,,1666.8583984375,1666.8583984375,1670.83837890625,1670.83837890625
7,0,1,0.00017235312374216398,,1666.9539794921875,1666.9539794921875,1670.7845458984375,1670.7845458984375
8,0,1,0.0,,1666.6666259765625,1666.6666259765625,1671.2098388671875,1671.2098388671875
9,1,1,1.4007153060627046e-05,,1666.6900634765625,1666.6900634765625,1670.4609375,1670.4609375
10,0,1,7.234826954319724e-05,,1666.7872314453125,1666.7872314453125,1669.7484130859375,1669.7484130859375
11,0,1,7.917694360955192e-05,,1666.798583984375,1666.798583984375,1670.143310546875,1670.143310546875
12,1,1,0.00016611611261050253,,1666.9434814453125,1666.9434814453125,1671.1658935546875,1671.1658935546875
13,1,1,3.0957605764084315e-05,,1666.71826171875,1666.71826171875,1670.55322265625,1670.55322265625
14,0,1,8.270684181553497e-05,,1666.8045654296875,1666.8045654296875,1670.2667236328125,1670.2667236328125
15,1,1,0.0001252635089583153,,1666.87548828125,1666.87548828125,1670.225830078125,1670.225830078125
16,0,1,0.00012394995187015053,,1666.873291015625,1666.873291015625,1670.65673828125,1670.65673828125
17,1,1,0.00015929010704507916,,1666.93212890625,1666.93212890625,1669.8372802734375,1669.8372802734375
18,0,1,0.0,,1666.6666259765625,1666.6666259765625,1671.3883056640625,1671.3883056640625
19,0,1,8.787791095926362e-05,,1666.8131103515625,1666.8131103515625,1670.4091796875,1670.4091796875
20,1,1,0.0,,1666.6666259765625,1666.6666259765625,1670.965087890625,1670.965087890625
21,0,1,6.285889284380963e-05,,1666.771484375,1666.771484375,1670.6259765625,1670.6259765625
22,1,1,9.113087886974276e-05,,1666.818603515625,1666.818603515625,1669.68798828125,1669.68798828125
23,0,1,0.00016591345497878797,,1666.9432373046875,1666.9432373046875,1670.60595703125,1670.60595703125
24,0,1,0.00010384261210102049,,1666.8397216796875,1666.8397216796875,1670.0029296875,1670.0029296875
25,0,1,0.0002687277362637904,,1667.114501953125,1667.114501953125,1671.132568359375,1671.132568359375
26,0,1,1.3587343750738398e-05,,1666.6893310546875,1666.6893310546875,1671.388427734375,1671.388427734375
27,0,1,0.0,,1666.6666259765625,1666.6666259765625,1670.930419921875,1670.930419921875
28,0,1,8.686575444485737e-05,,1666.8114013671875,1666.8114013671875,1670.46044921875,1670.46044921875
29,0,1,0.0,,1666.6666259765625,1666.6666259765625,1670.5538330078125,1670.5538330078125
30,1,1,0.0005282359398705648,,1667.547119140625,1667.547119140625,1670.485595703125,1670.485595703125
31,0,1,8.611740890475671e-05,,1666.8101806640625,1666.8101806640625,1669.7696533203125,1669.7696533203125
32,1,1,1.6845197772584183e-05,,1666.6947021484375,1666.6947021484375,1670.5499267578125,1670.5499267578125
33,1,1,0.00011488742518459108,,1666.858154296875,1666.858154296875,1670.8477783203125,1670.8477783203125
34,1,1,0.0004573053756507585,,1667.4288330078125,1667.4288330078125,1670.2362060546875,1670.2362060546875
35,1,0,0.0,,0.5,0.5,4.1122846603393555,4.1122846603393555
36,1,1,4.304758358811667e-05,,1666.7384033203125,1666.7384033203125,1670.0081787109375,1670.0081787109375
37,1,1,0.0005165330031035048,,1667.527587890625,1667.527587890625,1670.1541748046875,1670.1541748046875
38,0,1,0.00034357317804563554,,1667.2392578125,1667.2392578125,1670.042236328125,1670.042236328125
39,0,1,0.00014735179714030303,,1666.9122314453125,1666.9122314453125,1671.304931640625,1671.304931640625
40,0,1,0.00017755029508572092,,1666.9625244140625,1666.9625244140625,1670.4556884765625,1670.4556884765625
41,1,1,0.000280764448831648,,1667.1346435546875,1667.1346435546875,1670.207763671875,1670.207763671875
42,1,1,0.00010294794250745486,,1666.8382568359375,1666.8382568359375,1669.977783203125,1669.977783203125
43,1,1,8.520470417547025e-05,,1666.8087158203125,1666.8087158203125,1670.5999755859375,1670.5999755859375
44,0,1,1.8361595927058662e-05,,1666.697265625,1666.697265625,1670.3385009765625,1670.3385009765625
45,0,1,0.0002012075491748211,,1667.001953125,1667.001953125,1669.55908203125,1669.55908203125
46,1,1,1.0161837275996337e-05,,1666.68359375,1666.68359375,1670.4881591796875,1670.4881591796875
47,1,1,0.00015121977850782593,,1666.918701171875,1666.918701171875,1670.34814453125,1670.34814453125
48,1,1,0.0,,1666.6666259765625,1666.6666259765625,1670.90673828125,1670.90673828125
49,0,1,0.0004292422841063196,,1667.382080078125,1667.382080078125,1670.8642578125,1670.8642578125
50,0,1,0.0002137553117125801,,1667.02294921875,1667.02294921875,1670.4990234375,1670.4990234375
51,1,1,1.10420530210768e-06,,1666.66845703125,1666.66845703125,1669.99169921875,1669.99169921875
52,0,1,0.0001575634581927061,,1666.9293212890625,1666.9293212890625,1670.7274169921875,1670.7274169921875
53,1,1,0.00012660745797204607,,1666.877685546875,1666.877685546875,1670.29296875,1670.29296875
54,0,1,0.0,,1666.6666259765625,1666.6666259765625,1671.777099609375,1671.777099609375
55,1,1,0.0002312087865557076,,1667.052001953125,1667.052001953125,1670.7587890625,1670.7587890625
56,0,1,8.281231923495243e-05,,1666.8046875,1666.8046875,1669.99755859375,1669.99755859375
57,0,1,0.00010988802264691672,,1666.849853515625,1666.849853515625,1669.9820556640625,1669.9820556640625
58,0,1,6.259728774441362e-05,,1666.77099609375,1666.77099609375,1670.3359375,1670.3359375
59,1,1,0.00012016617069073547,,1666.866943359375,1666.866943359375,1670.558837890625,1670.558837890625
60,0,1,4.4629870989075984e-05,,1666.7410888671875,1666.7410888671875,1669.67529296875,1669.67529296875
61,1,1,0.0,,1666.6666259765625,1666.6666259765625,1670.758056640625,1670.758056640625
62,0,1,0.00016629892212476378,,1666.94384765625,1666.94384765625,1669.6773681640625,1669.6773681640625
63,1,1,2.904595948261317e-05,,1666.715087890625,1666.715087890625,1669.93896484375,1669.93896484375
64,0,1,4.017379283899122e-05,,1666.733642578125,1666.733642578125,1670.431396484375,1670.431396484375
65,0,1,0.00045055051173853195,,1667.4176025390625,1667.4176025390625,1670.4879150390625,1670.4879150390625
66,0,1,7.482269052504443e-05,,1666.7913818359375,1666.7913818359375,1669.7041015625,1669.7041015625
67,1,1,4.791211516935436e-05,,1666.7464599609375,1666.7464599609375,1671.29345703125,1671.29345703125
68,1,1,0.0,,1666.6666259765625,1666.6666259765625,1670.8270263671875,1670.8270263671875
69,0,1,0.0001653895360760367,,1666.9422607421875,1666.9422607421875,1669.542724609375,1669.542724609375
70,1,1,2.179644471296303e-05,,1666.7030029296875,1666.7030029296875,1669.866455078125,1669.866455078125
71,1,1,0.0005580062326056604,,1667.5966796875,1667.5966796875,1670.4248046875,1670.4248046875
72,1,1,8.030903065003555e-05,,1666.800537109375,1666.800537109375,1670.044921875,1670.044921875
73,0,1,0.00015524120481408987,,1666.9254150390625,1666.9254150390625,1670.005126953125,1670.005126953125
74,0,0,0.0,,0.0,0.0,4.436066627502441,4.436066627502441
75,0,1,0.00011053077103339426,,1666.850830078125,1666.850830078125,1670.1429443359375,1670.1429443359375
76,1,1,0.0,,1666.6666259765625,1666.6666259765625,1671.6370849609375,1671.6370849609375
77,0,1,0.00031093669617150217,,1667.1849365234375,1667.1849365234375,1670.26904296875,1670.26904296875
78,1,1,6.327226242657496e-05,,1666.7720947265625,1666.7720947265625,1670.7442626953125,1670.7442626953125
79,0,1,0.00010385132497346336,,1666.8397216796875,1666.8397216796875,1671.0164794921875,1671.0164794921875
80,1,1,1.4102518076265968e-05,,1666.690185546875,1666.690185546875,1669.946044921875,1669.946044921875
81,0,1,0.00025197507072502467,,1667.086669921875,1667.086669921875,1669.7939453125,1669.7939453125
82,0,1,0.0,,1666.6666259765625,1666.6666259765625,1670.0133056640625,1670.0133056640625
83,0,1,2.119812612021081e-05,,1666.7020263671875,1666.7020263671875,1671.7152099609375,1671.7152099609375
84,0,1,0.00016776858721000203,,1666.9462890625,1666.9462890625,1669.962646484375,1669.962646484375
85,0,1,0.00013170285810172372,,1666.88623046875,1666.88623046875,1670.2191162109375,1670.2191162109375
86,0,1,0.0,,1666.6666259765625,1666.6666259765625,1671.2706298828125,1671.2706298828125
87,1,1,0.00012772877331097506,,1666.8795166015625,1666.8795166015625,1670.1422119140625,1670.1422119140625
88,1,1,6.594648577256645e-05,,1666.776611328125,1666.776611328125,1670.92724609375,1670.92724609375
89,0,1,0.00010828009653706336,,1666.84716796875,1666.84716796875,1671.5865478515625,1671.5865478515625
90,1,1,0.0,,1666.6666259765625,1666.6666259765625,1671.35400390625,1671.35400390625
91,1,1,0.0,,1666.6666259765625,1666.6666259765625,1670.021484375,1670.021484375
92,0,1,0.00015351757177812673,,1666.9224853515625,1666.9224853515625,1670.9464111328125,1670.9464111328125
93,1,1,5.48362494003104e-05,,1666.758056640625,1666.758056640625,1669.8709716796875,1669.8709716796875
94,0,1,0.0,,1666.6666259765625,1666.6666259765625,1670.014892578125,1670.014892578125
95,0,1,0.00019876498763659914,,1666.9979248046875,1666.9979248046875,1670.218505859375,1670.218505859375
96,1,1,0.0,,1666.6666259765625,1666.6666259765625,1670.4967041015625,1670.4967041015625
97,0,1,0.00012579213527429828,,1666.8763427734375,1666.8763427734375,1670.234375,1670.234375
98,0,1,0.0002284566142836804,,1667.0474853515625,1667.0474853515625,1670.405029296875,1670.405029296875
99,1,1,7.516756290737676e-05,,1666.7919921875,1666.7919921875,1670.4178466796875,1670.4178466796875
100,0,1,0.0,,1666.6666259765625,1666.6666259765625,1670.6900634765625,1670.6900634765625
101,1,1,0.00024963038774696185,,1667.082763671875,1667.082763671875,1670.624755859375,1670.624755859375
102,0,1,2.1198738847771033e-05,,1666.7020263671875,1666.7020263671875,1670.576416015625,1670.576416015625
103,1,1,7.857291595933612e-05,,1666.797607421875,1666.797607421875,1670.9783935546875,1670.9783935546875
104,0,1,0.00013929606089612055,,1666.8988037109375,1666.8988037109375,1670.25244140625,1670.25244140625
105,0,1,1.9721223174902105e-05,,1666.6995849609375,1666.6995849609375,1669.5880126953125,1669.5880126953125
106,1,1,7.285997449917738e-06,,1666.6788330078125,1666.6788330078125,1671.3375244140625,1671.3375244140625
107,0,1,0.0,,1666.6666259765625,1666.6666259765625,1669.5357666015625,1669.5357666015625
108,0,1,4.010020621076899e-05,,1666.7335205078125,1666.7335205078125,1670.5115966796875,1670.5115966796875
109,1,1,1.8520999210289297e-05,,1666.697509765625,1666.697509765625,1670.2037353515625,1670.2037353515625
110,0,1,0.00018904015406275246,,1666.981689453125,1666.981689453125,1670.9716796875,1670.9716796875
111,0,1,9.792952270514369e-05,,1666.829833984375,1666.829833984375,1670.2825927734375,1670.2825927734375
112,0,1,0.00010063728254477678,,1666.8343505859375,1666.8343505859375,1669.870849609375,1669.870849609375
113,0,1,0.00029841812664789606,,1667.1640625,1667.1640625,1669.910400390625,1669.910400390625
114,1,1,0.00038029971026871175,,1667.300537109375,1667.300537109375,1670.4190673828125,1670.4190673828125
115,0,1,7.679741894706716e-05,,1666.794677734375,1666.794677734375,1670.048095703125,1670.048095703125
116,0,1,0.0002294097334825122,,1667.049072265625,1667.049072265625,1671.1180419921875,1671.1180419921875
117,0,1,0.0006882808522829711,,1667.8138427734375,1667.8138427734375,1670.8424072265625,1670.8424072265625
118,0,1,0.0,,1666.6666259765625,1666.6666259765625,1670.3157958984375,1670.3157958984375
119,0,1,0.0,,1666.6666259765625,1666.6666259765625,1670.9505615234375,1670.9505615234375
120,0,1,3.305786677260519e-05,,1666.7218017578125,1666.7218017578125,1670.758544921875,1670.758544921875
121,0,1,0.00019315352883842588,,1666.9886474609375,1666.9886474609375,1670.4996337890625,1670.4996337890625
122,1,1,0.0,,1666.6666259765625,1666.6666259765625,1670.2054443359375,1670.2054443359375
123,1,1,2.4447400801482123e-05,,1666.7073974609375,1666.7073974609375,1671.1109619140625,1671.1109619140625
124,1,1,0.00021891881757071587,,1667.031494140625,1667.031494140625,1669.993408203125,1669.993408203125
125,0,1,0.0,,1666.6666259765625,1666.6666259765625,1669.9271240234375,1669.9271240234375
126,0,1,4.326820351221388e-05,,1666.73876953125,1666.73876953125,1670.9349365234375,1670.9349365234375
127,0,1,9.457720916564036e-05,,1666.8243408203125,1666.8243408203125,1670.873779296875,1670.873779296875
128,0,1,9.107561890963554e-05,,1666.8184814453125,1666.8184814453125,1670.25390625,1670.25390625
129,0,1,2.1891145458056274e-08,,1666.666748046875,1666.666748046875,1670.8914794921875,1670.8914794921875
130,0,1,4.323339729213054e-06,,1666.673828125,1666.673828125,1669.793212890625,1669.793212890625
131,0,1,2.6689420420662488e-05,,1666.711181640625,1666.711181640625,1669.715576171875,1669.715576171875
132,0,1,7.051961190016386e-05,,1666.7841796875,1666.7841796875,1670.5516357421875,1670.5516357421875
133,1,1,0.00012348147392368441,,1666.8724365234375,1666.8724365234375,1670.4227294921875,1670.4227294921875
134,0,1,5.322118798705432e-05,,1666.75537109375,1666.75537109375,1670.2257080078125,1670.2257080078125
135,1,1,9.21151794103635e-05,,1666.8201904296875,1666.8201904296875,1669.680908203125,1669.680908203125
136,1,1,0.00016101419745821044,,1666.93505859375,1666.93505859375,1670.115966796875,1670.115966796875
137,0,1,3.485407530620355e-05,,1666.7247314453125,1666.7247314453125,1670.2303466796875,1670.2303466796875
138,0,1,5.271132125723229e-05,,1666.7545166015625,1666.7545166015625,1669.83935546875,1669.83935546875
139,0,1,0.0004857863705137901,,1667.476318359375,1667.476318359375,1670.3612060546875,1670.3612060546875
140,1,1,9.892967195889524e-05,,1666.83154296875,1666.83154296875,1670.831298828125,1670.831298828125
141,1,1,0.00025039232243850114,,1667.083984375,1667.083984375,1670.503662109375,1670.503662109375
142,1,1,0.00016897654414048025,,1666.9482421875,1666.9482421875,1669.473388671875,1669.473388671875
143,1,0,0.0,,0.0,0.0,4.525937080383301,4.525937080383301
144,1,1,0.0003148806055882674,,1667.1915283203125,1667.1915283203125,1670.63671875,1670.63671875
145,1,1,0.00017859195613081794,,1666.96435546875,1666.96435546875,1670.1024169921875,1670.1024169921875
146,0,1,0.00017795946690248629,,1666.9632568359375,1666.9632568359375,1670.162353515625,1670.162353515625
147,0,1,8.145441843631179e-05,,1666.8023681640625,1666.8023681640625,1670.4312744140625,1670.4312744140625
148,0,1,0.0,,1666.6666259765625,1666.6666259765625,1670.8011474609375,1670.8011474609375
149,1,1,0.0,,1666.6666259765625,1666.6666259765625,1670.9957275390625,1670.9957275390625
150,0,1,0.00014329466995263674,,1666.905517578125,1666.905517578125,1670.7052001953125,1670.7052001953125
151,1,1,0.0,,1666.6666259765625,1666.6666259765625,1671.341796875,1671.341796875
152,0,1,5.921986315221165e-05,,1666.765380859375,1666.765380859375,1669.898193359375,1669.898193359375
153,0,1,2.923384012142737e-05,,1666.71533203125,1666.71533203125,1670.0130615234375,1670.0130615234375
154,0,1,0.0,,1666.6666259765625,1666.6666259765625,1670.0091552734375,1670.0091552734375
155,0,1,1.210362072161941e-05,,1666.6868896484375,1666.6868896484375,1670.2547607421875,1670.2547607421875
156,0,1,0.0,,1666.6666259765625,1666.6666259765625,1671.53369140625,1671.53369140625
157,0,1,3.053785528853469e-05,,1666.717529296875,1666.717529296875,1670.4234619140625,1670.4234619140625
158,0,1,0.00012349079593050285,,1666.8724365234375,1666.8724365234375,1669.5177001953125,1669.5177001953125
159,0,1,0.00017340701954808476,,1666.9556884765625,1666.9556884765625,1670.279541015625,1670.279541015625
160,0,1,0.00016106240926196455,,1666.93505859375,1666.93505859375,1669.78515625,1669.78515625
161,0,1,0.00016011088902934681,,1666.9334716796875,1666.9334716796875,1670.433349609375,1670.433349609375
162,1,1,3.775369135406855e-05,,1666.7296142578125,1666.7296142578125,1670.1158447265625,1670.1158447265625
163,0,1,1.861812314291559e-05,,1666.69775390625,1666.69775390625,1670.0848388671875,1670.0848388671875
164,0,1,0.0,,1666.6666259765625,1666.6666259765625,1670.8662109375,1670.8662109375
165,0,1,5.828603546203306e-05,,1666.7637939453125,1666.7637939453125,1671.2767333984375,1671.2767333984375
166,1,1,4.2828573096608375e-06,,1666.673828125,1666.673828125,1669.725830078125,1669.725830078125
167,0,1,0.0001060387153744782,,1666.8433837890625,1666.8433837890625,1669.603271484375,1669.603271484375
168,0,1,0.0,,1666.6666259765625,1666.6666259765625,1670.567138671875,1670.567138671875
169,0,1,0.0,,1666.6666259765625,1666.6666259765625,1669.947509765625,1669.947509765625
170,0,1,0.0,,1666.6666259765625,1666.6666259765625,1670.2838134765625,1670.2838134765625
171,0,1,0.00013308538688000253,,1666.888427734375,1666.888427734375,1669.583251953125,1669.583251953125
172,1,1,0.00011159455604369895,,1666.8526611328125,1666.8526611328125,1670.0869140625,1670.0869140625
173,0,1,0.0002880171150940447,,1667.146728515625,1667.146728515625,1670.933837890625,1670.933837890625
174,0,1,0.00017861457415304825,,1666.96435546875,1666.96435546875,1669.573486328125,1669.573486328125
175,0,1,0.0,,1666.6666259765625,1666.6666259765625,1669.5050048828125,1669.5050048828125
176,1,0,0.0,,0.5,0.5,6.081356525421143,6.081356525421143
177,0,1,0.00011334917820007465,,1666.8555908203125,1666.8555908203125,1670.635986328125,1670.635986328125
178,1,1,0.0,,1666.6666259765625,1666.6666259765625,1670.1917724609375,1670.1917724609375
179,0,1,7.418046240027859e-05,,1666.790283203125,1666.790283203125,1670.353759765625,1670.353759765625
180,1,1,0.00018360892745977096,,1666.97265625,1666.97265625,1670.074462890625,1670.074462890625
181,0,1,0.0,,1666.6666259765625,1666.6666259765625,1670.8031005859375,1670.8031005859375
182,0,1,0.0,,1666.6666259765625,1666.6666259765625,1669.8812255859375,1669.8812255859375
183,0,1,8.339207722598707e-05,,1666.8056640625,1666.8056640625,1669.7996826171875,1669.7996826171875
184,1,1,0.0,,1666.6666259765625,1666.6666259765625,1671.0009765625,1671.0009765625
185,0,1,7.301824697999009e-05,,1666.788330078125,1666.788330078125,1670.0296630859375,1670.0296630859375
186,0,1,3.449213125378683e-05,,1666.72412109375,1666.72412109375,1670.1280517578125,1670.1280517578125
187,0,1,0.0001508229788265181,,1666.9180908203125,1666.9180908203125,1670.533203125,1670.533203125
188,1,1,0.0,,1666.6666259765625,1666.6666259765625,1670.8206787109375,1670.8206787109375
189,0,1,4.467028275737123e-05,,1666.7410888671875,1666.7410888671875,1669.9306640625,1669.9306640625
190,1,1,0.0002169376673687725,,1667.0281982421875,1667.0281982421875,1670.2286376953125,1670.2286376953125
191,0,1,0.0,,1666.6666259765625,1666.6666259765625,1669.936767578125,1669.936767578125
192,1,1,7.670033927802014e-05,,1666.7945556640625,1666.7945556640625,1670.551025390625,1670.551025390625
193,0,1,0.00013210706242078242,,1666.8868408203125,1666.8868408203125,1670.3321533203125,1670.3321533203125
194,0,1,0.0,,1666.6666259765625,1666.6666259765625,1671.149169921875,1671.149169921875
195,0,1,0.0007648663582947978,,1667.94140625,1667.94140625,1670.842529296875,1670.842529296875
196,0,1,1.2206585056707414e-05,,1666.68701171875,1666.68701171875,1670.4796142578125,1670.4796142578125
197,0,1,3.7390325628660794e-05,,1666.72900390625,1666.72900390625,1669.8065185546875,1669.8065185546875
198,1,1,8.478527815124135e-05,,1666.8079833984375,1666.8079833984375,1671.5274658203125,1671.5274658203125
199,0,1,0.0,,1666.6666259765625,1666.6666259765625,1669.92626953125,1669.92626953125
200,0,1,8.695922726983069e-05,,1666.8116455078125,1666.8116455078125,1670.36767578125,1670.36767578125
201,1,1,5.211466472121687e-05,,1666.7535400390625,1666.7535400390625,1670.293212890625,1670.293212890625
202,0,1,0.0001470314180069835,,1666.9117431640625,1666.9117431640625,1670.229248046875,1670.229248046875
203,0,1,9.89916534730858e-06,,1666.68310546875,1666.68310546875,1670.246826171875,1670.246826171875
204,0,1,4.156554051085525e-05,,1666.7359619140625,1666.7359619140625,1670.1710205078125,1670.1710205078125
205,1,1,0.00015510519121993098,,1666.9251708984375,1666.9251708984375,1669.830078125,1669.830078125
206,0,1,2.1416449052691592e-06,,1666.6702880859375,1666.6702880859375,1670.1513671875,1670.1513671875
207,0,1,0.0002197900895062783,,1667.032958984375,1667.032958984375,1669.63720703125,1669.63720703125
208,1,1,6.304413563872854e-05,,1666.771728515625,1666.771728515625,1669.7783203125,1669.7783203125
209,0,1,4.192736005969742e-05,,1666.736572265625,1666.736572265625,1669.8990478515625,1669.8990478515625
210,0,1,0.0,,1666.6666259765625,1666.6666259765625,1669.953369140625,1669.953369140625
211,0,1,3.2218553799525974e-05,,1666.7203369140625,1666.7203369140625,1670.0499267578125,1670.0499267578125
212,0,1,0.0,,1666.6666259765625,1666.6666259765625,1670.1143798828125,1670.1143798828125
213,1,1,3.740777986785983e-05,,1666.72900390625,1666.72900390625,1669.7481689453125,1669.7481689453125
214,1,1,0.0004576626705206247,,1667.429443359375,1667.429443359375,1671.694580078125,1671.694580078125
215,1,1,1.2032434423539603e-05,,1666.686767578125,1666.686767578125,1670.49560546875,1670.49560546875
216,1,1,0.0004291314984790117,,1667.3818359375,1667.3818359375,1670.8380126953125,1670.8380126953125
217,0,1,1.3865147530283341e-05,,1666.6898193359375,1666.6898193359375,1669.9019775390625,1669.9019775390625
218,0,1,0.0,,1666.6666259765625,1666.6666259765625,1672.156005859375,1672.156005859375
219,1,1,9.084403099033438e-06,,1666.6817626953125,1666.6817626953125,1670.6455078125,1670.6455078125
220,0,1,0.0,,1666.6666259765625,1666.6666259765625,1670.8028564453125,1670.8028564453125
221,0,1,1.2951374099254286e-05,,1666.688232421875,1666.688232421875,1670.4842529296875,1670.4842529296875
222,1,1,4.407530323691422e-05,,1666.7401123046875,1666.7401123046875,1670.031005859375,1670.031005859375
223,0,1,1.1717680922375725e-05,,1666.6861572265625,1666.6861572265625,1670.595947265625,1670.595947265625
224,0,1,0.00012373427314616255,,1666.8729248046875,1666.8729248046875,1670.4130859375,1670.4130859375
225,0,1,0.0004444509992907105,,1667.407470703125,1667.407470703125,1670.771728515625,1670.771728515625
226,0,1,0.0001404941845564122,,1666.90087890625,1666.90087890625,1670.595703125,1670.595703125
227,1,1,0.00010279605079969248,,1666.8380126953125,1666.8380126953125,1670.433349609375,1670.433349609375
228,0,1,3.5706254244565105e-05,,1666.7261962890625,1666.7261962890625,1669.9520263671875,1669.9520263671875
229,1,1,7.742989228108887e-05,,1666.7957763671875,1666.7957763671875,1671.041015625,1671.041015625
230,0,1,1.8758012441265366e-07,,1666.6669921875,1666.6669921875,1671.3624267578125,1671.3624267578125
231,0,1,0.00019374972058891726,,1666.9896240234375,1666.9896240234375,1670.743408203125,1670.743408203125
232,0,1,0.0006206162338061334,,1667.7010498046875,1667.7010498046875,1671.5391845703125,1671.5391845703125
233,0,1,9.907155844353302e-05,,1666.831787109375,1666.831787109375,1670.2314453125,1670.2314453125
234,1,1,2.6154383306760092e-05,,1666.710205078125,1666.710205078125,1670.904296875,1670.904296875
235,0,1,0.0001976685052785111,,1666.99609375,1666.99609375,1669.91015625,1669.91015625
236,1,1,0.00036016592257498236,,1667.2669677734375,1667.2669677734375,1670.2774658203125,1670.2774658203125
237,0,1,0.0005912135007573227,,1667.6519775390625,1667.6519775390625,1670.9638671875,1670.9638671875
238,1,1,0.0,,1666.6666259765625,1666.6666259765625,1670.17822265625,1670.17822265625
239,0,1,0.0,,1666.6666259765625,1666.6666259765625,1671.0216064453125,1671.0216064453125
240,0,1,0.00010221079163150003,,1666.8370361328125,1666.8370361328125,1671.0804443359375,1671.0804443359375
241,0,1,0.00020739964683297234,,1667.0123291015625,1667.0123291015625,1670.39697265625,1670.39697265625
242,0,1,0.00010425361426030918,,1666.8404541015625,1666.8404541015625,1670.458740234375,1670.458740234375
243,0,1,8.766610551655941e-05,,1666.812744140625,1666.812744140625,1670.039306640625,1670.039306640625
244,1,1,7.280953697357485e-06,,1666.6788330078125,1666.6788330078125,1670.3333740234375,1670.3333740234375
245,0,1,0.0007531693379635333,,1667.9219970703125,1667.9219970703125,1670.249755859375,1670.249755859375
246,0,1,0.0,,1666.6666259765625,1666.6666259765625,1670.7918701171875,1670.7918701171875
247,1,1,0.0,,1666.6666259765625,1666.6666259765625,1670.632080078125,1670.632080078125
248,0,1,4.684392702502056e-05,,1666.7447509765625,1666.7447509765625,1669.5953369140625,1669.5953369140625
249,1,1,0.0001979375874667175,,1666.99658203125,1666.99658203125,1670.1888427734375,1670.1888427734375
250,0,1,0.00015984383247758042,,1666.93310546875,1666.93310546875,1670.6180419921875,1670.6180419921875
251,0,1,0.0001035247786947238,,1666.8392333984375,1666.8392333984375,1670.119384765625,1670.119384765625
252,0,1,2.760748329074927e-05,,1666.712646484375,1666.712646484375,1669.4256591796875,1669.4256591796875
253,1,1,3.393019801246461e-05,,1666.7232666015625,1666.7232666015625,1670.5328369140625,1670.5328369140625
254,0,1,0.0002034977115947077,,1667.005859375,1667.005859375,1670.7962646484375,1670.7962646484375
255,0,1,0.00013745910223566602,,1666.895751953125,1666.895751953125,1669.839599609375,1669.839599609375
256,1,1,0.0,,1666.6666259765625,1666.6666259765625,1670.193115234375,1670.193115234375
257,0,1,0.00039329379333441104,,1667.3221435546875,1667.3221435546875,1670.1517333984375,1670.1517333984375
258,1,1,0.00011415373412008184,,1666.85693359375,1666.85693359375,1670.66748046875,1670.66748046875
259,0,1,0.0,,1666.6666259765625,1666.6666259765625,1669.7847900390625,1669.7847900390625
260,1,1,0.0001918671184171561,,1666.9864501953125,1666.9864501953125,1670.765625,1670.765625
261,0,1,0.0,,1666.6666259765625,1666.6666259765625,1670.7655029296875,1670.7655029296875
262,1,1,0.0003568424995415106,,1667.2613525390625,1667.2613525390625,1670.0965576171875,1670.0965576171875
263,0,1,0.0004191380135645525,,1667.365234375,1667.365234375,1669.8782958984375,1669.8782958984375
264,0,1,9.675009263305332e-05,,1666.827880859375,1666.827880859375,1669.914306640625,1669.914306640625
265,0,1,6.589657155658522e-05,,1666.7764892578125,1666.7764892578125,1670.0037841796875,1670.0037841796875
266,0,1,0.0,,1666.6666259765625,1666.6666259765625,1670.2266845703125,1670.2266845703125
267,0,1,1.7368010142143952e-06,,1666.6695556640625,1666.6695556640625,1670.1739501953125,1670.1739501953125
268,0,1,3.549438284298883e-05,,1666.725830078125,1666.725830078125,1670.08984375,1670.08984375
269,0,1,2.982789464584686e-05,,1666.7164306640625,1666.7164306640625,1669.7281494140625,1669.7281494140625
270,1,1,0.0,,1666.6666259765625,1666.6666259765625,1670.3060302734375,1670.3060302734375
271,1,1,5.5955873111308806e-05,,1666.7598876953125,1666.7598876953125,1670.1875,1670.1875
272,1,1,0.0003399049989659295,,1667.233154296875,1667.233154296875,1670.4312744140625,1670.4312744140625
273,0,1,0.0,,1666.6666259765625,1666.6666259765625,1669.464599609375,1669.464599609375
274,0,1,7.276976699522447e-05,,1666.7879638671875,1666.7879638671875,1670.5252685546875,1670.5252685546875
275,0,1,0.0,,1666.6666259765625,1666.6666259765625,1671.9627685546875,1671.9627685546875
276,0,1,9.024512724100434e-06,,1666.6817626953125,1666.6817626953125,1670.57763671875,1670.57763671875
277,1,1,1.6444042659709282e-05,,1666.694091796875,1666.694091796875,1670.2811279296875,1670.2811279296875
278,0,1,5.6288225303860896e-05,,1666.760498046875,1666.760498046875,1669.5594482421875,1669.5594482421875
279,0,1,5.391612558117408e-05,,1666.7564697265625,1666.7564697265625,1671.4208984375,1671.4208984375
280,0,1,8.477471459499204e-06,,1666.6807861328125,1666.6807861328125,1669.621337890625,1669.621337890625
281,0,1,0.00026417381415115625,,1667.10693359375,1667.10693359375,1670.792724609375,1670.792724609375
282,1,1,0.0,,1666.6666259765625,1666.6666259765625,1670.1842041015625,1670.1842041015625
283,0,1,0.0002776791941832333,,1667.1295166015625,1667.1295166015625,1669.701171875,1669.701171875
284,0,1,3.444430636259005e-08,,1666.666748046875,1666.666748046875,1671.1448974609375,1671.1448974609375
285,0,1,0.00046712466351217887,,1667.4451904296875,1667.4451904296875,1670.069091796875,1670.069091796875
286,0,1,8.552481585268081e-05,,1666.8092041015625,1666.8092041015625,1669.9580078125,1669.9580078125
287,0,1,0.00033704593557069704,,1667.2283935546875,1667.2283935546875,1670.1248779296875,1670.1248779296875
288,0,1,0.0002925028745282587,,1667.1541748046875,1667.1541748046875,1669.9014892578125,1669.9014892578125
289,0,1,0.00012938268503321498,,1666.88232421875,1666.88232421875,1669.7247314453125,1669.7247314453125
290,1,1,0.00014291150198474583,,1666.9049072265625,1666.9049072265625,1670.583251953125,1670.583251953125
291,0,1,0.0004208758792295589,,1667.3681640625,1667.3681640625,1670.4404296875,1670.4404296875
292,0,1,0.00015478241579083718,,1666.9246826171875,1666.9246826171875,1670.1932373046875,1670.1932373046875
293,0,1,0.00010476110785117597,,1666.84130859375,1666.84130859375,1670.653564453125,1670.653564453125
294,1,1,0.00025959242165613883,,1667.099365234375,1667.099365234375,1670.1558837890625,1670.1558837890625
295,1,1,7.68611271313973e-05,,1666.7947998046875,1666.7947998046875,1671.050048828125,1671.050048828125
296,1,1,0.0001515215929996255,,1666.919189453125,1666.919189453125,1670.479248046875,1670.479248046875
297,1,1,0.00019212314047232758,,1666.98681640625,1666.98681640625,1670.202880859375,1670.202880859375
298,0,1,0.0,,1666.6666259765625,1666.6666259765625,1670.0792236328125,1670.0792236328125
299,0,1,0.00023647216673638153,,1667.060791015625,1667.060791015625,1670.9808349609375,1670.9808349609375
