source_t,tracker_x_m,tracker_y_m,tracker_vy_mps,visible_span_y_m,physical_box_y_m,physical_vy_mps,robot_y_m,online_odom_x_m,online_odom_y_m,online_odom_truth_position_error_m,tracker_minus_box_y_m,signed_visible_bias_m,view_side_from_planned_pose_and_track,view_side_from_online_odom_and_track,truth_view_side,repeat_count
16.039,4.911693884186831,-0.33984747138585764,0.657576719759149,0.3524347043468454,-0.025160645195429696,0.7712873777938406,-1.8,5.25,-1.8,0.0,-0.3146868261904279,0.3146868261904279,south,south,south,1
16.105,4.91199341290437,-0.28342973182773196,0.6803173991131379,0.35488648389939353,0.025774710660220312,0.7692883857879829,-1.8,5.25,-1.8,0.0,-0.30920444248795226,0.30920444248795226,south,south,south,1
16.171,4.9118476712295385,-0.227969726112527,0.6987630984084713,0.3379556296505608,0.07642332430914386,0.7650903195643117,-1.8,5.25,-1.8,0.0,-0.30439305042167086,0.30439305042167086,south,south,south,1
16.237,4.909852432137759,-0.17447627519711137,0.7116466941285962,0.29656894075539253,0.1267377950128045,0.7582445590525699,-1.8,5.25,-1.8,0.0,-0.30121407020991586,0.30121407020991586,south,south,south,1
16.303,4.909302803286049,-0.12043752950970989,0.7239974435960421,0.2675982585287747,0.17649578582063274,0.749157236827158,-1.8,5.25,-1.8,0.0,-0.2969333153303426,0.2969333153303426,south,south,south,1
16.369,4.908480965988734,-0.06613020282012172,0.7353933883730945,0.2473187809701423,0.22568494947535217,0.7375315212555091,-1.8,5.25,-1.8,0.0,-0.2918151522954739,0.2918151522954739,south,south,south,1
16.435,4.9078324905138855,-0.013401843217601326,0.7427171174381546,0.23312314667909959,0.2739883412322877,0.7254325982529277,-1.8,5.25,-1.8,0.0,-0.28739018444988906,0.28739018444988906,south,south,south,1
16.501,4.907276120868,0.0384689816928379,0.747698416468256,0.2231862026753697,0.3214885278656494,0.7118083187384374,-1.8,5.25,-1.8,0.0,-0.2830195461728115,0.2830195461728115,south,south,south,1
16.567,4.905347924701451,0.08798493918191874,0.7479916559029584,0.21623034187275877,0.3680342846438898,0.6959944956105953,-1.8,5.25,-1.8,0.0,-0.2800493454619711,0.2800493454619711,south,south,south,1
16.633,4.905360434401803,0.13914535824004357,0.7511238087102903,0.2182258455639525,0.4134492000970659,0.6778904788915535,-1.8,5.25,-1.8,0.0,-0.2743038418570224,0.2743038418570224,south,south,south,1
16.699,4.905715112600134,0.18899894020192348,0.7516119132337614,0.21275809189476674,0.4574820663464105,0.6577917489733909,-1.8,5.25,-1.8,0.0,-0.268483126144487,0.268483126144487,south,south,south,1
16.765,4.9066964097720005,0.23627510451365014,0.7475412303995326,0.2089306643263367,0.5003021898689971,0.6377893326707997,-1.8,5.25,-1.8,0.0,-0.26402708535534697,0.26402708535534697,south,south,south,1
16.831,4.906279600818452,0.28178389920338764,0.7408524489439684,0.20625146502843567,0.5417737535545332,0.6163559454595421,-1.8,5.25,-1.8,0.0,-0.2599898543511455,0.2599898543511455,south,south,south,1
16.897,4.906493075538634,0.32591353054742644,0.7325255854939128,0.20437602551990494,0.5817181171665807,0.5938302683425573,-1.8,5.25,-1.8,0.0,-0.2558045866191543,0.2558045866191543,south,south,south,1
16.963,4.9075447757632435,0.3678212684729798,0.7212773325012252,0.20306321786393344,0.6201387821344643,0.5686734836053681,-1.8,5.25,-1.8,0.0,-0.25231751366148447,0.25231751366148447,south,south,south,1
17.029,4.907291624192296,0.40854876598281725,0.709264185955381,0.2021442525047534,0.6568667023801402,0.5426050348169698,-1.8,5.25,-1.8,0.0,-0.24831793639732297,0.24831793639732297,south,south,south,1
17.095,4.905987686350284,0.44700191177168874,0.6946630234237964,0.20150097675332737,0.6917457947858473,0.5143661899791419,-1.8,5.25,-1.8,0.0,-0.24474388301415856,0.24474388301415856,south,south,south,1
17.161,4.905743307502671,0.48544044885339,0.6817197951837377,0.20889458776567132,0.7248185769129295,0.4862318736743665,-1.8,5.25,-1.8,0.0,-0.2393781280595395,0.2393781280595395,south,south,south,1
17.227,4.906767320494117,0.5215133902256036,0.6661363907435717,0.20622621143596992,0.7559233105118275,0.45695184801188726,-1.8,5.25,-1.8,0.0,-0.23440992028622387,0.23440992028622387,south,south,south,1
17.293,4.906722425673716,0.556038724866217,0.6496461629225148,0.20435834800517894,0.7851920708151616,0.42723804453556447,-1.8,5.25,-1.8,0.0,-0.22915334594894465,0.22915334594894465,south,south,south,1
17.359,4.90800768899333,0.5881466381270962,0.6308341787884763,0.20305084360362524,0.812363682029611,0.3961125287193701,-1.8,5.25,-1.8,0.0,-0.22421704390251473,0.22421704390251473,south,south,south,1
17.425,4.908410262767886,0.617589962155666,0.6095363479134218,0.20213559052253766,0.8374831063030461,0.3634412935161918,-1.8,5.25,-1.8,0.0,-0.21989314414738015,0.21989314414738015,south,south,south,1
17.491,4.908215595506316,0.6438743061503994,0.5851756231362177,0.20149491336577635,0.860415341346345,0.3299997250488873,-1.8,5.25,-1.8,0.0,-0.21654103519594559,0.21654103519594559,south,south,south,1
17.557,4.907565716975152,0.6665894767880503,0.557388573703074,0.20104643935604344,0.8810449008970592,0.295555411085327,-1.8,5.25,-1.8,0.0,-0.21445542410900897,0.21445542410900897,south,south,south,1
17.623,4.9086005944460736,0.687722581230805,0.5300415337685946,0.2007325075492304,0.8994207308649881,0.26074896428940564,-1.8,5.25,-1.8,0.0,-0.2116981496341831,0.2116981496341831,south,south,south,1
17.689,4.909228003269673,0.7053340528575915,0.49969552804913697,0.20051275528446125,0.9155066977317896,0.22499240614873406,-1.8,5.25,-1.8,0.0,-0.21017264487419807,0.21017264487419807,south,south,south,1
17.755,4.9093422754829446,0.7204952918864026,0.46856796239900067,0.20035892869912286,0.9291786322822428,0.18834681273648346,-1.8,5.25,-1.8,0.0,-0.20868334039584024,0.20868334039584024,south,south,south,1
17.821,4.909115113510629,0.7333426986939233,0.4369872263603457,0.200251250089386,0.9403706931479106,0.13709555314689703,-1.8,5.25,-1.8,0.0,-0.20702799445398723,0.20702799445398723,south,south,south,1
17.887,4.908616848189435,0.7439029011271079,0.4050520850191277,0.20017587506257017,0.9490978072934665,0.06731241373362506,-1.8,5.25,-1.8,0.0,-0.2051949061663586,0.2051949061663586,south,south,south,1
17.953,4.908004396212721,0.751623629135145,0.3718386350190533,0.2001231125437991,0.9493414062075781,0.001781219107186982,-1.8,5.25,-1.8,0.0,-0.1977177770724331,0.1977177770724331,south,south,south,1
18.019,4.907645212922387,0.7546462033339373,0.3342473186783494,0.20008617878065937,0.9470587543883994,-0.0457708321007555,-1.8,5.25,-1.8,0.0,-0.1924125510544621,0.1924125510544621,south,south,south,1
18.085,4.907431891041079,0.7546370455478905,0.29569397131227443,0.20006032514646155,0.943250191602207,-0.06840986099420299,-1.8,5.25,-1.8,0.0,-0.18861314605431656,0.18861314605431656,south,south,south,1
18.151,4.907553043348461,0.7504758604561328,0.2543324585728176,0.20004222760252308,0.9380045582242618,-0.09072418583176978,-1.8,5.25,-1.8,0.0,-0.18752869776812897,0.18752869776812897,south,south,south,1
18.217,4.907682268150309,0.7444414232980375,0.21446736060435667,0.20002955932176614,0.9313003895640597,-0.11313804409660011,-1.8,5.25,-1.8,0.0,-0.18685896626602216,0.18685896626602216,south,south,south,1
18.283,4.908091243209198,0.7358015807961766,0.17464714265662093,0.20002069152523627,0.923088266845345,-0.13599844211563128,-1.8,5.25,-1.8,0.0,-0.18728668604916832,0.18728668604916832,south,south,south,1
18.349,4.908748482394019,0.724966747996983,0.1355835874773117,0.20001448406766537,0.9133914921601608,-0.15956191580060342,-1.8,5.25,-1.8,0.0,-0.18842474416317778,0.18842474416317778,south,south,south,1
18.415,4.90952798598714,0.7131336390319132,0.09928000414843932,0.20001013884736574,0.9020620840030446,-0.18416962935589754,-1.8,5.25,-1.8,0.0,-0.18892844497113137,0.18892844497113137,south,south,south,1
18.481,4.910698034841663,0.6983575024938972,0.06202087786747249,0.200007097193156,0.8890429868521181,-0.21005658276856187,-1.8,5.25,-1.8,0.0,-0.19068548435822097,0.19068548435822097,south,south,south,1
18.547,4.910004332199882,0.681094285661805,0.024712876671808395,0.2000049680352092,0.8743556096645017,-0.23747534400039516,-1.8,5.25,-1.8,0.0,-0.1932613240026967,0.1932613240026967,south,south,south,1
18.613,4.909752513878343,0.6625982507895202,-0.01044728389262184,0.20000347762464643,0.8577758923644696,-0.26688537454751304,-1.8,5.25,-1.8,0.0,-0.19517764157494943,0.19517764157494943,south,south,south,1
18.679,4.9100279757071,0.6426374099715882,-0.044112502543927734,0.20000243433725248,0.8392316336553034,-0.2981374087841665,-1.8,5.25,-1.8,0.0,-0.19659422368371515,0.19659422368371515,south,south,south,1
18.745,4.9109225258325,0.620556870562455,-0.07759917702029717,0.20000170403607673,0.8185228039620221,-0.33045085322761014,-1.8,5.25,-1.8,0.0,-0.19796593339956714,0.19796593339956714,south,south,south,1
18.811,4.910242050863524,0.5966389905993494,-0.11043463928811625,0.2000011928252537,0.7956146969475656,-0.36365853161929806,-1.8,5.25,-1.8,0.0,-0.19897570634821615,0.19897570634821615,south,south,south,1
18.877,4.910405997716529,0.5708330587805205,-0.1427825594198017,0.20000083497767757,0.7704606344369936,-0.397976190331753,-1.8,5.25,-1.8,0.0,-0.19962757565647316,0.19962757565647316,south,south,south,1
18.943,4.9112543883931545,0.543959360195051,-0.17326618664082005,0.2034220545030005,0.7431167589763521,-0.432630626399767,-1.8,5.25,-1.8,0.0,-0.19915739878130112,0.19915739878130112,south,south,south,1
19.009,4.908731360164092,0.5139248049442477,-0.20575690129572405,0.20239543815210034,0.7134019726759696,-0.4667292081619884,-1.8,5.25,-1.8,0.0,-0.19947716773172186,0.19947716773172186,south,south,south,1
19.075,4.90748514296912,0.482098728913789,-0.23763119091891072,0.20167680670647023,0.6815308038908419,-0.5005434613693821,-1.8,5.25,-1.8,0.0,-0.19943207497705284,0.19943207497705284,south,south,south,1
19.141,4.907502317388116,0.4477795362395106,-0.27018575005835216,0.20117376469452916,0.6472973795896599,-0.5334760504201114,-1.8,5.25,-1.8,0.0,-0.19951784335014933,0.19951784335014933,south,south,south,1
19.207,4.908864513440425,0.41054168085967796,-0.3040855361382496,0.2008216352861704,0.6109799870841851,-0.5664024507684179,-1.8,5.25,-1.8,0.0,-0.20043830622450715,0.20043830622450715,south,south,south,1
19.273,4.909352303522717,0.37148413581331713,-0.3372556454580671,0.20057514470031926,0.5725354138528447,-0.5950115456646149,-1.8,5.25,-1.8,0.0,-0.20105127803952755,0.20105127803952755,south,south,south,1
19.339,4.909235445026873,0.3300471652439057,-0.37075801367852446,0.20040260129022347,0.5320997414790287,-0.6217988452837603,-1.8,5.25,-1.8,0.0,-0.20205257623512302,0.20205257623512302,south,south,south,1
19.405,4.908664782671783,0.2874118856624659,-0.4024910311045115,0.2002818209031564,0.49056224114303904,-0.6471585053550324,-1.8,5.25,-1.8,0.0,-0.20315035548057314,0.20315035548057314,south,south,south,1
19.471,4.9094818020662645,0.24425102701258575,-0.431483499489349,0.2001972746322095,0.4469238775263993,-0.6727254056307754,-1.8,5.25,-1.8,0.0,-0.20267285051381354,0.20267285051381354,south,south,south,1
19.537,4.90837675112853,0.19731777952116103,-0.4637232701324519,0.20013809224254664,0.40159623317853343,-0.6968036266114283,-1.8,5.25,-1.8,0.0,-0.2042784536573724,0.2042784536573724,south,south,south,1
19.603,4.907461031118881,0.14866947375415285,-0.4952419756206887,0.20009666456978265,0.3547784848705834,-0.7156454942998736,-1.8,5.25,-1.8,0.0,-0.20610901111643054,0.20610901111643054,south,south,south,1
19.669,4.908358273663255,0.09883777052883252,-0.525193989410028,0.20006766519884783,0.30695222779467396,-0.7328328737494764,-1.8,5.25,-1.8,0.0,-0.20811445726584143,0.20811445726584143,south,south,south,1
19.735,4.909203568504648,0.048632012276641455,-0.5523460980729192,0.20004736563919348,0.25808814741236225,-0.7463495765142193,-1.8,5.25,-1.8,0.0,-0.20945613513572078,0.20945613513572078,south,south,south,1
19.801,4.910315586057613,-0.0031701474304371927,-0.5791564456895015,0.20003315594743543,0.20832417546726795,-0.757631795451649,-1.8,5.25,-1.8,0.0,-0.21149432289770514,0.21149432289770514,south,south,south,1
19.867,4.9100495979311995,-0.05561727810827974,-0.604002374612815,0.20643420254652461,0.15803475475885415,-0.7648673834116816,-1.8,5.25,-1.8,0.0,-0.21365203286713388,0.21365203286713388,south,south,south,1
19.933,4.910650750035465,-0.11090418598209272,-0.6309444983212754,0.20450394178256723,0.10731488922931688,-0.7693771400614482,-1.8,5.25,-1.8,0.0,-0.2182190752114096,0.2182190752114096,south,south,south,1
19.999,4.911413725651953,-0.16366283532091935,-0.6503636708345998,0.23991920125003197,0.056350344818449694,-0.77173224268353,-1.8,5.25,-1.8,0.0,-0.22001318013936905,0.22001318013936905,south,south,south,1
20.065,4.9127598709411355,-0.21631483558715708,-0.6673575860430435,0.2798275443188436,0.005316777925860839,-0.7721425238330728,-1.8,5.25,-1.8,0.0,-0.2216316135130179,0.2216316135130179,south,south,south,1
20.131,4.913485678287252,-0.27110594725170956,-0.6861290026005589,0.2612181798210227,-0.0456098252437399,-0.7696119796447604,-1.8,5.25,-1.8,0.0,-0.22549612200796965,0.22549612200796965,south,south,south,1
20.197,4.914770465748018,-0.32302600260376857,-0.6977206809998349,0.31863016761743945,-0.0963492830393231,-0.7641784230185674,-1.8,5.25,-1.8,0.0,-0.22667671956444546,0.22667671956444546,south,south,south,1
20.263,4.915827230919413,-0.37739071212902703,-0.7122464716151846,0.3155076227151683,-0.1465309211026776,-0.7555231085638855,-1.8,5.25,-1.8,0.0,-0.23085979102634943,0.23085979102634943,south,south,south,1
20.329,4.9177908876808,-0.4307877473802769,-0.7234070602476481,0.33969292827840947,-0.19608530347247052,-0.7454640688262816,-1.8,5.25,-1.8,0.0,-0.2347024439078064,0.2347024439078064,south,south,south,1
20.395,4.917169407125139,-0.4870582605618907,-0.7383005795344768,0.2977850497948866,-0.2449614075506717,-0.7342605754558168,-1.8,5.25,-1.8,0.0,-0.24209685301121903,0.24209685301121903,south,south,south,1
20.461,4.91661593209187,-0.5421347510143816,-0.7493910893523734,0.26844953485642065,-0.29313389752712504,-0.7213574954024482,-1.8,5.25,-1.8,0.0,-0.24900085348725653,0.24900085348725653,south,south,south,1
20.527,4.917590126833622,-0.5957254808475695,-0.7566074219626462,0.24791467439949444,-0.340296273917657,-0.7068246440990508,-1.8,5.25,-1.8,0.0,-0.2554292069299125,0.2554292069299125,south,south,south,1
20.593,4.917554877505844,-0.6481279892066703,-0.7609160276036256,0.2335402720796461,-0.38641834672913944,-0.6896900914920423,-1.8,5.25,-1.8,0.0,-0.2617096424775308,0.2617096424775308,south,south,south,1
20.659,4.918958043791157,-0.6983533540380269,-0.7609245996966457,0.22948761959180702,-0.43140923440718965,-0.6714270283567616,-1.8,5.25,-1.8,0.0,-0.26694411963083725,0.26694411963083725,south,south,south,1
20.725,4.920759320333315,-0.7473311859889452,-0.7587528585890361,0.23531060244626373,-0.47504319454391025,-0.6486616971177014,-1.8,5.25,-1.8,0.0,-0.27228799144503496,0.27228799144503496,south,south,south,1
20.791,4.922729527062552,-0.7941334884498132,-0.7530310609991905,0.25227322808350267,-0.5171724594516491,-0.6267405520969274,-1.8,5.25,-1.8,0.0,-0.2769610289981641,0.2769610289981641,south,south,south,1
20.857,4.925150921987434,-0.8390440783781407,-0.7446643159744509,0.2772422221067315,-0.5576768402908434,-0.6039660327995583,-1.8,5.25,-1.8,0.0,-0.28136723808729724,0.28136723808729724,south,south,south,1
20.923000000000002,4.927439468547293,-0.880756722049205,-0.7316757053085394,0.30030196497688044,-0.5969898388201943,-0.5828372745774046,-1.8,5.25,-1.8,0.0,-0.28376688322901067,0.28376688322901067,south,south,south,1
20.989,4.929307078188377,-0.9211774252579958,-0.7179277275367668,0.33564721469067704,-0.6346412061167982,-0.5581745482136047,-1.8,5.25,-1.8,0.0,-0.28653621914119765,0.28653621914119765,south,south,south,1
21.055,4.932207712657678,-0.9583673608330845,-0.700120982345688,0.36803635302276655,-0.6707314505464481,-0.5318136918079952,-1.8,5.25,-1.8,0.0,-0.2876359102866364,0.2876359102866364,south,south,south,1
21.121,4.93461101310926,-0.9942608100673617,-0.6821024400341633,0.4032153048523737,-0.7048618139656513,-0.504303275642487,-1.8,5.25,-1.8,0.0,-0.2893989961017104,0.2893989961017104,south,south,south,1
21.187,4.937286395068718,-1.0275811655240945,-0.6616664045029902,0.43594550245780694,-0.7372681570427294,-0.4761649024976017,-1.8,5.25,-1.8,0.0,-0.2903130084813651,0.2903130084813651,south,south,south,1
21.253,4.939979032120927,-1.0586287879611165,-0.6396163053780801,0.4608097610059878,-0.7677923597088614,-0.446971302908154,-1.8,5.25,-1.8,0.0,-0.2908364282522551,0.2908364282522551,south,south,south,1
21.319,4.942491160103801,-1.0896200736928239,-0.6200100775213974,0.46812574865285195,-0.7963478335461918,-0.4160154078067574,-1.8,5.25,-1.8,0.0,-0.2932722401466321,0.2932722401466321,south,south,south,1
21.385,4.945000500289034,-1.1178321524011017,-0.5978093492692468,0.47528280734916994,-0.8227511815589083,-0.3843544589243447,-1.8,5.25,-1.8,0.0,-0.2950809708421934,0.2950809708421934,south,south,south,1
21.451,4.947251718585928,-1.1433140052913344,-0.5733988215597552,0.48574596605406073,-0.8470474018761673,-0.3510802043258343,-1.8,5.25,-1.8,0.0,-0.2962666034151671,0.2962666034151671,south,south,south,1
21.517,4.949458605252971,-1.1664252310926608,-0.5476614610489394,0.508424555612061,-0.8691544015404403,-0.3174572607550785,-1.8,5.25,-1.8,0.0,-0.2972708295522205,0.2972708295522205,south,south,south,1
21.583,4.951377579919488,-1.186909309687055,-0.5203021291496429,0.5272322140141618,-0.8889660053808301,-0.28231136035069826,-1.8,5.25,-1.8,0.0,-0.29794330430622495,0.29794330430622495,south,south,south,1
21.649,4.953172719648628,-1.206322112721453,-0.49422579679105133,0.5217930567656184,-0.9064432847032912,-0.24686297104298482,-1.8,5.25,-1.8,0.0,-0.2998788280181618,0.2998788280181618,south,south,south,1
21.715,4.954565208949274,-1.2236206977593653,-0.4674626151319927,0.5176381420822667,-0.9215807892326336,-0.21021951689286666,-1.8,5.25,-1.8,0.0,-0.3020399085267317,0.3020399085267317,south,south,south,1
21.781,4.956127387560642,-1.2382637571781818,-0.43914616060114264,0.517113927717654,-0.9342383237673207,-0.1732941532659682,-1.8,5.25,-1.8,0.0,-0.3040254334108611,0.3040254334108611,south,south,south,1
21.847,4.957482520212495,-1.2501580856276424,-0.4092926980614697,0.5226086556622064,-0.9444391403672735,-0.1068059061091603,-1.8,5.25,-1.8,0.0,-0.3057189452603689,0.3057189452603689,south,south,south,1
21.913,4.958461394378531,-1.2591353180443077,-0.37778532001732196,0.5295984745555758,-0.9499028087189817,-0.03830291262322094,-1.8,5.25,-1.8,0.0,-0.309232509325326,0.309232509325326,south,south,south,1
21.979,4.9588181124141935,-1.2640236881397795,-0.3427677485402067,0.5383597149270117,-0.9485016488463377,0.02543153996252545,-1.8,5.25,-1.8,0.0,-0.3155220392934418,0.3155220392934418,south,south,south,1
22.045,4.959512715926659,-1.2658619920372927,-0.3064593755962835,0.5394778585463798,-0.9455196452301137,0.05603401943864772,-1.8,5.25,-1.8,0.0,-0.320342346807179,0.320342346807179,south,south,south,1
22.111,4.959521280438703,-1.2644929186576732,-0.2687342173729364,0.5429818712459852,-0.9410604069656332,0.07833108014862311,-1.8,5.25,-1.8,0.0,-0.32343251169204,0.32343251169204,south,south,south,1
22.177,4.959573612240765,-1.2601772235051556,-0.23021113923613423,0.5397443847380728,-0.935177461444266,0.10024076368752688,-1.8,5.25,-1.8,0.0,-0.32499976206088965,0.32499976206088965,south,south,south,1
22.243,4.959420939314132,-1.2530569061535464,-0.1912301982480981,0.5394197139264596,-0.9278418499183975,0.12241476803682871,-1.8,5.25,-1.8,0.0,-0.3252150562351489,0.3252150562351489,south,south,south,1
22.309,4.959239777862678,-1.2441550231771774,-0.1536313695956022,0.5250214958692005,-0.9190320562170409,0.1451436326134231,-1.8,5.25,-1.8,0.0,-0.32512296696013654,0.32512296696013654,south,south,south,1
22.375,4.958915391753932,-1.233275630598563,-0.11691300532058073,0.519939132683108,-0.9087338890671436,0.16891555952201098,-1.8,5.25,-1.8,0.0,-0.32454174153141946,0.32454174153141946,south,south,south,1
22.441,4.958379032235768,-1.220963592088783,-0.08192541805608083,0.5153618412744156,-0.8967608746000192,0.19410263280134288,-1.8,5.25,-1.8,0.0,-0.3242027174887637,0.3242027174887637,south,south,south,1
22.507,4.956953906409481,-1.2053359861500448,-0.04517976610612728,0.533308539695752,-0.8831287377930064,0.22102848157544985,-1.8,5.25,-1.8,0.0,-0.3222072483570384,0.3222072483570384,south,south,south,1
22.573,4.9556984871614596,-1.187774287764218,-0.009292056512716265,0.5334540871379934,-0.867664494556258,0.24939873650477007,-1.8,5.25,-1.8,0.0,-0.32010979320795985,0.32010979320795985,south,south,south,1
22.639,4.9547612889925885,-1.1686897982881965,0.025118122437636226,0.536835708073008,-0.8502611510312204,0.2792538376671938,-1.8,5.25,-1.8,0.0,-0.31842864725697617,0.31842864725697617,south,south,south,1
22.705,4.952970563697368,-1.1483150187237836,0.05781496618351488,0.5298435327113955,-0.8308592753999067,0.3105202428621473,-1.8,5.25,-1.8,0.0,-0.31745574332387694,0.31745574332387694,south,south,south,1
22.771,4.950931638078589,-1.1257118494046185,0.09063478886004557,0.5204051639373115,-0.8092941651572397,0.34267173345788826,-1.8,5.25,-1.8,0.0,-0.3164176842473788,0.3164176842473788,south,south,south,1
22.837,4.948872327319809,-1.1003403170082662,0.12450669508795323,0.533696174051241,-0.7856069493728122,0.37573606858428144,-1.8,5.25,-1.8,0.0,-0.314733367635454,0.314733367635454,south,south,south,1
22.903,4.94777142269539,-1.0740461228623657,0.15608511395701974,0.532483656119246,-0.7596868095955452,0.4098782696277148,-1.8,5.25,-1.8,0.0,-0.31435931326682043,0.31435931326682043,south,south,south,1
22.969,4.945591361169131,-1.0460059666630632,0.18707270487677036,0.5250200690316512,-0.7315485834143204,0.44470708693540195,-1.8,5.25,-1.8,0.0,-0.31445738324874284,0.31445738324874284,south,south,south,1
23.035,4.943921147122231,-1.0159323421916637,0.21803983473999433,0.5092284957049631,-0.7010075803465431,0.4791691590588193,-1.8,5.25,-1.8,0.0,-0.31492476184512064,0.31492476184512064,south,south,south,1
23.101,4.941993718406713,-0.9845423672199752,0.24773612402036896,0.4910575664804454,-0.6682754217025884,0.5128332571251626,-1.8,5.25,-1.8,0.0,-0.3162669455173869,0.3162669455173869,south,south,south,1
23.167,4.939054168016284,-0.952226828954839,0.27562542623706565,0.46720219559350284,-0.6333490048086967,0.5456580821538393,-1.8,5.25,-1.8,0.0,-0.3188778241461423,0.3188778241461423,south,south,south,1
23.233,4.936742647742191,-0.917368168821551,0.3047418052433372,0.4381431120427562,-0.5961528739157932,0.5778169140346812,-1.8,5.25,-1.8,0.0,-0.32121529490575784,0.32121529490575784,south,south,south,1
23.299,4.934146140468037,-0.8802819760727242,0.3343924787859164,0.4059303891032061,-0.5569477035200405,0.607794018802151,-1.8,5.25,-1.8,0.0,-0.32333427255268365,0.32333427255268365,south,south,south,1
23.365,4.931535361669036,-0.8422361957835237,0.36230086179400833,0.36478553578928014,-0.5158833730025809,0.6354519001635561,-1.8,5.25,-1.8,0.0,-0.3263528227809428,0.3263528227809428,south,south,south,1
23.431,4.928708282723518,-0.8018501517098549,0.3910797472932608,0.32852946476159517,-0.47306678905282157,0.6605781961889906,-1.8,5.25,-1.8,0.0,-0.3287833626570333,0.3287833626570333,south,south,south,1
23.497,4.925797372728613,-0.7595027586489589,0.41996684070396745,0.29019738744725515,-0.42864649323655923,0.6835612684797218,-1.8,5.25,-1.8,0.0,-0.33085626541239965,0.33085626541239965,south,south,south,1
23.563,4.9230208919259,-0.7154433563377688,0.4485140925741974,0.2631381712130786,-0.38278840744787535,0.7041613365293031,-1.8,5.25,-1.8,0.0,-0.33265494888989344,0.33265494888989344,south,south,south,1
23.629,4.920501323137122,-0.6698781662942743,0.4764004352737546,0.244196719849155,-0.33560767028926836,0.7220055338849165,-1.8,5.25,-1.8,0.0,-0.33427049600500597,0.33427049600500597,south,south,south,1
23.695,4.918018693527149,-0.6219235696604268,0.50524566957105,0.23093770389440849,-0.2873524878104736,0.7370133818625602,-1.8,5.25,-1.8,0.0,-0.3345710818499532,0.3345710818499532,south,south,south,1
23.761,4.917015537058061,-0.569908299222817,0.5378587888534956,0.28857378200833494,-0.23822399244112724,0.7499269568146733,-1.8,5.25,-1.8,0.0,-0.3316843067816898,0.3316843067816898,south,south,south,1
23.827,4.9173564199706625,-0.5140742815352213,0.5733827480092352,0.36901848016822203,-0.1883021435417084,0.7597527995669426,-1.8,5.25,-1.8,0.0,-0.3257721379935129,0.3257721379935129,south,south,south,1
23.893,4.917035522308239,-0.45909835666186355,0.6033119308852286,0.4105863140296001,-0.1378446454050792,0.7665844061617073,-1.8,5.25,-1.8,0.0,-0.32125371125678437,0.32125371125678437,south,south,south,1
23.959,4.915820022786619,-0.4054303660838373,0.6275055607416493,0.3699047936643022,-0.08711404157344811,0.7701754487673247,-1.8,5.25,-1.8,0.0,-0.3183163245103892,0.3183163245103892,south,south,south,1
24.025,4.915227750536095,-0.34929439384178984,0.6532211002982754,0.38101941238119974,-0.03611994986512033,0.7716375318022692,-1.8,5.25,-1.8,0.0,-0.3131744439766695,0.3131744439766695,south,south,south,1
24.091,4.914054387396854,-0.29344632429320594,0.6754688038098908,0.37499346942868433,0.014946034700104199,0.7709531218006525,-1.8,5.25,-1.8,0.0,-0.30839235899331013,0.30839235899331013,south,south,south,1
24.157,4.912727263207034,-0.24028839969469726,0.690452002950707,0.322495428600079,0.06573179869610674,0.7675163613799996,-1.8,5.25,-1.8,0.0,-0.30602019839080397,0.30602019839080397,south,south,south,1
24.223,4.912411703938822,-0.18528838396686323,0.7069256637704473,0.30765092356114426,0.11622846072620921,0.7607659278387311,-1.8,5.25,-1.8,0.0,-0.30151684469307244,0.30151684469307244,south,south,south,1
24.289,4.9101716193899785,-0.13070878343068926,0.720765552274217,0.27948079391415953,0.1662715962650253,0.7507446212346073,-1.8,5.25,-1.8,0.0,-0.29698037969571456,0.29698037969571456,south,south,south,1
24.355,4.909705513316357,-0.07744599976826724,0.7307094005869811,0.2556365557399116,0.21547625235136772,0.7391093529730992,-1.8,5.25,-1.8,0.0,-0.29292225211963496,0.29292225211963496,south,south,south,1
24.421,4.909379004961875,-0.025551667636999707,0.7371162052332684,0.2389455890179381,0.26372612776469595,0.7268018627173232,-1.8,5.25,-1.8,0.0,-0.2892777954016957,0.2892777954016957,south,south,south,1
24.487,4.90898993492612,0.02583239422062863,0.7418929363903859,0.22726191231255666,0.31138938205420946,0.7139008722281384,-1.8,5.25,-1.8,0.0,-0.28555698783358086,0.28555698783358086,south,south,south,1
24.553,4.906968185987391,0.07619066215108596,0.7443269625961401,0.21908333861878965,0.35812095467673866,0.6986061091941017,-1.8,5.25,-1.8,0.0,-0.2819302925256527,0.2819302925256527,south,south,south,1
24.619,4.905251588469574,0.12672062099811587,0.7467802837247995,0.21335833703315274,0.40367808183986525,0.6814357759629336,-1.8,5.25,-1.8,0.0,-0.2769574608417494,0.2769574608417494,south,south,south,1
24.685,4.905795996320152,0.17730748582736425,0.7490501564577297,0.2093508359232069,0.44812529044653465,0.6629478024349755,-1.8,5.25,-1.8,0.0,-0.2708178046191704,0.2708178046191704,south,south,south,1
24.751,4.904913655560631,0.22588112640426966,0.7475414050680641,0.20654558514624483,0.491196835079862,0.6428775144189366,-1.8,5.25,-1.8,0.0,-0.26531570867559234,0.26531570867559234,south,south,south,1
24.817,4.904846236981184,0.271914120928259,0.7417683322337097,0.20458190960237135,0.5329627525947794,0.6214372153500682,-1.8,5.25,-1.8,0.0,-0.2610486316665204,0.2610486316665204,south,south,south,1
24.883,4.9054496256572255,0.31642095900613243,0.7339948165557172,0.20320733672165994,0.5732440254642769,0.5986053924275009,-1.8,5.25,-1.8,0.0,-0.25682306645814446,0.25682306645814446,south,south,south,1
24.949,4.906825255378099,0.35850694278460565,0.7228885462914761,0.20224513570516195,0.6120613109125708,0.5746239544168946,-1.8,5.25,-1.8,0.0,-0.2535543681279651,0.2535543681279651,south,south,south,1
25.015,4.906843025789273,0.3996350303720816,0.7113894272980659,0.20157159499361335,0.6491934487097649,0.5489999241169652,-1.8,5.25,-1.8,0.0,-0.24955841833768333,0.24955841833768333,south,south,south,1
25.081,4.905785376793957,0.43878874811940666,0.6977670677196149,0.20110011649552934,0.6845510474794864,0.5223701671413644,-1.8,5.25,-1.8,0.0,-0.2457622993600797,0.2457622993600797,south,south,south,1
25.147,4.9057749109820445,0.47813312327800217,0.6860483714289682,0.21422116991123472,0.7181216702958767,0.4944002514128981,-1.8,5.25,-1.8,0.0,-0.23998854701787453,0.23998854701787453,south,south,south,1
25.213,4.906889020903477,0.5152759604096084,0.6718349090490162,0.2122637581075952,0.7498490204072942,0.4654346706066448,-1.8,5.25,-1.8,0.0,-0.23457305999768574,0.23457305999768574,south,south,south,1
25.279,4.907101113434596,0.549447033004841,0.6540688022436885,0.20858463067531663,0.7795639014677315,0.43489319155887274,-1.8,5.25,-1.8,0.0,-0.23011686846289048,0.23011686846289048,south,south,south,1
25.345,4.906421424317015,0.5815184898053298,0.6346832198004467,0.20600924147272162,0.8073117474649195,0.4035589058532879,-1.8,5.25,-1.8,0.0,-0.22579325765958969,0.22579325765958969,south,south,south,1
25.411,4.907222037435662,0.6111508587365887,0.6132718542382783,0.2042064690309051,0.8329242163225398,0.3709188009571862,-1.8,5.25,-1.8,0.0,-0.22177335758595107,0.22177335758595107,south,south,south,1
25.477,4.907336668671487,0.6378632169539759,0.589228142219445,0.20294452832163357,0.8562940759227989,0.33778448602488687,-1.8,5.25,-1.8,0.0,-0.21843085896882308,0.21843085896882308,south,south,south,1
25.543,4.906870220795527,0.6615756450797381,0.5627159707488879,0.2020611698251435,0.8774864501319968,0.30332495104854473,-1.8,5.25,-1.8,0.0,-0.21591080505225868,0.21591080505225868,south,south,south,1
25.609,4.908096136434086,0.683002984197862,0.5352687045500688,0.20144281887760043,0.8964047301937182,0.2683191545272484,-1.8,5.25,-1.8,0.0,-0.21340174599585626,0.21340174599585626,south,south,south,1
25.675,4.9087523068975205,0.7022165575236644,0.5071187513013394,0.2010099732143203,0.9129158577707024,0.2319729983425317,-1.8,5.25,-1.8,0.0,-0.21069930024703798,0.21069930024703798,south,south,south,1
25.741,4.908878726132182,0.7190339077303066,0.4780283918265578,0.2007069812500242,0.9270482401723009,0.19520028169981107,-1.8,5.25,-1.8,0.0,-0.2080143324419943,0.2080143324419943,south,south,south,1
25.807,4.908780927941705,0.7320721995066282,0.44569036537962864,0.20049488687501693,0.938709442960516,0.14931191138918554,-1.8,5.25,-1.8,0.0,-0.2066372434538878,0.2066372434538878,south,south,south,1
25.873,4.908462504927357,0.7424062309822702,0.4123566878833666,0.20034642081251183,0.9478882291777063,0.07826739661142279,-1.8,5.25,-1.8,0.0,-0.2054819981954361,0.2054819981954361,south,south,south,1
25.939,4.907959084662662,0.7502268874615943,0.3784756128539122,0.20024249456875828,0.9495228725523069,0.011648872556814793,-1.8,5.25,-1.8,0.0,-0.19929598509071267,0.19929598509071267,south,south,south,1
26.005,4.90775135494157,0.7530864383788417,0.33983429346240424,0.2001697461981308,0.9474752892889452,-0.04246918832761959,-1.8,5.25,-1.8,0.0,-0.1943888509101035,0.1943888509101035,south,south,south,1
26.071,4.907518562431614,0.7539712342357353,0.30219844529985496,0.20011882233869155,0.9438765205375199,-0.06516009771844133,-1.8,5.25,-1.8,0.0,-0.1899052863017846,0.1899052863017846,south,south,south,1
26.137,4.9073891094423345,0.7518370332228622,0.26362794752034896,0.20008317563708408,0.9388396099270417,-0.08719782026678113,-1.8,5.25,-1.8,0.0,-0.18700257670417952,0.18700257670417952,south,south,south,1
26.203,4.9075290994848615,0.7464862093601639,0.22388532704548192,0.20005822294595885,0.9323577245291499,-0.10899815703301952,-1.8,5.25,-1.8,0.0,-0.18587151516898603,0.18587151516898603,south,south,south,1
26.269,4.907875763310947,0.7386779112459506,0.1844318874104059,0.20004075606217117,0.9244702395799924,-0.13129840130121473,-1.8,5.25,-1.8,0.0,-0.1857923283340418,0.1857923283340418,south,south,south,1
26.335,4.908577513985797,0.728145002891762,0.1447676253143628,0.2000285292435198,0.915074047194549,-0.15427827689509344,-1.8,5.25,-1.8,0.0,-0.186929044302787,0.186929044302787,south,south,south,1
26.401,4.9094636149741815,0.7152346503235129,0.10552331475103063,0.20001997047046385,0.9041550444657283,-0.178632584618863,-1.8,5.25,-1.8,0.0,-0.1889203941422154,0.1889203941422154,south,south,south,1
26.467,4.910544879599546,0.7010809569555605,0.06863171108379862,0.2000139793293247,0.8915421212349848,-0.20448954112826878,-1.8,5.25,-1.8,0.0,-0.19046116427942428,0.19046116427942428,south,south,south,1
26.533,4.909602544391199,0.68541055319829,0.03334400536633622,0.20000978553052726,0.8771586949397085,-0.23172478301459132,-1.8,5.25,-1.8,0.0,-0.19174814174141852,0.19174814174141852,south,south,south,1
26.599,4.9093349502772625,0.6672631571714901,-0.0022022491499311264,0.20000684987136907,0.8609724047086698,-0.26036811282712957,-1.8,5.25,-1.8,0.0,-0.19370924753717966,0.19370924753717966,south,south,south,1
26.665,4.909547946496526,0.6473977562474943,-0.03665136191266744,0.20000479490995834,0.8428987908523483,-0.2903373478535659,-1.8,5.25,-1.8,0.0,-0.19550103460485402,0.19550103460485402,south,south,south,1
26.731,4.910308887745425,0.6262379981030295,-0.06938975546610815,0.20000335643697084,0.8227201450781099,-0.32173422923205464,-1.8,5.25,-1.8,0.0,-0.19648214697508037,0.19648214697508037,south,south,south,1
26.797,4.90950685772829,0.6029692367327412,-0.10203778017305702,0.20000234950587958,0.8004626014143399,-0.3548326254364387,-1.8,5.25,-1.8,0.0,-0.19749336468159873,0.19749336468159873,south,south,south,1
26.863,4.909498736293429,0.5778878979672619,-0.1340880266074555,0.20000164465411568,0.7758970321434576,-0.3886132380318891,-1.8,5.25,-1.8,0.0,-0.1980091341761957,0.1980091341761957,south,south,south,1
26.929,4.91026833252721,0.551350570261972,-0.16498648901974947,0.20000115125788095,0.7490638303296534,-0.42343782245041317,-1.8,5.25,-1.8,0.0,-0.19771326006768142,0.19771326006768142,south,south,south,1
26.995,4.907712132906033,0.5214506000378234,-0.19819671133804398,0.20000080588051666,0.7200266523258743,-0.45787410419586283,-1.8,5.25,-1.8,0.0,-0.19857605228805086,0.19857605228805086,south,south,south,1
27.061,4.906472153491801,0.4890724416591533,-0.23190709689982592,0.20000056411636166,0.6886560383588817,-0.4920305037135475,-1.8,5.25,-1.8,0.0,-0.19958359669972836,0.19958359669972836,south,south,south,1
27.127,4.9065808661315,0.4540480931221662,-0.26635346293222806,0.20000039488145316,0.6550521052540822,-0.5253571392293499,-1.8,5.25,-1.8,0.0,-0.201004012131916,0.201004012131916,south,south,south,1
27.193,4.907809432854232,0.4174013020473628,-0.29966256122988805,0.2000002764170172,0.6193233256140815,-0.5577115829776164,-1.8,5.25,-1.8,0.0,-0.20192202356671873,0.20192202356671873,south,south,south,1
27.259,4.908206681437513,0.37882421360536805,-0.33250330810516443,0.20000019349191203,0.5814063028821138,-0.5892256149537323,-1.8,5.25,-1.8,0.0,-0.20258208927674576,0.20258208927674576,south,south,south,1
27.325,4.907875934037923,0.3389252252991158,-0.3638668882417829,0.20000013544433842,0.5414186147365239,-0.6185540255956967,-1.8,5.25,-1.8,0.0,-0.20249338943740808,0.20249338943740808,south,south,south,1
27.391,4.909096475765271,0.2966729277001885,-0.39572539006382906,0.2000000948110369,0.49962443696978215,-0.6465053711413993,-1.8,5.25,-1.8,0.0,-0.20295150926959366,0.20295150926959366,south,south,south,1
27.457,4.90966626224439,0.25344249714365996,-0.42561944490890735,0.20000006636772583,0.45612389047174107,-0.6714822161782302,-1.8,5.25,-1.8,0.0,-0.2026813933280811,0.2026813933280811,south,south,south,1
27.523,4.910004728338088,0.20817816113526363,-0.4556198826496159,0.20524373721063227,0.4109730948817238,-0.6941602092000809,-1.8,5.25,-1.8,0.0,-0.20279493374646015,0.20279493374646015,south,south,south,1
27.589,4.908603482682272,0.15922136783075294,-0.4886117748648665,0.20367061604744258,0.36445571834515006,-0.7126700125393337,-1.8,5.25,-1.8,0.0,-0.20523435051439712,0.20523435051439712,south,south,south,1
27.655,4.908942678265297,0.10997337039271186,-0.5183085435283672,0.20256943123320978,0.3167866082864458,-0.7290420046810249,-1.8,5.25,-1.8,0.0,-0.2068132378937339,0.2068132378937339,south,south,south,1
27.721,4.909460856028954,0.059464807408041526,-0.5467834878939589,0.20179860186324683,0.26807460260649224,-0.743534332943407,-1.8,5.25,-1.8,0.0,-0.20860979519845071,0.20860979519845071,south,south,south,1
27.787,4.9100035356448535,0.008761027939095091,-0.5723164127615538,0.20125902130427276,0.21849976323199347,-0.7554230132779327,-1.8,5.25,-1.8,0.0,-0.20973873529289838,0.20973873529289838,south,south,south,1
27.853,4.910859290651836,-0.043170535119197426,-0.5970503204449154,0.20118132905384134,0.16830562339890376,-0.7635191611392164,-1.8,5.25,-1.8,0.0,-0.2114761585181012,0.2114761585181012,south,south,south,1
27.919,4.912103068262863,-0.09590481888475907,-0.620334788710862,0.21762498169921501,0.11771904669258944,-0.7686469088309517,-1.8,5.25,-1.8,0.0,-0.21362386557734853,0.21362386557734853,south,south,south,1
27.985,4.9138177111425385,-0.14939226211927115,-0.6422503530874623,0.24263460639511886,0.06678339195921572,-0.7711349676974977,-1.8,5.25,-1.8,0.0,-0.21617565407848688,0.21617565407848688,south,south,south,1
28.051,4.914454754524422,-0.20268578604286883,-0.6613003833249163,0.28160792605115215,0.01575713998786787,-0.7712363930738075,-1.8,5.25,-1.8,0.0,-0.2184429260307367,0.2184429260307367,south,south,south,1
28.117,4.9157599473648785,-0.255720234988507,-0.6777014428556116,0.32297058851829397,-0.03510048250380736,-0.768694948343079,-1.8,5.25,-1.8,0.0,-0.22061975248469962,0.22061975248469962,south,south,south,1
28.183,4.916523862373311,-0.31088862553053687,-0.695939326404526,0.2990960028468898,-0.08577230293114138,-0.7643449391438608,-1.8,5.25,-1.8,0.0,-0.22511632259939549,0.22511632259939549,south,south,south,1
28.249,4.917902464943133,-0.3630228790660209,-0.7067740990397752,0.3656180251494944,-0.13600915569349092,-0.7575158745708819,-1.8,5.25,-1.8,0.0,-0.22701372337252995,0.22701372337252995,south,south,south,1
28.315,4.920072348349695,-0.4143847170907693,-0.7150103280269965,0.42281012592489137,-0.18578806019974214,-0.7482645164290084,-1.8,5.25,-1.8,0.0,-0.22859665689102715,0.22859665689102715,south,south,south,1
28.381,4.918564899008575,-0.4713775407900474,-0.732133766066537,0.35596708814742395,-0.23484633197462082,-0.7364875931936926,-1.8,5.25,-1.8,0.0,-0.23653120881542658,0.23653120881542658,south,south,south,1
28.447,4.918586963883921,-0.5276251507563133,-0.7459811220394542,0.30917696170319675,-0.2831108837322447,-0.7227990262142132,-1.8,5.25,-1.8,0.0,-0.24451426702406864,0.24451426702406864,south,south,south,1
28.513,4.918569325008297,-0.5817302103716586,-0.7544890966313171,0.2764238731922377,-0.3303480825373008,-0.7081258419013478,-1.8,5.25,-1.8,0.0,-0.2513821278343578,0.2513821278343578,south,south,south,1
28.579,4.91909437086787,-0.6353318205086104,-0.761136656728295,0.2534967112345664,-0.37655085917290887,-0.6920701511280455,-1.8,5.25,-1.8,0.0,-0.2587809613357015,0.2587809613357015,south,south,south,1
28.645,4.919482032314578,-0.6859951090823698,-0.7618848035702663,0.23744769786419648,-0.42174149289607327,-0.6743030717093753,-1.8,5.25,-1.8,0.0,-0.26425361618629656,0.26425361618629656,south,south,south,1
28.711,4.92157317758284,-0.7358318231589832,-0.7611027427338198,0.23805499596294233,-0.4656350928638844,-0.6550205781252427,-1.8,5.25,-1.8,0.0,-0.27019673029509883,0.27019673029509883,south,south,south,1
28.777,4.923858965698397,-0.7833884708949201,-0.7564277847245152,0.25198234514682805,-0.5082076294171222,-0.6340419093650185,-1.8,5.25,-1.8,0.0,-0.275180841477798,0.275180841477798,south,south,south,1
28.843,4.926273679636563,-0.8284621546560378,-0.7479543212214398,0.27312982367284133,-0.5494529483926226,-0.6124599448026513,-1.8,5.25,-1.8,0.0,-0.2790092062634152,0.2790092062634152,south,south,south,1
28.909,4.927786205036479,-0.8710409223259304,-0.736099425136138,0.30156879620413607,-0.5890961417805654,-0.5887675102170348,-1.8,5.25,-1.8,0.0,-0.2819447805453651,0.2819447805453651,south,south,south,1
28.975,4.9300000766805985,-0.912148978440627,-0.7230421526780431,0.33309964597891273,-0.6271868475434663,-0.5638259198146256,-1.8,5.25,-1.8,0.0,-0.2849621308971607,0.2849621308971607,south,south,south,1
29.041,4.932430357316637,-0.9508444586849203,-0.7072757828442009,0.3654865931361884,-0.6635221969443142,-0.537616195320797,-1.8,5.25,-1.8,0.0,-0.28732226174060604,0.28732226174060604,south,south,south,1
29.107,4.935167813253781,-0.9874394681990081,-0.6896578823804567,0.4001950052566354,-0.6981659528087948,-0.5105821803159838,-1.8,5.25,-1.8,0.0,-0.2892735153902133,0.2892735153902133,south,south,south,1
29.173,4.937163813792956,-1.0214962229600149,-0.6696371568919893,0.43466577660044126,-0.7309797612824269,-0.4823610924625049,-1.8,5.25,-1.8,0.0,-0.29051646167758793,0.29051646167758793,south,south,south,1
29.239,4.940307706858768,-1.053174300636312,-0.6477694097499115,0.46657859591164874,-0.7619128257740269,-0.4523858798041369,-1.8,5.25,-1.8,0.0,-0.29126147486228504,0.29126147486228504,south,south,south,1
29.305,4.94246968734936,-1.0822882471006392,-0.623943623746343,0.49481373917250315,-0.7907076667763261,-0.4214013846242548,-1.8,5.25,-1.8,0.0,-0.2915805803243131,0.2915805803243131,south,south,south,1
29.371,4.94454401240984,-1.1117128882057927,-0.6034076083575397,0.492497548469115,-0.817484695205989,-0.3894312230085839,-1.8,5.25,-1.8,0.0,-0.29422819299980374,0.29422819299980374,south,south,south,1
29.437,4.946434830694245,-1.1378908715851812,-0.5795677000143852,0.5043177267517976,-0.8421635330774049,-0.35702981079485385,-1.8,5.25,-1.8,0.0,-0.2957273385077763,0.2957273385077763,south,south,south,1
29.503,4.9490332339760705,-1.161637557568906,-0.554229183359609,0.5203642146857024,-0.864669038276003,-0.3236636646409774,-1.8,5.25,-1.8,0.0,-0.2969685192929029,0.2969685192929029,south,south,south,1
29.569,4.950650706276292,-1.1830817480270788,-0.5277898467925326,0.5282857855610759,-0.8849265658294887,-0.28942631827547194,-1.8,5.25,-1.8,0.0,-0.2981551821975901,0.2981551821975901,south,south,south,1
29.635,4.952276898843717,-1.2032775779609772,-0.5022180869661782,0.521431281943721,-0.9028905169230055,-0.25373958384829587,-1.8,5.25,-1.8,0.0,-0.30038706103797175,0.30038706103797175,south,south,south,1
29.701,4.95422615548865,-1.2207471495464444,-0.474832124646868,0.5234121766105826,-0.9184872672154561,-0.2171913880036569,-1.8,5.25,-1.8,0.0,-0.3022598823309882,0.3022598823309882,south,south,south,1
29.767,4.9553073029863235,-1.235405292966831,-0.4456923461523461,0.5274274688158198,-0.9315783735324046,-0.17997519820598717,-1.8,5.25,-1.8,0.0,-0.3038269194344265,0.3038269194344265,south,south,south,1
29.833,4.956516354657173,-1.2477045962395756,-0.4157915888397011,0.5329830503323462,-0.9422301064155664,-0.1228872674170356,-1.8,5.25,-1.8,0.0,-0.30547448982400927,0.30547448982400927,south,south,south,1
29.899,4.957583656047444,-1.2575502073271896,-0.3850518926954299,0.5393007946238899,-0.9497444004560758,-0.0542744922429067,-1.8,5.25,-1.8,0.0,-0.3078058068711138,0.3078058068711138,south,south,south,1
29.965,4.958082917411504,-1.2633678047416645,-0.3508197895088001,0.5423498020035298,-0.9490253872663124,0.009853418403319436,-1.8,5.25,-1.8,0.0,-0.3143424174753522,0.3143424174753522,south,south,south,1
30.031,4.958922724345789,-1.2654651316506038,-0.31403553846453813,0.5428679696475711,-0.9464608106883647,0.0500780561655384,-1.8,5.25,-1.8,0.0,-0.3190043209622391,0.3190043209622391,south,south,south,1
30.097,4.959368382113844,-1.2651610552348818,-0.27729733109488086,0.5369878929720848,-0.942389174811282,0.07272534065976943,-1.8,5.25,-1.8,0.0,-0.3227718804235997,0.3227718804235997,south,south,south,1
30.163,4.959532604374115,-1.2614486651140726,-0.2388408791922278,0.5339534212415159,-0.9368497838042987,0.09499017566442503,-1.8,5.25,-1.8,0.0,-0.3245988813097739,0.3245988813097739,south,south,south,1
30.229,4.959135729334795,-1.2555855937980476,-0.20106125732205196,0.5352022444825462,-0.9298537533373908,0.11718716079166247,-1.8,5.25,-1.8,0.0,-0.32573184046065673,0.32573184046065673,south,south,south,1
30.295,4.95848145597578,-1.2471428808329554,-0.1631310754014298,0.5333274962824155,-0.9213882617648891,0.14003075520424957,-1.8,5.25,-1.8,0.0,-0.32575461906806635,0.32575461906806635,south,south,south,1
30.361,4.957710406994961,-1.236882225335156,-0.1263983104881251,0.5305953021341794,-0.9113908034265609,0.1636443907848295,-1.8,5.25,-1.8,0.0,-0.32549142190859504,0.32549142190859504,south,south,south,1
30.427,4.956643023521111,-1.2245989363050969,-0.09036732899969219,0.5204981260932928,-0.8997752623712278,0.18877164726006812,-1.8,5.25,-1.8,0.0,-0.324823673933869,0.324823673933869,south,south,south,1
30.493,4.955541622406012,-1.2088205348497432,-0.052384933366903426,0.5341030646079036,-0.8865391059303512,0.21519936872555878,-1.8,5.25,-1.8,0.0,-0.32228142891939193,0.32228142891939193,south,south,south,1
30.559,4.954122580319388,-1.1917998989369096,-0.016611683674804062,0.5401991449306887,-0.8714526065742558,0.24337614842185662,-1.8,5.25,-1.8,0.0,-0.3203472923626538,0.3203472923626538,south,south,south,1
30.625,4.952915714319215,-1.1731419377639722,0.01789731276352117,0.5384419955231217,-0.8544852430186113,0.27252818201216,-1.8,5.25,-1.8,0.0,-0.31865669474536096,0.31865669474536096,south,south,south,1
30.691,4.951796250287113,-1.1529137307890869,0.051170637554226184,0.5304083881251144,-0.8355331435584638,0.30361363481821,-1.8,5.25,-1.8,0.0,-0.3173805872306231,0.3173805872306231,south,south,south,1
30.757,4.949845590458074,-1.1312090071375054,0.08318702245077714,0.5277262370106609,-0.8144385903968092,0.33561278184765897,-1.8,5.25,-1.8,0.0,-0.31677041674069617,0.31677041674069617,south,south,south,1
30.823,4.9484670102444515,-1.106009778750618,0.11761662649011571,0.5407374244352213,-0.7911947275656557,0.3692350919486498,-1.8,5.25,-1.8,0.0,-0.31481505118496234,0.31481505118496234,south,south,south,1
30.889,4.946864332936679,-1.0793771620672388,0.15058063506221372,0.5460332901294883,-0.76571806449659,0.4035199736761519,-1.8,5.25,-1.8,0.0,-0.3136590975706488,0.3136590975706488,south,south,south,1
30.955,4.945288677069283,-1.0517375565337144,0.18150314483067756,0.5398183069492757,-0.7379674927628949,0.43818833521350686,-1.8,5.25,-1.8,0.0,-0.3137700637708195,0.3137700637708195,south,south,south,1
31.021,4.943419144552537,-1.022405812825452,0.2118164249365312,0.5255277636684437,-0.7078901379714627,0.47226396307966434,-1.8,5.25,-1.8,0.0,-0.31451567485398935,0.31451567485398935,south,south,south,1
31.087,4.9412143903202415,-0.991273008088372,0.24178099524891222,0.5082311610464546,-0.6756488581388994,0.5059193983021443,-1.8,5.25,-1.8,0.0,-0.31562414994947263,0.31562414994947263,south,south,south,1
31.153,4.938969148218325,-0.9589604463022351,0.2703516998362246,0.47989123996236865,-0.6411221067854612,0.5387996725861943,-1.8,5.25,-1.8,0.0,-0.31783833951677387,0.31783833951677387,south,south,south,1
31.219,4.936396898330954,-0.9247782407024732,0.298894414263498,0.4530623585428691,-0.6044222950774675,0.5707966943641629,-1.8,5.25,-1.8,0.0,-0.3203559456250057,0.3203559456250057,south,south,south,1
31.285,4.933433489939461,-0.8883296901871688,0.3281053659162741,0.4220934600026077,-0.5656538175557054,0.6013131497725288,-1.8,5.25,-1.8,0.0,-0.32267587263146336,0.32267587263146336,south,south,south,1
31.351,4.930522927387655,-0.8504674075911464,0.356418073794046,0.38442041460262877,-0.5250412471584268,0.6300545788796075,-1.8,5.25,-1.8,0.0,-0.32542616043271955,0.32542616043271955,south,south,south,1
31.417,4.927505587228489,-0.8108830753252916,0.38447470412223556,0.34659695943051133,-0.48250178782598996,0.6562462679750725,-1.8,5.25,-1.8,0.0,-0.3283812874993016,0.3283812874993016,south,south,south,1
31.483,4.92449507732855,-0.7695187444932785,0.4124060129724038,0.30391330708259395,-0.43831387803848915,0.6800187608760105,-1.8,5.25,-1.8,0.0,-0.33120486645478936,0.33120486645478936,south,south,south,1
31.549,4.921534543083147,-0.726508569704389,0.4399920936703083,0.2727393149578158,-0.3926610892873104,0.7010802340697075,-1.8,5.25,-1.8,0.0,-0.3338474804170786,0.3338474804170786,south,south,south,1
31.615,4.9199211720325104,-0.6815900535341669,0.46773130839926386,0.250917520470471,-0.3456454045346796,0.7198986543622828,-1.8,5.25,-1.8,0.0,-0.3359446489994873,0.3359446489994873,south,south,south,1
31.681,4.917053719699331,-0.6345271009893172,0.4960184376080194,0.2356422643293297,-0.29749705629623907,0.7359328783747324,-1.8,5.25,-1.8,0.0,-0.3370300446930781,0.3370300446930781,south,south,south,1
31.747,4.914522235038254,-0.5854816542974315,0.5245074108622163,0.22494958503053078,-0.24844333334252694,0.7473396270266854,-1.8,5.25,-1.8,0.0,-0.33703832095490455,0.33703832095490455,south,south,south,1
31.813,4.9146817138747005,-0.5319684088252649,0.5575165543255233,0.2730698745840741,-0.19860988941519794,0.7553593208364354,-1.8,5.25,-1.8,0.0,-0.3333585194100669,0.3333585194100669,south,south,south,1
31.879,4.9150593773691975,-0.4754233084931214,0.5920162492681859,0.34215921823309403,-0.14880748511795056,0.7616462365399663,-1.8,5.25,-1.8,0.0,-0.32661582337517087,0.32661582337517087,south,south,south,1
31.945,4.913278258741485,-0.42112358304627606,0.6186158075887407,0.320964577288399,-0.09826747581214068,0.7666060467517338,-1.8,5.25,-1.8,0.0,-0.3228561072341354,0.3228561072341354,south,south,south,1
32.011,4.912387740483321,-0.36681696727250446,0.6421605823301353,0.2919861269741598,-0.047435042842526316,0.7700524009718325,-1.8,5.25,-1.8,0.0,-0.31938192442997815,0.31938192442997815,south,south,south,1
32.077,4.912272658755291,-0.3108324989823652,0.6659217943724672,0.31810794067620773,0.0034829523645487125,0.7700180717461342,-1.8,5.25,-1.8,0.0,-0.3143154513469139,0.3143154513469139,south,south,south,1
32.143,4.9102157311063035,-0.2567974579478738,0.6835379661876145,0.28267555847334536,0.0543761394609518,0.7662414153648219,-1.8,5.25,-1.8,0.0,-0.3111735974088256,0.3111735974088256,south,south,south,1
32.209,4.9108133880102205,-0.20110589857097955,0.7020168501529364,0.27600212811170377,0.10469317364684334,0.7614192126855552,-1.8,5.25,-1.8,0.0,-0.3057990722178229,0.3057990722178229,south,south,south,1
32.275,4.9093760878592505,-0.1459739791362488,0.7173875549728141,0.2619569287543426,0.1547564107405068,0.7536710941133025,-1.8,5.25,-1.8,0.0,-0.3007303898767556,0.3007303898767556,south,south,south,1
32.341,4.907892389787649,-0.0920208869017328,0.728926777969768,0.24336985012803983,0.2043612639658109,0.7451263936945026,-1.8,5.25,-1.8,0.0,-0.2963821508675437,0.2963821508675437,south,south,south,1
32.407,4.908032152432261,-0.037991667165757186,0.739268563446725,0.23035889508962787,0.253146222290041,0.7329747932193729,-1.8,5.25,-1.8,0.0,-0.2911378894557982,0.2911378894557982,south,south,south,1
32.473,4.9082102208363265,0.014537590696769402,0.7457976882909323,0.2212512265627395,0.3011720619762324,0.719722057447433,-1.8,5.25,-1.8,0.0,-0.286634471279463,0.286634471279463,south,south,south,1
32.539,4.906705667605752,0.06577443165331083,0.7493162986033622,0.21487585859391764,0.34828511929743516,0.703986699819677,-1.8,5.25,-1.8,0.0,-0.28251068764412435,0.28251068764412435,south,south,south,1
32.605,4.905582717838054,0.11614130958467078,0.7509094823674699,0.21041310101574234,0.3942746602221394,0.6861791580241949,-1.8,5.25,-1.8,0.0,-0.27813335063746863,0.27813335063746863,south,south,south,1
32.671,4.906600030696658,0.16707480171895106,0.7533088013056036,0.20728917071101963,0.4387269162268404,0.6667424938917338,-1.8,5.25,-1.8,0.0,-0.27165211450788934,0.27165211450788934,south,south,south,1
32.737,4.906151700593783,0.21589094529912825,0.7517326759517631,0.20510241949771374,0.4822199281657746,0.6470034092126222,-1.8,5.25,-1.8,0.0,-0.2663289828666463,0.2663289828666463,south,south,south,1
32.803,4.906277829231645,0.2627331187893929,0.7468899277347394,0.2035716936483996,0.5242669409862166,0.6264016810110853,-1.8,5.25,-1.8,0.0,-0.2615338221968237,0.2615338221968237,south,south,south,1
32.869,4.907080607612132,0.30748417391163274,0.7389525376813901,0.20250018555387972,0.5649707285982567,0.604276100232008,-1.8,5.25,-1.8,0.0,-0.25748655468662396,0.25748655468662396,south,south,south,1
32.935,4.906576697306278,0.35041204271872844,0.7287453579287626,0.2017501298877158,0.6041040839951572,0.5802150635260295,-1.8,5.25,-1.8,0.0,-0.2536920412764288,0.2536920412764288,south,south,south,1
33.001,4.906828370088791,0.3922624198648336,0.7178327457312045,0.20122509092140103,0.6416186103195625,0.5540655098311342,-1.8,5.25,-1.8,0.0,-0.24935619045472884,0.24935619045472884,south,south,south,1
33.067,4.905922507516948,0.43235776820049665,0.7051124396599934,0.20085756364498072,0.6773093170218113,0.5270636030758474,-1.8,5.25,-1.8,0.0,-0.24495154882131465,0.24495154882131465,south,south,south,1
33.133,4.904204298452165,0.46967348394789066,0.68900297113615,0.2006002945514865,0.7111160263529268,0.4991751128597388,-1.8,5.25,-1.8,0.0,-0.24144254240503615,0.24144254240503615,south,south,south,1
33.199,4.90580978340778,0.5070260507315075,0.674815233844542,0.20042020618604053,0.7432097600404919,0.4707925152094927,-1.8,5.25,-1.8,0.0,-0.23618370930898436,0.23618370930898436,south,south,south,1
33.265,4.906421313871243,0.5413841943557441,0.6570323036055871,0.20029414433022835,0.7733233752756054,0.4406745060880235,-1.8,5.25,-1.8,0.0,-0.2319391809198612,0.2319391809198612,south,south,south,1
33.331,4.9060574767954614,0.5737969163694323,0.6379012004192156,0.20020590103115984,0.801415686230907,0.4093590191179858,-1.8,5.25,-1.8,0.0,-0.22761876986147467,0.22761876986147467,south,south,south,1
33.397,4.907303834656367,0.6028058426999181,0.6150297181266526,0.2001441307218119,0.8274110676827008,0.37725715171405605,-1.8,5.25,-1.8,0.0,-0.22460522498278268,0.22460522498278268,south,south,south,1
33.463,4.907530980352232,0.6306416090262652,0.5927458219334858,0.2001008915052683,0.8512403630839486,0.3436847334498039,-1.8,5.25,-1.8,0.0,-0.22059875405768337,0.22059875405768337,south,south,south,1
33.529,4.907229730648892,0.6551602160083739,0.5672363964733854,0.2000706240536878,0.8727918001069389,0.3100377457248543,-1.8,5.25,-1.8,0.0,-0.21763158409856498,0.21763158409856498,south,south,south,1
33.595,4.908591373105149,0.6776150978719806,0.5410629660652627,0.20004943683758145,0.8921319454437807,0.27496204246204137,-1.8,5.25,-1.8,0.0,-0.21451684757180012,0.21451684757180012,south,south,south,1
33.661,4.909369957787136,0.6969140158706603,0.5123940474202978,0.200034605786307,0.9091657739400714,0.23964116133476765,-1.8,5.25,-1.8,0.0,-0.2122517580694111,0.2122517580694111,south,south,south,1
33.727,4.909662408546904,0.7135898021678219,0.4824481687741308,0.2000242240504149,0.923787300810664,0.2030458596443424,-1.8,5.25,-1.8,0.0,-0.2101974986428421,0.2101974986428421,south,south,south,1
33.793,4.909480774744843,0.7281016008460408,0.452174640757277,0.20001695683529042,0.9359865832406306,0.16617578194764893,-1.8,5.25,-1.8,0.0,-0.20788498239458975,0.20788498239458975,south,south,south,1
33.859,4.9091137766263575,0.7392974893214311,0.41959893749879107,0.20001186978470328,0.9457547770747127,0.09569052960103575,-1.8,5.25,-1.8,0.0,-0.20645728775328154,0.20645728775328154,south,south,south,1
33.925,4.9085352662419375,0.7484834750607922,0.3872679649757459,0.2000083088492923,0.949793533764739,0.028308866184048043,-1.8,5.25,-1.8,0.0,-0.2013100587039468,0.2013100587039468,south,south,south,1
33.991,4.908008269325648,0.7539922761717709,0.35224091905397514,0.2000058161945046,0.9481492618225077,-0.03425117146756529,-1.8,5.25,-1.8,0.0,-0.1941569856507368,0.1941569856507368,south,south,south,1
34.057,4.90775170501848,0.7549438356432453,0.3132912675512166,0.20000407133615322,0.944944161624916,-0.05955733221487902,-1.8,5.25,-1.8,0.0,-0.19000032598167071,0.19000032598167071,south,south,south,1
34.123,4.907613770751459,0.7526763504026186,0.2732089774575351,0.20000284993530723,0.9402705287872639,-0.08187399167835507,-1.8,5.25,-1.8,0.0,-0.18759417838464532,0.18759417838464532,south,south,south,1
34.189,4.907763155639263,0.747368571679354,0.2324368992830108,0.20000199495471505,0.9341327775236631,-0.10398098945410106,-1.8,5.25,-1.8,0.0,-0.18676420584430908,0.18676420584430908,south,south,south,1
34.255,4.907957472015727,0.7406659142771171,0.19392895066751065,0.2000013964683005,0.9265414343044256,-0.12633599050905497,-1.8,5.25,-1.8,0.0,-0.18587552002730845,0.18587552002730845,south,south,south,1
34.321,4.908450228021849,0.7310371894239163,0.15474924117555106,0.20000097752781035,0.9174567228006442,-0.1496980629451483,-1.8,5.25,-1.8,0.0,-0.1864195333767279,0.1864195333767279,south,south,south,1
34.387,4.909323954803405,0.7183259907795697,0.11470199464042795,0.20000068426946724,0.9068309332254268,-0.17391304206334668,-1.8,5.25,-1.8,0.0,-0.18850494244585714,0.18850494244585714,south,south,south,1
34.453,4.91041203850005,0.7038184947987423,0.07613406617017794,0.20000047898862705,0.894552665129307,-0.1992890295321026,-1.8,5.25,-1.8,0.0,-0.19073417033056472,0.19073417033056472,south,south,south,1
34.519,4.909390706746832,0.688514348860134,0.04062118820488903,0.20000033529203892,0.8805784252783595,-0.22609850887833738,-1.8,5.25,-1.8,0.0,-0.19206407641822554,0.19206407641822554,south,south,south,1
34.585,4.908982000459127,0.6708757773132092,0.005124773687750793,0.20000023470442724,0.8647544491085332,-0.2546273248152131,-1.8,5.25,-1.8,0.0,-0.19387867179532392,0.19387867179532392,south,south,south,1
34.651,4.909089817682825,0.6518285513834307,-0.028739838609059327,0.20000016429309905,0.8469735859781669,-0.28491634080696493,-1.8,5.25,-1.8,0.0,-0.1951450345947362,0.1951450345947362,south,south,south,1
34.717,4.909802495067329,0.6309315187581022,-0.061931441210994094,0.20000011500516932,0.8271674203872688,-0.31654739371071494,-1.8,5.25,-1.8,0.0,-0.1962359016291666,0.1962359016291666,south,south,south,1
34.783,4.908860583519913,0.6084718123725836,-0.09402603463107477,0.2000000805036185,0.8052511980271135,-0.3492868080733952,-1.8,5.25,-1.8,0.0,-0.1967793856545299,0.1967793856545299,south,south,south,1
34.849,4.908762632965378,0.5838116328070608,-0.12626427630144565,0.20000005635253293,0.7811302040268812,-0.3824521143326576,-1.8,5.25,-1.8,0.0,-0.19731857121982033,0.19731857121982033,south,south,south,1
34.915,4.909550124154272,0.5569797796553696,-0.15857929393198852,0.2019500448009888,0.7547943773748118,-0.4159135712821682,-1.8,5.25,-1.8,0.0,-0.1978145977194422,0.1978145977194422,south,south,south,1
34.981,4.908918666995381,0.5286629524133303,-0.1897626348882857,0.2102866978170112,0.7261827945937591,-0.450039266524897,-1.8,5.25,-1.8,0.0,-0.19751984218042884,0.19751984218042884,south,south,south,1
35.047,4.9075382335592295,0.4954722564515646,-0.22586486320077437,0.20720068847190784,0.6953515805273052,-0.48415252515592533,-1.8,5.25,-1.8,0.0,-0.19987932407574055,0.19987932407574055,south,south,south,1
35.113,4.907232930363832,0.46143176796939533,-0.2592891613127658,0.20504048193033547,0.6622157382681653,-0.5183180673531712,-1.8,5.25,-1.8,0.0,-0.20078397029876993,0.20078397029876993,south,south,south,1
35.179,4.908288227427327,0.4244451510716837,-0.2940063890788581,0.20352833735123482,0.6269609821973086,-0.5510363884993263,-1.8,5.25,-1.8,0.0,-0.20251583112562488,0.20251583112562488,south,south,south,1
35.245,4.908268724995405,0.3866207001745494,-0.3261844811129304,0.20246983614586436,0.5895268226429847,-0.5821387838055919,-1.8,5.25,-1.8,0.0,-0.2029061224684353,0.2029061224684353,south,south,south,1
35.311,4.909574367082699,0.34734970753504807,-0.35717954566728755,0.20172888530210503,0.5500623020142967,-0.6119028640865104,-1.8,5.25,-1.8,0.0,-0.20271259447924866,0.20271259447924866,south,south,south,1
35.377,4.91024010126528,0.3059787943500518,-0.38826937347785884,0.20121021971147351,0.5086866033936901,-0.6393849349611077,-1.8,5.25,-1.8,0.0,-0.20270780904363828,0.20270780904363828,south,south,south,1
35.443,4.910431992763973,0.2624900770265112,-0.4194742797160935,0.20084715379803145,0.4655004185308419,-0.6652659471652036,-1.8,5.25,-1.8,0.0,-0.20301034150433067,0.20301034150433067,south,south,south,1
35.509,4.910165282401919,0.2181693371694293,-0.44853485444246893,0.2042926258051173,0.4208020282709276,-0.6885290507423788,-1.8,5.25,-1.8,0.0,-0.2026326911014983,0.2026326911014983,south,south,south,1
35.575,4.908230914497501,0.17000104919264633,-0.48096617537079217,0.2030048380635821,0.37458708933076695,-0.7087488992463997,-1.8,5.25,-1.8,0.0,-0.20458604013812062,0.20458604013812062,south,south,south,1
35.641,4.908273112810227,0.12061091718663736,-0.5117927463836159,0.20210338664450747,0.32714468085972365,-0.726430163824677,-1.8,5.25,-1.8,0.0,-0.2065337636730863,0.2065337636730863,south,south,south,1
35.707,4.908254515557636,0.0708508576928715,-0.5397113689668792,0.20147237065115522,0.27866815744258777,-0.7408442238559412,-1.8,5.25,-1.8,0.0,-0.20781729974971627,0.20781729974971627,south,south,south,1
35.773,4.908725466822399,0.018988879669178647,-0.5680829462847293,0.20103065945580864,0.2293383186584056,-0.7525066253699182,-1.8,5.25,-1.8,0.0,-0.21034943898922695,0.21034943898922695,south,south,south,1
35.839,4.909348304800911,-0.03279986915288642,-0.5930554720500373,0.2025992219844699,0.17918371146746778,-0.7611687897941266,-1.8,5.25,-1.8,0.0,-0.21198358062035422,0.21198358062035422,south,south,south,1
35.905,4.910292574895937,-0.08511556203176548,-0.6160692903369447,0.2149234993422712,0.12866565331415977,-0.7675345101687815,-1.8,5.25,-1.8,0.0,-0.21378121534592526,0.21378121534592526,south,south,south,1
35.971000000000004,4.911691854464778,-0.13818963342001642,-0.637754526753002,0.24094270808276697,0.07786681514442403,-0.771807772900869,-1.8,5.25,-1.8,0.0,-0.21605644856444045,0.21605644856444045,south,south,south,1
36.037,4.913566307205593,-0.19116266195733334,-0.6567630315111891,0.2738067332214377,0.026807583922459174,-0.7727078561924267,-1.8,5.25,-1.8,0.0,-0.21797024587979252,0.21797024587979252,south,south,south,1
36.103,4.914578203785476,-0.24455453745575892,-0.6743116203786536,0.3121929160712321,-0.024251772867292277,-0.7709618828125249,-1.8,5.25,-1.8,0.0,-0.22030276458846665,0.22030276458846665,south,south,south,1
36.169,4.914955616305337,-0.2994774315351915,-0.6925114769264862,0.29170535375176876,-0.07502443339764324,-0.7664965931463904,-1.8,5.25,-1.8,0.0,-0.22445299813754827,0.22445299813754827,south,south,south,1
36.235,4.915908602114943,-0.3511882909923904,-0.7030018361925783,0.3517904471092672,-0.12558487016313882,-0.7597137980115909,-1.8,5.25,-1.8,0.0,-0.22560342082925158,0.22560342082925158,south,south,south,1
36.301,4.917822063243845,-0.40268890804196034,-0.7119154258221936,0.41665199285298826,-0.17546692593412463,-0.7505900757568362,-1.8,5.25,-1.8,0.0,-0.2272219821078357,0.2272219821078357,south,south,south,1
36.367,4.916227591507758,-0.4602386797872689,-0.7303686303002397,0.3516563949970918,-0.22464613863531638,-0.7382130316325265,-1.8,5.25,-1.8,0.0,-0.23559254115195252,0.23559254115195252,south,south,south,1
36.433,4.916197820421934,-0.5169423299083173,-0.7452161592983485,0.30615947649796427,-0.2729523963774755,-0.7253294157207208,-1.8,5.25,-1.8,0.0,-0.24398993353084186,0.24398993353084186,south,south,south,1
36.499,4.916119777269929,-0.571759225185055,-0.7550558422101747,0.27431163354857496,-0.32032588509388715,-0.7107172111376556,-1.8,5.25,-1.8,0.0,-0.2514333400911678,0.2514333400911678,south,south,south,1
36.565,4.916107060319856,-0.6245968404853545,-0.7603034303475901,0.2520181434840024,-0.36682042675073817,-0.6950582304708022,-1.8,5.25,-1.8,0.0,-0.2577764137346163,0.2577764137346163,south,south,south,1
36.631,4.917838491726586,-0.67678899240857,-0.76381842803893,0.2364127004388017,-0.4121638854691591,-0.6776867584518017,-1.8,5.25,-1.8,0.0,-0.26462510693941094,0.26462510693941094,south,south,south,1
36.697,4.919529688031893,-0.7260630131615673,-0.7618304548700463,0.23750190947615585,-0.45636766529702066,-0.6592880260854996,-1.8,5.25,-1.8,0.0,-0.26969534786454663,0.26969534786454663,south,south,south,1
36.763,4.921757636878054,-0.7744529970603766,-0.7585273560381207,0.2448314989453808,-0.4992229593089521,-0.6393197345269608,-1.8,5.25,-1.8,0.0,-0.2752300377514245,0.2752300377514245,south,south,south,1
36.829,4.923970045350256,-0.8198102829214748,-0.7503072472549257,0.2645515084228062,-0.5407332672740925,-0.6170308524454621,-1.8,5.25,-1.8,0.0,-0.2790770156473823,0.2790770156473823,south,south,south,1
36.895,4.926661989678642,-0.863481712703816,-0.7400898483423778,0.2913516705337833,-0.5807244071045993,-0.5930895384525525,-1.8,5.25,-1.8,0.0,-0.28275730559921675,0.28275730559921675,south,south,south,1
36.961,4.929503472445112,-0.9047597987655175,-0.7268695230344064,0.32724510249747907,-0.6190680488681845,-0.5681950820973097,-1.8,5.25,-1.8,0.0,-0.28569174989733304,0.28569174989733304,south,south,south,1
37.027,4.931357720034307,-0.9432544584954052,-0.7103110581278412,0.35854019170905826,-0.6557574068238908,-0.542848776501127,-1.8,5.25,-1.8,0.0,-0.2874970516715144,0.2874970516715144,south,south,south,1
37.093,4.933704077429535,-0.9797677798854532,-0.692200501212999,0.3929086268242365,-0.6907872763470988,-0.5164325077324683,-1.8,5.25,-1.8,0.0,-0.28898050353835436,0.28898050353835436,south,south,south,1
37.159,4.9362068515318445,-1.0136832658086876,-0.6716398385371087,0.4259227783631414,-0.7239625702073349,-0.4890207208516284,-1.8,5.25,-1.8,0.0,-0.2897206956013527,0.2897206956013527,south,south,south,1
37.225,4.938937894527507,-1.0456196946219045,-0.6499925059942495,0.46043052121530176,-0.7553018414489253,-0.4595108257093561,-1.8,5.25,-1.8,0.0,-0.2903178531729792,0.2903178531729792,south,south,south,1
37.291,4.941668211143449,-1.0749693638020728,-0.626322191923146,0.4875652105573385,-0.7846978444030078,-0.42904074417380367,-1.8,5.25,-1.8,0.0,-0.2902715193990649,0.2902715193990649,south,south,south,1
37.357,4.944340497083944,-1.1048176555102251,-0.6062520158734461,0.49430830622995636,-0.8119756196206892,-0.39739778692838956,-1.8,5.25,-1.8,0.0,-0.29284203588953595,0.29284203588953595,south,south,south,1
37.423,4.946767916640645,-1.1316799667085624,-0.5832796165499474,0.5021139423272571,-0.8372107115782047,-0.3651018163446901,-1.8,5.25,-1.8,0.0,-0.2944692551303577,0.2944692551303577,south,south,south,1
37.489,4.949058526334769,-1.1559600784911115,-0.5584449767605385,0.5121515967532375,-0.8602254019696448,-0.33196847768122817,-1.8,5.25,-1.8,0.0,-0.2957346765214667,0.2957346765214667,south,south,south,1
37.555,4.9510242553617845,-1.1775333427572507,-0.5317450564841334,0.5243096058230257,-0.8809917177010417,-0.2972886011284087,-1.8,5.25,-1.8,0.0,-0.29654162505620907,0.29654162505620907,south,south,south,1
37.621,4.952645976693593,-1.1988351674719901,-0.5076493480162423,0.514090244048143,-0.8995128402272513,-0.261742546422839,-1.8,5.25,-1.8,0.0,-0.29932232724473884,0.29932232724473884,south,south,south,1
37.687,4.954476234996153,-1.2174693475621958,-0.481671647136635,0.5142765517356938,-0.9155795560256264,-0.225155145157786,-1.8,5.25,-1.8,0.0,-0.3018897915365695,0.3018897915365695,south,south,south,1
37.753,4.955492611374251,-1.2330854725914622,-0.4534168051658831,0.5231211160569311,-0.9292338280496747,-0.18846876302894555,-1.8,5.25,-1.8,0.0,-0.3038516445417875,0.3038516445417875,south,south,south,1
37.819,4.956626165042269,-1.2461652399813932,-0.42398884812883303,0.529503747896177,-0.9404781071749343,-0.13672130596331267,-1.8,5.25,-1.8,0.0,-0.30568713280645887,0.30568713280645887,south,south,south,1
37.885,4.957455345202646,-1.2561535209928643,-0.39255327269355494,0.5373894095790112,-0.9491362389223134,-0.06668432263576829,-1.8,5.25,-1.8,0.0,-0.3070172820705509,0.3070172820705509,south,south,south,1
37.951,4.9581853333372115,-1.262868880993976,-0.3590245994879904,0.5443829752186343,-0.949307260724921,-0.0010470496980485855,-1.8,5.25,-1.8,0.0,-0.3135616202690551,0.3135616202690551,south,south,south,1
38.017,4.959237116673567,-1.2659858441428407,-0.3230755778543762,0.5483456984353714,-0.9470220453551839,0.046012024671835405,-1.8,5.25,-1.8,0.0,-0.3189637987876568,0.3189637987876568,south,south,south,1
38.083,4.959410079569557,-1.2655403216682675,-0.2850479976773236,0.5462774743638656,-0.9431970287204424,0.06873818879394644,-1.8,5.25,-1.8,0.0,-0.32234329294782504,0.32234329294782504,south,south,south,1
38.149,4.9599068115327345,-1.2625361065538003,-0.24693504201578947,0.5478240553621446,-0.9379228421504675,0.09081810251999833,-1.8,5.25,-1.8,0.0,-0.3246132644033328,0.3246132644033328,south,south,south,1
38.215,4.959340414814836,-1.2566962309605942,-0.2082627170463953,0.5478717324178037,-0.9312152468425489,0.11296940483352946,-1.8,5.25,-1.8,0.0,-0.3254809841180454,0.3254809841180454,south,south,south,1
38.281,4.95895003025573,-1.2488879806778825,-0.17061058404172053,0.5340928990011781,-0.9230453525789184,0.13541600574651647,-1.8,5.25,-1.8,0.0,-0.32584262809896414,0.32584262809896414,south,south,south,1
38.347,4.958314653422937,-1.238744714180953,-0.13322053011268237,0.5236609659577893,-0.9133624842101528,0.1587926715811272,-1.8,5.25,-1.8,0.0,-0.32538222997080035,0.32538222997080035,south,south,south,1
38.413,4.957198855188339,-1.2264806394381311,-0.09643654017589859,0.5152497988090918,-0.9021188584892301,0.18330662644335305,-1.8,5.25,-1.8,0.0,-0.324361780948901,0.324361780948901,south,south,south,1
38.479,4.956277190289223,-1.2109916826869396,-0.058260022503923946,0.5319267454085985,-0.8891882457596685,0.2095516034028433,-1.8,5.25,-1.8,0.0,-0.3218034369272711,0.3218034369272711,south,south,south,1
38.545,4.955024881242992,-1.19431581579803,-0.022411678733925473,0.5489715154204436,-0.8744961753357193,0.23737616615433277,-1.8,5.25,-1.8,0.0,-0.3198196404623107,0.3198196404623107,south,south,south,1
38.611,4.954011456038215,-1.1761321557660325,0.01193747308131226,0.5496159157031506,-0.8579285130729564,0.26617365671125215,-1.8,5.25,-1.8,0.0,-0.3182036426930761,0.3182036426930761,south,south,south,1
38.677,4.953142179484205,-1.156375791038919,0.0450736781401469,0.5412807748211966,-0.839395197538026,0.2967088684125768,-1.8,5.25,-1.8,0.0,-0.3169805935008929,0.3169805935008929,south,south,south,1
38.743,4.951321949792465,-1.1349045350321723,0.07738517109376947,0.5303242713963653,-0.8188241570786442,0.3285112740796059,-1.8,5.25,-1.8,0.0,-0.31608037795352806,0.31608037795352806,south,south,south,1
38.809,4.949489164354736,-1.1118322496478121,0.10876813163624108,0.5114576837513578,-0.7960244147604744,0.36161306870224286,-1.8,5.25,-1.8,0.0,-0.31580783488733777,0.31580783488733777,south,south,south,1
38.875,4.94733161678925,-1.0858181440436248,0.14167185368977198,0.5207119085091165,-0.7710630621479762,0.3960596855845744,-1.8,5.25,-1.8,0.0,-0.3147550818956486,0.3147550818956486,south,south,south,1
38.941,4.945906765182713,-1.0578652378008608,0.17416881697562311,0.5203849502540253,-0.7438541473044378,0.43047501050172077,-1.8,5.25,-1.8,0.0,-0.31401109049642306,0.31401109049642306,south,south,south,1
39.007,4.944383906632979,-1.0289133112747026,0.20466420951911396,0.5106902026196758,-0.7142662093010721,0.46478770892678156,-1.8,5.25,-1.8,0.0,-0.31464710197363055,0.31464710197363055,south,south,south,1
39.073,4.94252899687882,-0.9981132671495656,0.2348720989371911,0.49015432674405357,-0.6824924587277018,0.4984108134373322,-1.8,5.25,-1.8,0.0,-0.3156208084218638,0.3156208084218638,south,south,south,1
39.139,4.940539098022085,-0.9661149450295836,0.2636904233158891,0.4738081279750471,-0.6484311813237073,0.5314619655778424,-1.8,5.25,-1.8,0.0,-0.31768376370587637,0.31768376370587637,south,south,south,1
39.205,4.937959282307696,-0.9316564109133154,0.29348387612761473,0.4496295025674854,-0.6122005158188579,0.5630932376676012,-1.8,5.25,-1.8,0.0,-0.3194558950944575,0.3194558950944575,south,south,south,1
39.271,4.93556215115024,-0.8964036282022814,0.32122974465115256,0.4232368357086383,-0.5740315733569175,0.5942081793186071,-1.8,5.25,-1.8,0.0,-0.3223720548453639,0.3223720548453639,south,south,south,1
39.337,4.932785631581616,-0.8589178652821776,0.34967743841092225,0.3891342970657044,-0.533855555830818,0.6231590925176269,-1.8,5.25,-1.8,0.0,-0.3250623094513596,0.3250623094513596,south,south,south,1
39.403,4.930026432333152,-0.8198229088074286,0.37765634207698245,0.35511687021009647,-0.4916983730489618,0.6502259394166823,-1.8,5.25,-1.8,0.0,-0.3281245357584668,0.3281245357584668,south,south,south,1
39.469,4.92707324869237,-0.7785311483044457,0.4062470065287676,0.31842792465796843,-0.44793103900897635,0.6743634672342599,-1.8,5.25,-1.8,0.0,-0.33060010929546935,0.33060010929546935,south,south,south,1
39.535,4.924140159500461,-0.7350454539322657,0.43537388434525304,0.28289954726057787,-0.40265951118710025,0.6964425760304357,-1.8,5.25,-1.8,0.0,-0.3323859427451655,0.3323859427451655,south,south,south,1
39.601,4.921330190606681,-0.6901168953514787,0.46366310289674906,0.2580296830824045,-0.3558424360230444,0.7158946485037018,-1.8,5.25,-1.8,0.0,-0.3342744593284343,0.3342744593284343,south,south,south,1
39.667,4.918700477174849,-0.6432728295500144,0.49203690461933536,0.24062077815768312,-0.30800567089048747,0.732633354115125,-1.8,5.25,-1.8,0.0,-0.33526715865952694,0.33526715865952694,south,south,south,1
39.733,4.916473333410157,-0.5950096899115832,0.5196183140873598,0.22843454471037816,-0.2591527373938946,0.7459048267989663,-1.8,5.25,-1.8,0.0,-0.3358569525176886,0.3358569525176886,south,south,south,1
39.799,4.9153381283046,-0.541302480581353,0.5535299873932802,0.2720657898832296,-0.20950587407231686,0.75605388033091,-1.8,5.25,-1.8,0.0,-0.33179660650903614,0.33179660650903614,south,south,south,1
39.865,4.916030226758308,-0.4852109461089163,0.5876969794862333,0.34465845584114363,-0.15925392884146117,0.762933187173635,-1.8,5.25,-1.8,0.0,-0.32595701726745513,0.32595701726745513,south,south,south,1
39.931,4.9157518403200475,-0.429026894447873,0.6180862760484622,0.38390503423052413,-0.1087645746013818,0.7677542255176459,-1.8,5.25,-1.8,0.0,-0.32026231984649123,0.32026231984649123,south,south,south,1
39.997,4.9162595203542026,-0.3735998623075611,0.6436493676603282,0.38991025893464615,-0.05782676134146322,0.7710797499863457,-1.8,5.25,-1.8,0.0,-0.3157731009660979,0.3157731009660979,south,south,south,1
40.063,4.915920223227351,-0.3175967114250051,0.6672715656054343,0.38567192119595606,-0.006774241648135282,0.7713384914918655,-1.8,5.25,-1.8,0.0,-0.31082246977686984,0.31082246977686984,south,south,south,1
40.129,4.913702297494236,-0.26385932390078015,0.6842121410870714,0.3299703448371692,0.04407836017619853,0.7689504909716751,-1.8,5.25,-1.8,0.0,-0.3079376840769787,0.3079376840769787,south,south,south,1
40.195,4.914269969608985,-0.20907261542282532,0.7010326043826298,0.31622274539695777,0.09468227821171527,0.7633472899561862,-1.8,5.25,-1.8,0.0,-0.30375489363454056,0.30375489363454056,south,south,south,1
40.261,4.91129609247607,-0.1561454851685598,0.7126652253816025,0.2813559217778704,0.144916811184473,0.7558032106949577,-1.8,5.25,-1.8,0.0,-0.30106229635303283,0.30106229635303283,south,south,south,1
40.327,4.909776373408129,-0.10221285707622173,0.724713164708383,0.2569491452445093,0.19448294576799505,0.7455644082334556,-1.8,5.25,-1.8,0.0,-0.29669580284421676,0.29669580284421676,south,south,south,1
40.393,4.908094980068189,-0.048128140881775416,0.7356377097647219,0.2398644016711565,0.2433525047685991,0.7340058091276808,-1.8,5.25,-1.8,0.0,-0.2914806456503745,0.2914806456503745,south,south,south,1
40.459,4.9067930031341005,0.0036119226191079225,0.741206807440006,0.22790508116980954,0.2914652808170349,0.7211392594582525,-1.8,5.25,-1.8,0.0,-0.28785335819792696,0.28785335819792696,south,south,south,1
40.525,4.905660714146794,0.055205186335301595,0.7458773652343752,0.21953355681886666,0.33865439634116185,0.7063345875242679,-1.8,5.25,-1.8,0.0,-0.28344921000586026,0.28344921000586026,south,south,south,1
40.591,4.903039908065821,0.10573418257220288,0.7481502496852339,0.21367348977320666,0.38473114547201964,0.6896817759373763,-1.8,5.25,-1.8,0.0,-0.2789969628998168,0.2789969628998168,south,south,south,1
40.657,4.902722910079779,0.15623625078004824,0.7501140390666694,0.2098897405451715,0.4296689929297664,0.6712128141303747,-1.8,5.25,-1.8,0.0,-0.27343274214971813,0.27343274214971813,south,south,south,1
40.723,4.902842975725896,0.20578806667117636,0.7501914084108852,0.20692281838162005,0.473362894891395,0.6517839765826366,-1.8,5.25,-1.8,0.0,-0.2675748282202186,0.2675748282202186,south,south,south,1
40.789,4.903606138890407,0.25300111066979253,0.7461742386112361,0.20484597286713402,0.5158240491105258,0.6306420818458458,-1.8,5.25,-1.8,0.0,-0.2628229384407333,0.2628229384407333,south,south,south,1
40.855,4.904854986894579,0.2990956777467045,0.7406663560515481,0.2033921810069938,0.556709679376687,0.6085993760657101,-1.8,5.25,-1.8,0.0,-0.25761400162998255,0.25761400162998255,south,south,south,1
40.921,4.904837590736228,0.34232815989179677,0.730793711451162,0.20237452670489564,0.5960747632188563,0.5847432818857595,-1.8,5.25,-1.8,0.0,-0.25374660332705956,0.25374660332705956,south,south,south,1
40.987,4.905691520712469,0.3836352648748812,0.7186958861064474,0.20166216869342693,0.6339104095753301,0.5596422349025321,-1.8,5.25,-1.8,0.0,-0.25027514470044887,0.25027514470044887,south,south,south,1
41.053,4.905328433927764,0.42379507190143695,0.7059886668657014,0.20116351808539884,0.6700148426858723,0.533217126408706,-1.8,5.25,-1.8,0.0,-0.24621977078443535,0.24621977078443535,south,south,south,1
41.119,4.903944528071219,0.4618086998712632,0.6909973612059532,0.20081446265977917,0.7043543760681714,0.5057311641970635,-1.8,5.25,-1.8,0.0,-0.2425456761969082,0.2425456761969082,south,south,south,1
41.185,4.903675768662836,0.4997272206058339,0.6775683482420292,0.2042069354189504,0.7368443667890385,0.47732750063038454,-1.8,5.25,-1.8,0.0,-0.23711714618320462,0.23711714618320462,south,south,south,1
41.251,4.904682325519709,0.5350306874327349,0.661119387608018,0.20294485479326527,0.7673715494250004,0.44759936871346606,-1.8,5.25,-1.8,0.0,-0.23234086199226556,0.23234086199226556,south,south,south,1
41.317,4.904783742999424,0.5678686375966496,0.6422598946993676,0.20206139835528567,0.7959170835668434,0.4165113932350839,-1.8,5.25,-1.8,0.0,-0.2280484459701938,0.2280484459701938,south,south,south,1
41.383,4.906180691077281,0.5989789688733385,0.6225568333866659,0.20144297884869997,0.8223939864448677,0.3844858373221849,-1.8,5.25,-1.8,0.0,-0.22341501757152926,0.22341501757152926,south,south,south,1
41.449,4.906911854926559,0.6262859767575993,0.5984813993450265,0.20101008519408997,0.8466998188146042,0.35116079347736084,-1.8,5.25,-1.8,0.0,-0.22041384205700487,0.22041384205700487,south,south,south,1
41.515,4.906835334747323,0.6515520876782103,0.5736165056873768,0.20070705963586297,0.8688040498212072,0.3173734948546453,-1.8,5.25,-1.8,0.0,-0.2172519621429969,0.2172519621429969,south,south,south,1
41.581,4.908479333469098,0.6743177047512616,0.547250300516101,0.20049494174510407,0.8886041341366989,0.28241875801311433,-1.8,5.25,-1.8,0.0,-0.2142864293854373,0.2142864293854373,south,south,south,1
41.647,4.909387030934298,0.6943887057552045,0.5192167652961162,0.20034645922157285,0.9061097983873608,0.2465719944932715,-1.8,5.25,-1.8,0.0,-0.21172109263215633,0.21172109263215633,south,south,south,1
41.713,4.909755674209062,0.7119061140728212,0.48995449120870377,0.200242521455101,0.9211576286453098,0.20993872338858188,-1.8,5.25,-1.8,0.0,-0.20925151457248858,0.20925151457248858,south,south,south,1
41.779,4.909728289902556,0.7263569826323095,0.4587090756009342,0.20016976501857067,0.9338207277976275,0.1729069177786169,-1.8,5.25,-1.8,0.0,-0.20746374516531796,0.20746374516531796,south,south,south,1
41.845,4.9094261422889875,0.7380926791397745,0.4263229735571632,0.20011883551299947,0.9440118505070749,0.10968311862523006,-1.8,5.25,-1.8,0.0,-0.20591917136730042,0.20591917136730042,south,south,south,1
41.911,4.908991024117023,0.7471610824011196,0.39301134141843896,0.20008318485909962,0.9499527810791827,0.04228373602077895,-1.8,5.25,-1.8,0.0,-0.20279169867806313,0.20279169867806313,south,south,south,1
41.977,4.908452041225137,0.7532489761174519,0.35833372903746996,0.20005822940136972,0.9487636849708114,-0.02060848097441781,-1.8,5.25,-1.8,0.0,-0.19551470885335953,0.19551470885335953,south,south,south,1
42.043,4.908169182276216,0.754467989434036,0.319148818647117,0.2000407605809588,0.9459833910654891,-0.05352757879596548,-1.8,5.25,-1.8,0.0,-0.19151540163145309,0.19151540163145309,south,south,south,1
42.109,4.908008218800413,0.7529301604938908,0.27966581911125277,0.20002853240667115,0.9416701310559112,-0.07630059518575538,-1.8,5.25,-1.8,0.0,-0.1887399705620204,0.1887399705620204,south,south,south,1
42.175,4.908124215317151,0.747988935884607,0.2387896297145928,0.20001997268466978,0.9359063479200442,-0.0987067107685996,-1.8,5.25,-1.8,0.0,-0.18791741203543721,0.18791741203543721,south,south,south,1
42.241,4.908260839468428,0.7418617378740943,0.20055451172670105,0.20001398087926883,0.9286378501081645,-0.12110731783503526,-1.8,5.25,-1.8,0.0,-0.1867761122340702,0.1867761122340702,south,south,south,1
42.307,4.908702117322771,0.7326090235222391,0.1612677577913112,0.20000978661548818,0.9199112912056698,-0.14435854279151394,-1.8,5.25,-1.8,0.0,-0.18730226768343072,0.18730226768343072,south,south,south,1
42.373,4.909176969530526,0.7223295355322479,0.12471692715506424,0.20000685063084173,0.9096241845264313,-0.16848625138133289,-1.8,5.25,-1.8,0.0,-0.18729464899418347,0.18729464899418347,south,south,south,1
42.439,4.910248545356589,0.7081335289236297,0.08553846110576664,0.2000047954415892,0.8977089993829478,-0.19399331178959034,-1.8,5.25,-1.8,0.0,-0.1895754704593181,0.1895754704593181,south,south,south,1
42.505,4.909121069098697,0.6933428302983126,0.04983823994369117,0.20000335680911244,0.8840738289337582,-0.22073415634478677,-1.8,5.25,-1.8,0.0,-0.19073099863544563,0.19073099863544563,south,south,south,1
42.571,4.908577861368935,0.6762559312750143,0.01424285805123865,0.2000023497663787,0.868632766534023,-0.24894801756537077,-1.8,5.25,-1.8,0.0,-0.19237683525900873,0.19237683525900873,south,south,south,1
42.637,4.90871912300598,0.656635402255289,-0.021674539719506253,0.20000164483646507,0.8512497056820497,-0.27905292367935763,-1.8,5.25,-1.8,0.0,-0.19461430342676067,0.19461430342676067,south,south,south,1
42.703,4.909342245937064,0.6360811623854733,-0.05508191507727897,0.20000115138552554,0.8318108068181846,-0.3106475239148515,-1.8,5.25,-1.8,0.0,-0.19572964443271135,0.19572964443271135,south,south,south,1
42.769,4.908377974661519,0.6134359326222942,-0.08829032309077117,0.20000080596986786,0.8102704870330358,-0.3436361795105747,-1.8,5.25,-1.8,0.0,-0.1968345544107416,0.1968345544107416,south,south,south,1
42.835,4.908232007847284,0.5888195962514651,-0.12111327883901185,0.2000005641789075,0.786532932746837,-0.37669159696500365,-1.8,5.25,-1.8,0.0,-0.19771333649537193,0.19771333649537193,south,south,south,1
42.901,4.90892047970241,0.5625648891943331,-0.1530139644285874,0.20218426990972124,0.760560457531353,-0.4091610626697362,-1.8,5.25,-1.8,0.0,-0.19799556833701992,0.19799556833701992,south,south,south,1
42.967,4.9081114280215425,0.5351150255535002,-0.18332445968240668,0.2100496797553667,0.7324461111808185,-0.442758008155128,-1.8,5.25,-1.8,0.0,-0.19733108562731827,0.19733108562731827,south,south,south,1
43.033,4.906424378100331,0.5035540716710712,-0.2173219741891873,0.20703477582875668,0.7021480759678534,-0.47687240117899876,-1.8,5.25,-1.8,0.0,-0.1985940042967822,0.1985940042967822,south,south,south,1
43.099,4.906046270198838,0.46967607586806237,-0.2514473727612586,0.20492434308012966,0.6694506771391827,-0.5116220776092284,-1.8,5.25,-1.8,0.0,-0.19977460127112034,0.19977460127112034,south,south,south,1
43.165,4.906742083955178,0.4347242111367983,-0.2835142023376839,0.20344704015609075,0.6345838789166944,-0.5446765333719766,-1.8,5.25,-1.8,0.0,-0.1998596677798961,0.1998596677798961,south,south,south,1
43.231,4.906739788959808,0.3963840233928223,-0.3178029453160267,0.2024129281092635,0.597601011203207,-0.5761106139867206,-1.8,5.25,-1.8,0.0,-0.20121698781038466,0.20121698781038466,south,south,south,1
43.297,4.907906761677376,0.3577099597560877,-0.3487215867781634,0.20168904967648443,0.558504968533335,-0.6058253818648914,-1.8,5.25,-1.8,0.0,-0.20079500877724726,0.20079500877724726,south,south,south,1
43.363,4.908460887368711,0.31673036751832656,-0.3801029810749805,0.20118233477353908,0.5175770171333112,-0.6339348503981947,-1.8,5.25,-1.8,0.0,-0.2008466496149846,0.2008466496149846,south,south,south,1
43.429,4.9086010475603485,0.2735550570185328,-0.4117019461625758,0.20082763434147735,0.4747389527434299,-0.6600672198105264,-1.8,5.25,-1.8,0.0,-0.20118389572489714,0.20118389572489714,south,south,south,1
43.495,4.908351149717823,0.22908607755334986,-0.44191760009928466,0.20441321513133248,0.4302958297005323,-0.6843644790691267,-1.8,5.25,-1.8,0.0,-0.20120975214718245,0.20120975214718245,south,south,south,1
43.561,4.906362721427192,0.1808648407013762,-0.47520436020548534,0.20308925059193272,0.3843865938455411,-0.7051792057268974,-1.8,5.25,-1.8,0.0,-0.20352175314416487,0.20352175314416487,south,south,south,1
43.627,4.906186666876893,0.13243361413786547,-0.5050201255931868,0.2021624754143529,0.3371545894146496,-0.7221481263385329,-1.8,5.25,-1.8,0.0,-0.20472097527678412,0.20472097527678412,south,south,south,1
43.693,4.906294997975257,0.08203515961060309,-0.5348348209093358,0.201513732790047,0.2889081572774636,-0.7367682743374491,-1.8,5.25,-1.8,0.0,-0.20687299766686051,0.20687299766686051,south,south,south,1
43.759,4.906545082689752,0.03084078406361805,-0.5626024043355058,0.2010596129530329,0.2398936819648536,-0.7490940827305734,-1.8,5.25,-1.8,0.0,-0.20905289790123555,0.20905289790123555,south,south,south,1
43.825,4.907167230160051,-0.021770503738384753,-0.5896437139143909,0.200741729067123,0.18992916238080762,-0.7599374092071881,-1.8,5.25,-1.8,0.0,-0.2116996661191924,0.2116996661191924,south,south,south,1
43.891,4.9065353736507085,-0.07540138112679043,-0.6153483999976506,0.20051921034698608,0.1394382624391,-0.7676707640976485,-1.8,5.25,-1.8,0.0,-0.21483964356589044,0.21483964356589044,south,south,south,1
