scene,cycle,epoch_ns,proxy_receipt_age_ms,proxy_previous_wz,model_epoch_yaw,epoch_yaw_outside_goal_tolerance,immediate_zero_ms,immediate_ticks,immediate_yaw_shift_rad,immediate_constant_body_1500ms_endpoint_delta_m,immediate_swept_support_expansion_m,immediate_terminal_yaw_outside_tolerance,one_period_zero_ms,one_period_ticks,one_period_yaw_shift_rad,one_period_constant_body_1500ms_endpoint_delta_m,one_period_swept_support_expansion_m,one_period_terminal_yaw_outside_tolerance
S1,102,2201000000,13.0,-0.20351551473140717,0.09029285065005495,False,100.0,3,0.005351551473140717,0.0034685713932885117,0,False,150.00000000000003,3,0.015527327209711075,0.009953484678832268,0,False
S1,103,2252000000,14.0,-0.2257758378982544,0.07831613262668824,False,100.0,3,0.00757758378982544,0.004862266968151522,0,False,150.00000000000003,3,0.01886637568473816,0.011981962562565706,0,False
S1,104,2301000000,13.0,-0.2257758378982544,0.06708099823243031,False,100.0,3,0.00757758378982544,0.004766026056204819,0,False,150.00000000000003,3,0.01886637568473816,0.011744798496609485,0,False
S1,105,2351000000,13.0,-0.2347940355539322,0.05578800829493728,False,100.0,3,0.008479403555393221,0.005327604172140046,0,False,150.00000000000003,3,0.020219105333089828,0.012573273176754612,0,False
S1,106,2402000000,14.0,-0.2347940355539322,0.043725568797961974,False,100.0,3,0.008479403555393221,0.005519507239015456,0,False,150.00000000000003,3,0.02021910533308983,0.013026169001091216,0,False
S1,107,2451000000,13.0,-0.15951591730117798,0.032224862325724635,False,50.0,2,0.0029757958650588993,0.0019514803936641777,0,False,100.0,2,0.0109515917301178,0.007115697907288117,0,False
S1,108,2502000000,14.0,-0.15951591730117798,0.02209416070649068,False,50.0,2,0.0029757958650588993,0.0019922080749754717,0,False,100.0,2,0.010951591730117798,0.007264203563617777,0,False
S1,109,2552000000,14.0,-0.0829603374004364,0.015633599736227646,False,0.0,1,0.0,2.2228841655759984e-16,0,False,50.0,1,0.004148016870021819,0.0027769747518285514,0,False
S1,110,2602000000,14.0,-0.0829603374004364,0.009505797339763348,False,0.0,1,0.0,4.441027621704298e-16,0,False,50.0,1,0.00414801687002182,0.0028646871265740003,0,False
S1,111,2652000000,14.0,-0.00659156683832407,0.006905673419943333,False,0.0,1,0.0,2.220717083251841e-16,0,False,50.0,1,0.0003295783419162033,0.0002276122601626542,0,False
S1,112,2702000000,14.0,-0.00659156683832407,0.004605649376554639,False,0.0,1,0.0,4.441434166503682e-16,0,False,50.0,1,0.0003295783419162033,0.00023027277793870513,0,False
S1,113,2751000000,13.0,0.058638304471969604,0.0058258846755344495,False,0.0,1,0.0,4.441434166503682e-16,0,False,50.0,1,0.0029319152235984802,0.002048496353686268,0.0008742061516647803,False
S1,114,2801000000,14.0,0.058638304471969604,0.007311298770284001,False,0.0,1,0.0,4.440892098500626e-16,0,False,50.0,1,0.0029319152235984802,0.002058227924930823,0.0008731069129658264,False
S1,115,2851000000,13.0,0.1586383044719696,0.011441113024825146,False,50.0,2,0.0029319152235984802,0.0020582279214279436,0.0008700406446741082,False,100.0,2,0.010863830447196963,0.007556691041458998,0.0032128451521059587,False
S1,116,2902000000,14.0,0.16623517870903015,0.01627965827592818,False,50.0,2,0.003311758935451506,0.002305632421647443,0.0009785186887917297,False,100.0,2,0.011623517870903016,0.008014045147188582,0.0034219954625845928,False
S1,117,2951000000,14.0,0.2169409543275833,0.02651515042795166,False,100.0,3,0.006694095432758333,0.004640403902188179,0.0019573619480803828,False,150.00000000000003,3,0.017541143149137496,0.012033950883572144,0.005104295952839788,False
S1,118,3002000000,14.0,0.2169409543275833,0.03756995934812107,False,100.0,3,0.006694095432758333,0.004785146208940014,0.0019380876739064634,False,150.00000000000003,3,0.017541143149137503,0.01240931084079573,0.005053485124826063,False
S1,119,3052000000,15.0,0.3169409543275833,0.04841700563352668,False,150.00000000000003,4,0.017541143149137496,0.01240931093430778,0.005003028917501373,False,200.0,4,0.03338819086551665,0.023358289562230544,0.009451692028161762,False
S1,120,3102000000,14.0,0.37910574674606323,0.06327204367705398,False,150.00000000000003,4,0.02686586201190949,0.019599460392973042,0.007521152350460691,False,200.0,4,0.04582114934921265,0.033047878036908146,0.012708189491766775,False
S1,121,3151000000,13.0,0.4791057467460632,0.08127914221164291,False,200.0,5,0.04582114934921265,0.033047877774461415,0.012479343847843327,False,250.0,5,0.0697764366865158,0.049739558495283366,0.01876615735118714,False
S1,122,3201000000,13.0,0.52994704246521,0.10377353175696291,False,250.0,6,0.05748676061630251,0.04222110668498372,0.01519380802226411,False,300.0,6,0.083984112739563,0.060959731627269136,0.02187193712065094,False
S1,123,3252000000,14.0,0.6299470424652099,0.13123571951728047,False,300.0,7,0.083984112739563,0.06095973147339936,0.021192988680142077,True,350.0,7,0.11548146486282349,0.08281560807798471,0.028588369503615096,True
S1,124,3301000000,13.0,0.6599180102348328,0.16050728443259069,False,300.0,7,0.09297540307044985,0.06752158286493865,0.02251200904131878,True,350.0,7,0.12597130358219152,0.09037780780680371,0.02985176672186307,True
S1,125,3352000000,14.0,0.7478770613670349,0.19480815779443522,False,350.0,8,0.12175697147846226,0.0874796853696009,0.027624137514132174,True,399.99999999999994,8,0.159150824546814,0.1129317834374012,0.03514147471321094,True
S1,126,3402000000,14.0,0.7478770613670349,0.2311320485248718,True,350.0,8,0.1217569714784622,0.08736481351049782,0.026201803789862033,True,399.99999999999994,8,0.15915082454681395,0.11278348976372686,0.03325957214542852,True
S1,127,3452000000,14.0,0.7285382747650146,0.26884908207281033,True,350.0,8,0.11498839616775508,0.08294085198963826,0.023447115738863822,True,399.99999999999994,8,0.15141530990600582,0.10787001942158168,0.029939907893799633,True
S1,128,3501000000,13.0,0.7285382747650146,0.30438010097478385,True,350.0,8,0.11498839616775508,0.08348820726547698,0.022072912275294843,True,399.99999999999994,8,0.15141530990600582,0.10858189086754882,0.028112017321391902,True
S1,129,3552000000,14.0,0.6760478019714355,0.34153555012576964,True,300.0,7,0.09781434059143063,0.07148317105072706,0.01782178043053373,True,350.0,7,0.1316167306900024,0.09501505674368195,0.02320173962421912,True
S1,130,3602000000,14.0,0.6760478019714355,0.37531831753474926,True,300.0,7,0.09781434059143063,0.07379685679037533,0.016671047471103373,True,350.0,7,0.1316167306900024,0.09809039571659631,0.021640814756018756,True
S1,131,3652000000,14.0,0.6124753952026367,0.4091207048557357,True,300.0,7,0.07874261856079107,0.06003924628656225,0.012747404270684992,True,350.0,7,0.10936638832092271,0.08238738579625492,0.01710390483181723,True
S1,132,3701000000,13.0,0.6124753952026367,0.4392843030707017,True,300.0,7,0.07874261856079096,0.061047890100456706,0.011897920096972436,True,350.0,7,0.10936638832092266,0.0837714725755877,0.015916566301641843,True
S1,133,3752000000,14.0,0.5124753952026367,0.47052054480770256,True,250.0,6,0.05311884880065909,0.041671534809748244,0.00767362373606606,True,300.0,6,0.07874261856079079,0.0610478902947825,0.011006828637841082,True
S1,134,3802000000,14.0,0.5051490664482117,0.49781631937342286,True,250.0,6,0.05128726661205285,0.040907810322134766,0.006915765788009787,True,300.0,6,0.07654471993446343,0.06033429009303187,0.009965189330003454,True
S1,135,3852000000,14.0,0.45660918951034546,0.5224665054942339,True,200.0,5,0.041321837902069225,0.033111031832791696,0.005273324261643286,True,250.0,5,0.06415229737758654,0.050814801745986786,0.007915277705606294,True
S1,136,3901000000,13.0,0.45660918951034546,0.5447742940467819,True,200.0,5,0.041321837902069225,0.03237126623542253,0.004931857345647939,True,250.0,5,0.06415229737758654,0.04967949909645212,0.007383219744650171,True
S1,137,3951000000,13.0,0.370980441570282,0.5676047505873879,True,150.00000000000003,4,0.02564706623554225,0.020292740090917253,0.0029178592474385923,True,200.0,4,0.0441960883140563,0.03457496045248211,0.0048745771572504815,True
S1,138,4002000000,14.0,0.370980441570282,0.5875638243273852,True,150.00000000000003,4,0.02564706623554225,0.019646831932700913,0.0027260678188708587,True,200.0,4,0.0441960883140563,0.033474456088538135,0.004543206118966636,True
S1,139,4052000000,15.0,0.334356427192688,0.6058366377006754,True,150.00000000000003,4,0.02015346407890317,0.015495439014537263,0.002024336155155071,True,200.0,4,0.03687128543853757,0.028037141880812414,0.0035869992375189286,True
S1,140,4101000000,13.0,0.334356427192688,0.6220612230159629,True,150.00000000000003,4,0.02015346407890317,0.014584148997737878,0.0019006832544085084,True,200.0,4,0.03687128543853757,0.02638827168929156,0.003360303012733601,True
S1,141,4151000000,13.0,0.29087743163108826,0.6387790421941666,True,100.0,3,0.014087743163108901,0.010258480558550071,0.0012554536794600057,True,150.00000000000003,3,0.02863161474466336,0.020614060567565082,0.0024722638654726126,True
S2,103,2235000000,32.0,-0.19228149950504303,0.08394658605940579,False,50.0,2,0.004614074975252153,0.003002911049683889,0,False,100.0,2,0.01422814995050431,0.009158036608454326,0,False
S2,104,2285000000,32.0,-0.21394595503807068,0.07422751430553765,False,100.0,3,0.006394595503807068,0.004115683619841716,0,False,150.00000000000003,3,0.017091893255710602,0.010886067021281495,0,False
S2,105,2335000000,32.0,-0.21394595503807068,0.06309192807783444,False,100.0,3,0.006394595503807068,0.0040125941049695074,0,False,150.00000000000003,3,0.017091893255710602,0.010613393154252635,0,False
S2,106,2385000000,32.0,-0.2244894653558731,0.05228963371668994,False,100.0,3,0.007448946535587309,0.004697932159633204,0,False,150.00000000000003,3,0.018673419803380963,0.011656410710110202,0,False
S2,107,2435000000,32.0,-0.2244894653558731,0.04087657254524275,False,100.0,3,0.007448946535587309,0.004776821431641972,0,False,150.00000000000003,3,0.018673419803380966,0.011852149116691984,0,False
S2,108,2485000000,32.0,-0.15976674854755402,0.02979909860512904,False,50.0,2,0.0029883374273777,0.0019455501219577725,0,False,100.0,2,0.0109766748547554,0.007080354956326641,0,False
S2,109,2535000000,32.0,-0.15976674854755402,0.02265503799503862,False,50.0,2,0.0029883374273777,0.0019854101958936064,0,False,100.0,2,0.0109766748547554,0.007225415969592433,0,False
S2,110,2585000000,32.0,-0.08435086160898209,0.014771699722364837,False,0.0,1,0.0,4.441027621704298e-16,0,False,50.0,1,0.004217543080449105,0.0028207571850636126,0,False
S2,111,2635000000,32.0,-0.08435086160898209,0.0113272436371525,False,0.0,1,0.0,2.220446049250313e-16,0,False,50.0,1,0.004217543080449105,0.002886939814705727,0,False
S2,112,2685000000,32.0,0.003973518498241901,0.007214699108705192,False,0.0,1,0.0,2.220446049250313e-16,0,False,50.0,1,0.00019867592491209542,0.00013687332326489782,5.923790562289977e-05,False
S2,113,2735000000,32.0,0.003973518498241901,0.008051830385860562,False,0.0,1,0.0,2.2215299868541707e-16,0,False,50.0,1,0.00019867592491209542,0.00013931345826471728,5.9195941592427026e-05,False
S2,114,2785000000,32.0,0.07736201584339142,0.008355504204313548,False,0.0,1,0.0,2.2215299868541707e-16,0,False,50.0,1,0.0038681007921695706,0.002728897705996044,0.0011504180077599457,False
S2,115,2835000000,32.0,0.07736201584339142,0.013010271080616878,False,0.0,1,0.0,4.440892098500626e-16,0,False,50.0,1,0.0038681007921695723,0.0027627811827888797,0.0011458489471515287,False
S2,116,2885000000,32.0,0.17736201584339142,0.01698336920023775,False,50.0,2,0.0038681007921695723,0.002774705213002161,0.0011419293607359826,False,100.0,2,0.012736201584339146,0.009041947949713724,0.003745447966948423,False
S2,117,2935000000,32.0,0.18426845967769623,0.02649493821667889,False,50.0,2,0.004213422983884812,0.003040758080724168,0.0012333853921593363,False,100.0,2,0.013426845967769618,0.009586792694683257,0.0039143531310960045,False
S2,118,2985000000,32.0,0.2842684596776962,0.035855357380716796,False,100.0,3,0.013426845967769621,0.009545007162159646,0.003881527601585555,False,150.00000000000003,3,0.02764026895165443,0.019430314221926558,0.007938479254078756,False
S2,119,3035000000,32.0,0.2908127009868622,0.050760469067281856,False,100.0,3,0.014081270098686226,0.009972602198712233,0.00401392811532042,False,150.00000000000003,3,0.02862190514802932,0.020042037599157802,0.008102833862408287,False
S2,120,3085000000,32.0,0.39081270098686216,0.0654061000167094,False,150.00000000000003,4,0.028621905148029328,0.02009612372985634,0.007989220744325287,False,200.0,4,0.04816254019737244,0.03342682516716347,0.01331361376484208,False
S2,121,3135000000,32.0,0.44176846742630005,0.0859467251240782,False,200.0,5,0.03835369348526001,0.026824855909474764,0.01043583627902811,False,250.0,5,0.060442116856574996,0.041790991281734316,0.01625653696243945,False
S2,122,3185000000,32.0,0.5417684674263,0.10853192262252997,False,250.0,6,0.060442116856574996,0.04179732451064492,0.015866041351257465,False,300.0,6,0.08753054022789,0.05981983472659637,0.02262819612665634,False
S2,123,3235000000,32.0,0.5624691247940063,0.13661209583602416,False,250.0,6,0.0656172811985016,0.04527524324124732,0.016634403615952364,True,300.0,6,0.09374073743820194,0.06391639864485688,0.023365752653579208,True
S2,124,3285000000,32.0,0.6624341011047363,0.16487580307633748,False,300.0,7,0.09373023033142092,0.06411948415298399,0.022558173641313295,True,350.0,7,0.12685193538665768,0.08572708747008963,0.029870683684058652,True
S2,125,3335000000,32.0,0.6624341011047363,0.1984431667912664,False,300.0,7,0.09373023033142086,0.06439740785515333,0.021578630644666696,True,350.0,7,0.12685193538665768,0.08609866858681972,0.028528983439707334,True
S2,126,3385000000,32.0,0.7237741351127625,0.23166986712183296,True,350.0,8,0.1133209472894669,0.07683673955891138,0.02452403374313028,True,399.99999999999994,8,0.14950965404510502,0.10012613942114765,0.03145928159595124,True
S2,127,3435000000,32.0,0.7237741351127625,0.26868356993132075,True,350.0,8,0.1133209472894669,0.07668115299066507,0.023145148341383925,True,399.99999999999994,8,0.14950965404510502,0.09992339419127853,0.029620018403733073,True
S2,128,3485000000,32.0,0.7228861451148987,0.30487227398329986,True,350.0,8,0.11301015079021459,0.07649000192841514,0.02171266318701348,True,399.99999999999994,8,0.1491544580459595,0.0997110737772017,0.027725708935128934,True
S2,129,3535000000,32.0,0.7228861451148987,0.3409899395653218,True,350.0,8,0.11301015079021465,0.07876650701437464,0.020312097223396997,True,399.99999999999994,8,0.14915445804595956,0.10267868733266788,0.02586013253412034,True
S2,130,3585000000,32.0,0.6311477422714233,0.3771342450814482,True,300.0,7,0.08434432268142705,0.05943341537616441,0.014522292006178383,True,350.0,7,0.1159017097949982,0.08068969178331468,0.019307495882121772,True
S2,131,3635000000,32.0,0.6311477422714233,0.4079977096740983,True,300.0,7,0.08434432268142705,0.06279926434036527,0.013603433713788582,True,350.0,7,0.11590170979499803,0.0852593318383564,0.018035928202375207,True
S2,132,3685000000,32.0,0.5363777279853821,0.4395550944776168,True,250.0,6,0.05909443199634545,0.04449030669013544,0.009132950866373557,True,300.0,6,0.08591331839561461,0.06392354722576901,0.012861414287116624,True
S2,133,3735000000,32.0,0.5363777279853821,0.46563430259349575,True,250.0,6,0.05909443199634551,0.04469912898493534,0.008577307140192447,True,300.0,6,0.08591331839561461,0.06422358251022493,0.012049304236291913,True
S2,134,3785000000,32.0,0.4363777279853821,0.4924531857083751,True,200.0,5,0.03727554559707641,0.028520611022307765,0.005195207668276192,True,250.0,5,0.05909443199634551,0.04469912918176691,0.007999823821585816,True
S2,135,3835000000,32.0,0.4239763021469116,0.5132700409861177,True,200.0,5,0.03479526042938219,0.026266465743843434,0.004600170380979152,True,250.0,5,0.05599407553672775,0.04178670132432347,0.007183738087777947,True
S2,136,3885000000,32.0,0.35115694999694824,0.5344688533872152,True,150.00000000000003,4,0.022673542499542343,0.017249083946579882,0.002871227501301976,True,200.0,4,0.0402313899993898,0.030266948872824096,0.004963745848252543,True
S2,137,3935000000,32.0,0.35115694999694824,0.5511316188239505,True,150.00000000000003,4,0.022673542499542343,0.017443435188427982,0.002731274047090726,True,200.0,4,0.0402313899993898,0.03060797678587266,0.004714709732280387,True
S2,138,3985000000,32.0,0.25643542408943176,0.5686894636849407,True,100.0,3,0.010643542408943163,0.008271670877364386,0.0012364299506389953,True,150.00000000000003,3,0.02346531361341475,0.018043258233324446,0.0026697078321633594,True
S2,139,4035000000,32.0,0.25643542408943176,0.5808655051471265,True,100.0,3,0.010643542408943163,0.008319113965480176,0.0011880218666336928,True,150.00000000000003,3,0.02346531361341475,0.018146747347307906,0.002562780347478255,True
S2,140,4085000000,32.0,0.15643542408943176,0.5936872746667207,True,50.0,2,0.0028217712044715793,0.002225539032006796,0.00030554278520866784,True,100.0,2,0.010643542408943163,0.008319114012294288,0.0011368563221743067,True
S2,141,4135000000,32.0,0.15194950997829437,0.6014420539877786,True,50.0,2,0.0025974754989147586,0.001988664636147402,0.00027379950144412746,True,100.0,2,0.010194950997829522,0.0077379576744693365,0.001060073878488943,True
S2,142,4185000000,32.0,0.08598675578832626,0.6083204333543013,True,0.0,1,0.0,3.1401849173675503e-16,0,True,50.0,1,0.004299337789416269,0.003291633285091242,0.0004406835360362127,True
S2,143,4235000000,32.0,0.08598675578832626,0.6116957001686403,True,0.0,1,0.0,2.482534153247273e-16,0,True,50.0,1,0.004299337789416269,0.0032199174235213786,0.00043521284325631626,True
S2,144,4285000000,32.0,-0.014013244211673742,0.6151400408731106,True,0.0,1,0.0,4.002966042486721e-16,0,True,50.0,1,0.0007006622105837357,0.0005148753527085373,0,True
S2,145,4335000000,32.0,-0.02329697459936142,0.6153893844728209,True,0.0,1,0.0,3.1401849173675503e-16,0,True,50.0,1,0.0011648487299680266,0.000855978630986585,0,True
S2,146,4385000000,32.0,0.07670302540063859,0.6141731521963082,True,0.0,1,0.0,4.965068306494546e-16,0,True,50.0,1,0.003835151270031978,0.0027413361694520865,0.00038497544257076743,True
S2,147,4435000000,32.0,0.09659889340400696,0.6170582968189466,True,0.0,1,0.0,0.0,0,True,50.0,1,0.00482994467020037,0.0034769121667488595,0.00047866502666593647,True
S2,148,4485000000,32.0,0.15071304142475128,0.6238960521475548,True,50.0,2,0.0025356520712375152,0.0019401708495223248,0.00024583806137368214,True,100.0,2,0.010071304142475035,0.007640325930558601,0.0009620736381703576,True
S2,149,4535000000,32.0,0.15071304142475128,0.6314950453648517,True,50.0,2,0.0025356520712375152,0.0019618185319207155,0.00023854207132079086,True,100.0,2,0.010071304142475035,0.007725573757696428,0.0009330676240290048,True
S2,150,4585000000,32.0,0.12705662846565247,0.6384255693212103,True,50.0,2,0.0013528314232825744,0.001124225323747453,0.00012401511691495504,True,100.0,2,0.007705662846565153,0.006365408935705386,0.0006970876871350562,True
S2,151,4635000000,32.0,0.12705662846565247,0.6447783993093564,True,50.0,2,0.0013528314232825744,0.001134774977036547,0.00012075023379209959,True,100.0,2,0.007705662846565153,0.0064251414963212555,0.0006784771413551605,True
S2,152,4685000000,32.0,0.08207564055919647,0.6502898184284426,True,0.0,1,0.0,3.1401849173675503e-16,0,True,50.0,1,0.004103782027959801,0.0035317347084850566,0.0003555395183187926,True
S2,153,4735000000,32.0,0.08207564055919647,0.6543691657403335,True,0.0,1,0.0,4.440892098500626e-16,0,True,50.0,1,0.004103782027959801,0.003531734667366529,0.00034916202528534335,True
S2,154,4785000000,32.0,0.020813044160604477,0.6583259494890744,True,0.0,1,0.0,4.440892098500626e-16,0,True,50.0,1,0.0010406522080301794,0.0008901630036610433,8.757969298389678e-05,True
S2,155,4835000000,32.0,0.020813044160604477,0.6585223400847853,True,0.0,1,0.0,2.220446049250313e-16,0,True,50.0,1,0.0010406522080301794,0.0008849736596361913,8.750175596261567e-05,True
S2,156,4885000000,32.0,-0.0483611635863781,0.659415994608454,True,0.0,1,0.0,4.440892098500626e-16,0,True,50.0,1,0.0024180581793189493,0.002036085634337292,0,True
S2,157,4935000000,32.0,-0.0483611635863781,0.6561624612276719,True,0.0,1,0.0,3.1401849173675503e-16,0,True,50.0,1,0.0024180581793189493,0.001969194995814825,0,True
S2,158,4985000000,32.0,-0.11980913579463959,0.653639405484438,True,50.0,2,0.000990456789731975,0.0008049126590276254,0,True,100.0,2,0.006980913579463954,0.005645869555143186,0,True
S2,159,5035000000,32.0,-0.11980913579463959,0.6468511923215942,True,50.0,2,0.000990456789731975,0.0007566458098996799,0,True,100.0,2,0.006980913579463954,0.0053073131528329764,0,True
S2,160,5085000000,32.0,-0.1646881103515625,0.6407557382154856,True,50.0,2,0.0032344055175781428,0.0024598974383569752,0,True,100.0,2,0.01146881103515629,0.008639069220570568,0,True
S2,161,5135000000,32.0,-0.1646881103515625,0.6317613029763282,True,50.0,2,0.0032344055175781428,0.0023149127131901538,0,True,100.0,2,0.01146881103515629,0.008129888204693982,0,True
S2,162,5185000000,32.0,-0.19583724439144135,0.6233799014536316,True,50.0,2,0.004791862219572063,0.0033814338713539283,0,True,100.0,2,0.01458372443914413,0.010176471424493435,0,True
S2,163,5235000000,32.0,-0.19583724439144135,0.6129966540611611,True,50.0,2,0.004791862219572063,0.003197247121768971,0,True,100.0,2,0.01458372443914413,0.009622158885711102,0,True
S2,164,5285000000,32.0,-0.22645726799964905,0.6030997956792632,True,100.0,3,0.0076457267999648915,0.005032170773006299,0,True,150.00000000000003,3,0.018968590199947344,0.012356737929502907,0,True
S2,165,5335000000,32.0,-0.22645726799964905,0.5911826338673843,True,100.0,3,0.0076457267999648915,0.004792685051510828,0,True,150.00000000000003,3,0.018968590199947344,0.011768669195004031,0,True
S2,166,5385000000,32.0,-0.2505471408367157,0.5797547740713831,True,100.0,3,0.010054714083671645,0.006269868480496106,0,True,150.00000000000003,3,0.022582071125507475,0.013934148341426504,0,True
S2,167,5435000000,32.0,-0.2505471408367157,0.5667428006916653,True,100.0,3,0.010054714083671645,0.006087356616519123,0,True,150.00000000000003,3,0.022582071125507475,0.013528534189437882,0,True
S2,168,5485000000,32.0,-0.3386833667755127,0.5540684482038117,True,150.00000000000003,4,0.020802505016326855,0.01227544456369978,0,True,200.0,4,0.037736673355102446,0.022022783515291817,0,True
S2,169,5535000000,32.0,-0.3386833667755127,0.5366468738583813,True,150.00000000000003,4,0.020802505016326855,0.01116996279749541,0,True,200.0,4,0.03773667335510239,0.020039491953760348,0,True
S2,170,5585000000,32.0,-0.36534351110458374,0.5193658929360152,True,150.00000000000003,4,0.02480152666568758,0.012992987784892484,0,True,200.0,4,0.043068702220916744,0.02230969001326985,0,True
S2,171,5635000000,32.0,-0.36534351110458374,0.5005838361691761,True,150.00000000000003,4,0.02480152666568758,0.01296686925576746,0,True,200.0,4,0.043068702220916744,0.022264843031346442,0,True
S2,172,5685000000,32.0,-0.32461094856262207,0.48242166149758237,True,150.00000000000003,4,0.01869164228439335,0.010018164496792112,0,True,200.0,4,0.034922189712524476,0.018510869071932015,0,True
S2,173,5735000000,32.0,-0.32461094856262207,0.4669134414691446,True,150.00000000000003,4,0.01869164228439335,0.010397290522826366,0,True,200.0,4,0.034922189712524476,0.01921139183055966,0,True
S2,174,5785000000,32.0,-0.27702197432518005,0.45078789479986336,True,100.0,3,0.012702197432517992,0.00749216890841946,0,True,150.00000000000003,3,0.026553296148776995,0.015489875681523504,0,True
S2,175,5835000000,32.0,-0.27702197432518005,0.4377169205458635,True,100.0,3,0.012702197432517992,0.00797348845126936,0,True,150.00000000000003,3,0.026553296148776995,0.01648499204542426,0,True
S2,176,5885000000,32.0,-0.25455278158187866,0.4239708220138688,True,100.0,3,0.010455278158187864,0.007028096601944012,0,True,150.00000000000003,3,0.023182917237281775,0.015419384519471687,0,True
S2,177,5935000000,32.0,-0.25455278158187866,0.41169710027981155,True,100.0,3,0.010455278158187864,0.007410476237794896,0,True,150.00000000000003,3,0.023182917237281775,0.016258311325900745,0,True
S2,178,5985000000,32.0,-0.27314579486846924,0.3988644653861633,True,100.0,3,0.012314579486846888,0.008728987556306151,0,True,150.00000000000003,3,0.02597186923027034,0.018208882853917238,0,True
S2,179,6035000000,32.0,-0.27314579486846924,0.3848317233214682,True,100.0,3,0.012314579486846888,0.008862113441022045,0,True,150.00000000000003,3,0.02597186923027034,0.01848658672552488,0,True
S2,180,6085000000,32.0,-0.3091062605381012,0.37102743805455385,True,150.00000000000003,4,0.016365939080715153,0.01176274505699416,0,True,200.0,4,0.03182125210762021,0.02261465638803706,0,True
S2,181,6135000000,32.0,-0.3091062605381012,0.35490968020796915,True,150.00000000000003,4,0.016365939080715153,0.011743237958011729,0,True,200.0,4,0.03182125210762021,0.022577152698339785,0,True
S2,182,6185000000,32.0,-0.32678714394569397,0.3393493713073321,True,150.00000000000003,4,0.019018071591854036,0.013632248759680226,0,True,200.0,4,0.03535742878913872,0.025065137793903024,0,True
S2,183,6235000000,32.0,-0.32678714394569397,0.3226540358023859,True,150.00000000000003,4,0.019018071591854036,0.01346194788962864,0,True,200.0,4,0.03535742878913872,0.0247520115555648,0,True
S2,184,6285000000,32.0,-0.333597868680954,0.3062250069642501,True,150.00000000000003,4,0.020039680302143037,0.014212788344464902,0,True,200.0,4,0.036719573736190725,0.025755960862981583,0,True
S2,185,6335000000,32.0,-0.333597868680954,0.28943889980542803,True,150.00000000000003,4,0.020039680302143037,0.014178647830448013,0,True,200.0,4,0.036719573736190725,0.025694092514454488,0,True
S2,186,6385000000,32.0,-0.3421805500984192,0.2726289314004076,True,150.00000000000003,4,0.02132708251476295,0.01515471007840218,0,True,200.0,4,0.038436110019683806,0.027010745918937658,0,True
S2,187,6435000000,32.0,-0.3421805500984192,0.255398250845883,True,150.00000000000003,4,0.02132708251476287,0.015296698196624917,0,True,200.0,4,0.03843611001968383,0.027263816084251106,0,True
S2,188,6485000000,32.0,-0.24218055009841918,0.2384362230402196,True,100.0,3,0.009218055009841908,0.006713287850856113,0,True,150.00000000000003,3,0.02132708251476287,0.015371347923544717,0,True
S2,189,6535000000,32.0,-0.2219231277704239,0.22734605278656908,True,100.0,3,0.007192312777042409,0.005170016199681469,0,True,150.00000000000003,3,0.018288469165563592,0.013011318052472125,0,True
S2,190,6585000000,32.0,-0.17927148938179016,0.21637444088851746,True,50.0,2,0.003963574469089515,0.002878287830251764,0,True,100.0,2,0.012927148938179034,0.009289872555244211,0,True
S2,191,6635000000,32.0,-0.17927148938179016,0.2081517315434985,True,50.0,2,0.003963574469089515,0.002958690501833126,0,True,100.0,2,0.012927148938179034,0.009549377725027492,0,False
S2,192,6685000000,32.0,-0.15209227800369263,0.199293156159633,False,50.0,2,0.002604613900184627,0.001955516248011888,0,False,100.0,2,0.010209227800369258,0.00759865957456602,0,False
S2,193,6735000000,32.0,-0.15209227800369263,0.1922275901561292,False,50.0,2,0.002604613900184627,0.0020214067284131084,0,False,100.0,2,0.010209227800369258,0.007854693923677361,0,False
S2,194,6785000000,32.0,-0.20838092267513275,0.184622977428149,False,100.0,3,0.0058380922675132785,0.004519837463015485,0,False,150.00000000000003,3,0.016257138401269883,0.012452205903975295,0,False
S2,195,6835000000,32.0,-0.20838092267513275,0.17327935865608357,False,100.0,3,0.005838092267513251,0.004702920164109083,0,False,150.00000000000003,3,0.01625713840126991,0.012956600920416108,0,False
S2,196,6885000000,32.0,-0.22930020093917847,0.16286031396046385,False,100.0,3,0.007930020093917856,0.0063635596552363265,0,False,150.00000000000003,3,0.01939503014087679,0.01540452922281968,0,False
S2,197,6935000000,32.0,-0.22930020093917847,0.15084600232752335,False,100.0,3,0.007930020093917856,0.00653778885020565,0,False,150.00000000000003,3,0.01939503014087679,0.015826292963678892,0,False
S2,198,6985000000,32.0,-0.23298382759094238,0.13938099420270622,False,100.0,3,0.008298382759094225,0.006838212428701972,0,False,150.00000000000003,3,0.019947574138641358,0.016269140850872253,0,False
S2,199,7035000000,32.0,-0.23298382759094238,0.12761929587733106,False,100.0,3,0.008298382759094239,0.006989961870656765,0,False,150.00000000000003,3,0.019947574138641358,0.016630175707706876,0,False
S2,200,7085000000,32.0,-0.24328044056892395,0.11597010640040087,False,100.0,3,0.009328044056892387,0.007848351432620011,0,False,150.00000000000003,3,0.021492066085338588,0.01789550440559043,0,False
S2,201,7135000000,32.0,-0.24328044056892395,0.10351867136733793,False,100.0,3,0.009328044056892387,0.007980620936113922,0,False,150.00000000000003,3,0.021492066085338588,0.018197100161438346,0,False
S2,202,7185000000,32.0,-0.22732453048229218,0.09135465118941133,False,100.0,3,0.007732453048229226,0.006628018816961251,0,False,150.00000000000003,3,0.01909867957234382,0.01620326326076755,0,False
S2,203,7235000000,32.0,-0.22732453048229218,0.08042736735611242,False,100.0,3,0.007732453048229226,0.006614767122210081,0,False,150.00000000000003,3,0.01909867957234382,0.01617086735112809,0,False
S2,204,7285000000,32.0,-0.20851153135299683,0.06906114274832108,False,100.0,3,0.005851153135299686,0.005023149164021306,0,False,150.00000000000003,3,0.01627672970294952,0.013824681776127837,0,False
S2,205,7335000000,32.0,-0.20851153135299683,0.05913945238858471,False,100.0,3,0.005851153135299679,0.005153718758669301,0,False,150.00000000000003,3,0.01627672970294953,0.014184034651524357,0,False
S2,206,7385000000,32.0,-0.2196725606918335,0.04871387747972246,False,100.0,3,0.0069672560691833516,0.0061225094751394555,0,False,150.00000000000003,3,0.01795088410377502,0.015612120526347797,0,False
S2,207,7435000000,32.0,-0.2196725606918335,0.037421226211730794,False,100.0,3,0.006967256069183348,0.006216133659952547,0,False,150.00000000000003,3,0.017950884103775024,0.01585085793678659,0,False
S2,208,7485000000,32.0,-0.25921404361724854,0.02643759997739767,False,100.0,3,0.010921404361724856,0.00970084932717955,0,False,150.00000000000003,3,0.02388210654258728,0.02098757745843927,0,False
S2,209,7535000000,32.0,-0.25921404361724854,0.012622404892273634,False,100.0,3,0.010921404361724854,0.009700556666205833,0,False,150.00000000000003,3,0.02388210654258728,0.0209869442927633,0,False
S2,210,7585000000,32.0,-0.28182119131088257,-0.0009224369913209826,False,100.0,3,0.013182119131088257,0.011685206947065136,0.003929734943571628,False,150.00000000000003,3,0.027273178696632386,0.023908059215212586,0.0080815717788284,False
S2,211,7635000000,32.0,-0.28182119131088257,-0.015013494710458812,False,100.0,3,0.013182119131088257,0.011685207125168627,0.00388249182454814,False,150.00000000000003,3,0.027273178696632386,0.023908059579621097,0.00798303043903592,False
S2,212,7685000000,32.0,-0.2695084512233734,-0.0287670472424511,False,100.0,3,0.01195084512233734,0.010552580999170077,0.0034792896900580628,False,150.00000000000003,3,0.025426267683506015,0.022208087967802527,0.007357524823250694,False
S2,213,7735000000,32.0,-0.2695084512233734,-0.04224246826313895,False,100.0,3,0.011950845122337343,0.01055258092437009,0.003437060775821732,False,150.00000000000003,3,0.02542626768350601,0.02220808781038354,0.00726701574297528,False
S2,214,7785000000,32.0,-0.24701887369155884,-0.055136098340201396,False,100.0,3,0.009701887369155886,0.008503583404071752,0.002759910563539747,False,150.00000000000003,3,0.02205283105373384,0.019127734950848164,0.006236746232212598,False
S2,215,7835000000,32.0,-0.24701887369155884,-0.06748704055284663,False,100.0,3,0.009701887369155893,0.008503583301856459,0.002727642885763548,False,150.00000000000003,3,0.022052831053733818,0.019127734720929785,0.006162927242178373,False
S2,216,7885000000,32.0,-0.22020575404167175,-0.07917334763585153,False,100.0,3,0.007020575404167173,0.006148229561930313,0.001954016821908766,False,150.00000000000003,3,0.018030863106250766,0.01562807848656527,0.0049911554705664996,False
S2,217,7935000000,32.0,-0.22020575404167175,-0.09018363374110175,False,100.0,3,0.007020575404167173,0.006148229567403854,0.0019327250254529416,False,150.00000000000003,3,0.018030863106250766,0.015628078500472375,0.004936170924673466,False
S2,218,7985000000,32.0,-0.19200873374938965,-0.100560966279491,False,50.0,2,0.0046004366874694835,0.004037852144751873,0.0012547420611248583,False,100.0,2,0.014200873374938972,0.0123272886497919,0.0038540796374134656,False
S2,219,8035000000,32.0,-0.19200873374938965,-0.11016140163064982,False,50.0,2,0.0046004366874694835,0.004037852147490583,0.0012423407561291677,False,100.0,2,0.014200873374938972,0.012327288658143745,0.003815621745791864,False
S2,220,8085000000,32.0,-0.17615345120429993,-0.11961483924412628,False,50.0,2,0.0038076725602149974,0.0033375714916965295,0.0010184861137642054,False,100.0,2,0.01261534512043,0.010944631599053583,0.003358525368870824,False
S2,221,8135000000,32.0,-0.17615345120429993,-0.12813298199746345,False,50.0,2,0.0038076725602149974,0.0033509081040821414,0.0010092209977058397,False,100.0,2,0.01261534512043,0.010988365286756173,0.0033277032368226322,False
S2,222,8185000000,32.0,-0.15222138166427612,-0.1367936556735073,False,50.0,2,0.0026110690832138184,0.0022971875081297904,0.000686002519881157,False,100.0,2,0.010222138166427613,0.00891540860531254,0.002674378615092343,False
S2,223,8235000000,32.0,-0.15222138166427612,-0.14394108113623255,False,50.0,2,0.0026110690832138184,0.002302060268321114,0.0006805931343099036,False,100.0,2,0.010222138166427613,0.008934319838293315,0.0026531287580009444,False
S2,224,8285000000,32.0,-0.12517067790031433,-0.15140515146346187,False,50.0,2,0.0012585338950157066,0.0011055446751526957,0.00032555394557109985,False,100.0,2,0.0075170677900314176,0.006565790978243221,0.0019375979833092805,False
S2,225,8335000000,32.0,-0.12517067790031433,-0.157141770834693,False,50.0,2,0.0012585338950157066,0.0011017538466657386,0.00032343646078758503,False,100.0,2,0.0075170677900314176,0.00654327738108302,0.001924915805783023,False
S2,226,8385000000,32.0,-0.11313075572252274,-0.1632533062343174,False,50.0,2,0.000656537786126149,0.000571887211326241,0.00016760217847600067,False,100.0,2,0.006313075572252275,0.005479705387932517,0.0016063280084031017,False
S2,227,8435000000,32.0,-0.11313075572252274,-0.16871384326568978,False,50.0,2,0.000656537786126149,0.000566746172524772,0.0001665402368038471,False,100.0,2,0.006313075572252275,0.0054304450138488725,0.0015960919344161217,False
S2,228,8485000000,32.0,-0.10557325184345245,-0.17424902798706524,False,50.0,2,0.00027866259217262934,0.00023875362570861255,7.024342748773726e-05,False,100.0,2,0.005557325184345263,0.004753327374143719,0.0013964724316509747,False
S2,229,8535000000,32.0,-0.10557325184345245,-0.17942543231210792,False,50.0,2,0.00027866259217262934,0.00023353578031196277,6.981225721180984e-05,False,100.0,2,0.005557325184345263,0.004649445695700309,0.001387854630122476,False
S2,230,8585000000,32.0,-0.1300913393497467,-0.18485109151961598,False,50.0,2,0.0015045669674873252,0.0012556200311923873,0.0003742047723477304,False,100.0,2,0.008009133934974655,0.006641355336059302,0.0019841147264442194,False
S2,231,8635000000,32.0,-0.1300913393497467,-0.19183050190168813,False,50.0,2,0.0015045669674873252,0.001247986903952579,0.00037103417051809195,False,100.0,2,0.008009133934974655,0.006600981409936454,0.0019671920387223096,False
S2,232,8685000000,32.0,-0.1305633932352066,-0.19834498108916648,False,50.0,2,0.0015281696617603369,0.001261960363021939,0.0003738268437594172,False,100.0,2,0.008056339323520678,0.00661011822449864,0.0019627529889906237,True
S2,233,8735000000,32.0,-0.1305633932352066,-0.20487787054244241,True,50.0,2,0.0015281696617603369,0.0012551322239114193,0.0003707799564353076,True,100.0,2,0.008056339323520678,0.006574352595005872,0.001946648414385188,True
S2,234,8785000000,32.0,-0.12305262684822083,-0.21128517767772775,True,50.0,2,0.0011526313424110313,0.0009423449817250754,0.0002774640734142242,True,100.0,2,0.007305262684822067,0.005940531933781017,0.0017516171527506286,True
S2,235,8835000000,32.0,-0.12305262684822083,-0.2173363686733148,True,50.0,2,0.0011526313424110313,0.0009334965943961801,0.0002753142975534528,True,100.0,2,0.007305262684822067,0.00588475180183422,0.0017379595723725494,True
S2,236,8885000000,32.0,-0.13025783002376556,-0.22360665231108284,True,50.0,2,0.0015128915011882738,0.0012316157960889688,0.0003583425915602012,True,100.0,2,0.008025783002376552,0.006491868739441474,0.0018928527306362186,True
S2,237,8935000000,32.0,-0.13025783002376556,-0.23021563510434317,True,50.0,2,0.0015128915011882738,0.001241657672185065,0.0003552304038286769,True,100.0,2,0.008025783002376552,0.006544799646714267,0.001876302189038448,True
S2,238,8985000000,32.0,-0.15467391908168793,-0.2368755229672857,True,50.0,2,0.002733695954084403,0.002228989964028964,0.0006356593649111675,True,100.0,2,0.01046739190816881,0.008459264896734939,0.0024212287844821434,True
S2,239,9035000000,32.0,-0.15467391908168793,-0.24508212438415827,True,50.0,2,0.002733695954084403,0.0022086131835754035,0.0006285995527463006,True,100.0,2,0.01046739190816881,0.008381932747939129,0.00239412009037987,True
S2,240,9085000000,32.0,-0.17854417860507965,-0.25296281685120664,True,50.0,2,0.003927208930254,0.0031437825419354313,0.0008925008698683623,True,100.0,2,0.012854417860508005,0.010183498778849213,0.0029030374953233906,True
S2,241,9135000000,32.0,-0.17854417860507965,-0.2623524308785928,True,50.0,2,0.003927208930254,0.0030902540092536852,0.0008807512194926037,True,100.0,2,0.012854417860508005,0.01001010645930539,0.0028644578989438507,True
S2,242,9185000000,32.0,-0.195017009973526,-0.2714266359148896,True,50.0,2,0.004750850498676296,0.0037053209293700378,0.0010510129782106414,True,100.0,2,0.014501700997352596,0.011184590141572914,0.003185342132678959,True
S2,243,9235000000,32.0,-0.195017009973526,-0.281481361678105,True,50.0,2,0.004750850498676296,0.0036586898754145617,0.0010355879544859947,True,100.0,2,0.014501700997352596,0.011043833312047186,0.003138102940046239,True
S2,244,9285000000,32.0,-0.21067248284816742,-0.2913372087667904,True,100.0,3,0.006067248284816751,0.004626118918680233,0.0013017929354229851,True,150.00000000000003,3,0.016600872427225133,0.012524339727686351,0.0035332816248210275,True
S2,245,9335000000,32.0,-0.21067248284816742,-0.30218190840869386,True,100.0,3,0.006067248284816751,0.004457011628453655,0.00128024793863879,True,150.00000000000003,3,0.016600872427225133,0.012066513806973628,0.0034741310286228178,True
S2,246,9385000000,32.0,-0.22743211686611176,-0.3128625284503414,True,100.0,3,0.007743211686611184,0.005613978168771647,0.001604475422636531,True,150.00000000000003,3,0.019114817529916783,0.013716789656150398,0.00392470431485703,True
S2,247,9435000000,32.0,-0.22743211686611176,-0.32454460581602607,True,100.0,3,0.007743211686611184,0.00535514920697903,0.0015744251477808335,True,150.00000000000003,3,0.019114817529916783,0.01308438562480388,0.003850264021568184,True
S2,248,9485000000,32.0,-0.23253610730171204,-0.33599080088753974,True,100.0,3,0.008253610730171168,0.005660948182023604,0.0016458902735749792,True,150.00000000000003,3,0.01988041609525676,0.013495756876600012,0.003925520012991512,True
S2,249,9535000000,32.0,-0.23253610730171204,-0.34769192512585945,True,100.0,3,0.008253610730171168,0.005290847229349653,0.0016133520674668222,True,150.00000000000003,3,0.01988041609525676,0.012613432517418822,0.00384688084247653,True
S2,250,9585000000,32.0,-0.2343657910823822,-0.35935715182832834,True,100.0,3,0.008436579108238251,0.005345865179965665,0.0016154721914550807,True,150.00000000000003,3,0.020154868662357384,0.01264016723395989,0.003819029862414447,True
S2,251,9635000000,32.0,-0.2343657910823822,-0.3710937369468407,True,100.0,3,0.008436579108238251,0.004928738178685403,0.0015816621572867229,True,150.00000000000003,3,0.020154868662357384,0.011653880659839118,0.0037379980675669167,True
S2,252,9685000000,32.0,-0.23595957458019257,-0.3828399157441879,True,100.0,3,0.008595957458019221,0.004977449814611483,0.0015766063876727632,True,150.00000000000003,3,0.020393936187028838,0.011687701881843461,0.003698910298164937,True
S2,253,9735000000,32.0,-0.23595957458019257,-0.3946578154423071,True,100.0,3,0.008595957458019221,0.0046630482997187,0.0015414743439706724,True,150.00000000000003,3,0.020393936187028838,0.010949446085372808,0.003615304194974911,True
S2,254,9785000000,32.0,-0.23551803827285767,-0.4064480657542696,True,100.0,3,0.008551803827285764,0.00459722858251304,0.00149853916423337,True,150.00000000000003,3,0.020327705740928625,0.010815432080457228,0.0035201581630980305,True
S2,255,9835000000,32.0,-0.23551803827285767,-0.4182184468452708,True,100.0,3,0.008551803827285764,0.0043531769629659095,0.001463307650731216,True,150.00000000000003,3,0.020327705740928625,0.010241276658792512,0.003436171255912668,True
S2,256,9885000000,32.0,-0.24593336880207062,-0.4301357986150526,True,100.0,3,0.009593336880207026,0.0048138899349536805,0.0015995126110619484,True,150.00000000000003,3,0.021890005320310546,0.010870090986616744,0.0036021028209055617,True
S2,257,9935000000,32.0,-0.24593336880207062,-0.44259181186242524,True,100.0,3,0.009593336880207026,0.0045710731559869995,0.00155719268223109,True,150.00000000000003,3,0.021890005320310546,0.010321794179655274,0.0035052650906703953,True
S2,258,9985000000,32.0,-0.2465183585882187,-0.4549007632409259,True,100.0,3,0.0096518358588219,0.004536596724065628,0.0015242732473456089,True,150.00000000000003,3,0.021977753788232857,0.010222578177491446,0.0034223560008052045,True
S2,259,10035000000,32.0,-0.2465183585882187,-0.4672325294715384,True,100.0,3,0.0096518358588219,0.0043528339948423955,0.0014816485797427559,True,150.00000000000003,3,0.021977753788232857,0.009808494894389317,0.003325040645878241,True
S2,260,10085000000,32.0,-0.2478267103433609,-0.4795584455850386,True,100.0,3,0.009782671034336055,0.0044113159269429224,0.0014580917021961293,True,150.00000000000003,3,0.022174006551504144,0.009894701093557752,0.003255295889468268,True
S2,261,10135000000,32.0,-0.2478267103433609,-0.49199033851102236,True,100.0,3,0.009782671034336055,0.004165652427996163,0.0014140827212406615,True,150.00000000000003,3,0.022174006551504255,0.009343671212250328,0.003155295254958501,True
S2,262,10185000000,32.0,-0.24283073842525482,-0.5043816725353352,True,100.0,3,0.009283073842525469,0.00395477407988343,0.001300880274877958,True,150.00000000000003,3,0.02142461076378821,0.009032822473352901,0.0029548208867512527,True
