libdart-collision-bullet-dev:amd64	6.12.1+dfsg4-11build2
libdart-collision-bullet6.12:amd64	6.12.1+dfsg4-11build2
libdart-collision-ode-dev:amd64	6.12.1+dfsg4-11build2
libdart-collision-ode6.12:amd64	6.12.1+dfsg4-11build2
libdart-dev:amd64	6.12.1+dfsg4-11build2
libdart-external-convhull-3d-dev:amd64	6.12.1+dfsg4-11build2
libdart-external-ikfast-dev:amd64	6.12.1+dfsg4-11build2
libdart-external-odelcpsolver-dev:amd64	6.12.1+dfsg4-11build2
libdart-external-odelcpsolver6.12:amd64	6.12.1+dfsg4-11build2
libdart-utils-dev:amd64	6.12.1+dfsg4-11build2
libdart-utils-urdf-dev:amd64	6.12.1+dfsg4-11build2
libdart-utils-urdf6.12:amd64	6.12.1+dfsg4-11build2
libdart-utils6.12:amd64	6.12.1+dfsg4-11build2
libdart6.12:amd64	6.12.1+dfsg4-11build2
libignition-gazebo6:amd64	6.18.0-1~jammy
libignition-gazebo6-6	NA
libignition-gazebo6-dev:amd64	6.18.0-1~jammy
libignition-gazebo6-plugins:amd64	6.18.0-1~jammy
libignition-physics5:amd64	5.4.0-1~jammy
libignition-physics5-5	NA
libignition-physics5-bullet:amd64	5.4.0-1~jammy
libignition-physics5-bullet-dev:amd64	5.4.0-1~jammy
libignition-physics5-core-dev:amd64	5.4.0-1~jammy
libignition-physics5-dartsim:amd64	5.4.0-1~jammy
libignition-physics5-dartsim-dev:amd64	5.4.0-1~jammy
libignition-physics5-dartsim-plugin	NA
libignition-physics5-dev:amd64	5.4.0-1~jammy
libignition-physics5-heightmap-dev:amd64	5.4.0-1~jammy
libignition-physics5-mesh-dev:amd64	5.4.0-1~jammy
libignition-physics5-sdf-dev:amd64	5.4.0-1~jammy
libignition-physics5-tpe:amd64	5.4.0-1~jammy
libignition-physics5-tpe-dev:amd64	5.4.0-1~jammy
libignition-physics5-tpe-plugin5	NA
libignition-physics5-tpelib:amd64	5.4.0-1~jammy
libignition-physics5-tpelib-dev:amd64	5.4.0-1~jammy
libignition-physics5-tpelib5	NA
ros-humble-nav2-controller	1.1.20-1jammy.20260607.083252
ros-humble-nav2-velocity-smoother	1.1.20-1jammy.20260607.080005
