source_t,tracker_x_m,tracker_y_m,tracker_vy_mps,visible_span_y_m,physical_box_y_m,physical_vy_mps,robot_y_m,tracker_minus_box_y_m,signed_visible_bias_m,online_view_side_from_fixed_pose_and_track,truth_view_side,repeat_count
16.039,4.900608575084798,-0.3475873783538132,0.6670126226676412,0.19999999999999998,-0.024660816392934097,0.7718676181247897,-1.65,-0.3229265619608791,0.3229265619608791,south,south,1
16.105,4.901197278606111,-0.29208246509366836,0.6870707576407789,0.19999999999999998,0.02636517546588515,0.7699204748568822,-1.65,-0.3184476405595535,0.3184476405595535,south,south,1
16.171,4.901783183099335,-0.23631496135807314,0.7052749929821247,0.19999999999999998,0.07702931146264054,0.7658204545272396,-1.65,-0.3133442728207137,0.3133442728207137,south,south,1
16.237,4.900933629851641,-0.18116293833762587,0.7203051663618816,0.19999999999999998,0.12741327690458729,0.758191672154572,-1.65,-0.3085762152422131,0.3085762152422131,south,south,1
16.303,4.900141017814834,-0.1263970343254958,0.7329279078959509,0.19999999999999998,0.17722648031782054,0.7491594571788083,-1.65,-0.30362351464331633,0.30362351464331633,south,south,1
16.369,4.899356303985157,-0.07146256682154781,0.7443897638008612,0.19999999999999998,0.22629353292481386,0.7376424755008953,-1.65,-0.29775609974636164,0.29775609974636164,south,south,1
16.435,4.898614152778203,-0.018130993005927368,0.7517300071446775,0.19999999999999998,0.27466257475668815,0.7252451913145581,-1.65,-0.2927935677626155,0.2927935677626155,south,south,1
16.501,4.897995621275022,0.03483123675772373,0.7575787404436968,0.19999999999999998,0.322184767232541,0.708602235509688,-1.65,-0.28735353047481726,0.28735353047481726,south,south,1
16.567,4.897418761023561,0.08639890793769017,0.7603169734852118,0.19999999999999998,0.36828839969939475,0.6913134451428976,-1.65,-0.2818894917617046,0.2818894917617046,south,south,1
16.633,4.896908559685179,0.13697086518427004,0.7610000790500867,0.19999999999999998,0.4133440369118113,0.6734912602246337,-1.65,-0.2763731717275413,0.2763731717275413,south,south,1
16.699,4.89642849616085,0.18660267963223096,0.7599620825824578,0.19999999999999998,0.4572368430621218,0.6561428954606066,-1.65,-0.2706341634298909,0.2706341634298909,south,south,1
16.765,4.8977906622763445,0.23492231903887048,0.7567515140985898,0.19999999999999998,0.49996897277619023,0.6356581652473153,-1.65,-0.2650466537373197,0.2650466537373197,south,south,1
16.831,4.899001503374505,0.2811392207371971,0.7502378222111981,0.19999999999999998,0.5412616449297595,0.6126601178571645,-1.65,-0.2601224241925624,0.2601224241925624,south,south,1
16.897,4.900092238633932,0.32580085314916335,0.7417582203829703,0.19999999999999998,0.5809018960785057,0.5892287446771949,-1.65,-0.2551010429293424,0.2551010429293424,south,south,1
16.963,4.901085516273542,0.3682362743911613,0.7303672964091895,0.19999999999999998,0.6189969572465742,0.5653474587754903,-1.65,-0.2507606828554129,0.2507606828554129,south,south,1
17.029,4.901942387396742,0.40925269335504877,0.7178108333122764,0.19999999999999998,0.6555405467749825,0.5412143462646557,-1.65,-0.24628785341993376,0.24628785341993376,south,south,1
17.095,4.902737628201384,0.44767268848185887,0.7021663661272187,0.19999999999999998,0.6905031477230289,0.5154363423842012,-1.65,-0.24283045924117003,0.24283045924117003,south,south,1
17.161,4.9034408294792335,0.48511937767301916,0.6866253663648475,0.19999999999999998,0.7236751941753524,0.48880283793023893,-1.65,-0.23855581650233326,0.23855581650233326,south,south,1
17.227,4.9040004881387835,0.5206890543856452,0.6695972126791048,0.19999999999999998,0.7550196931950406,0.4600883770523745,-1.65,-0.23433063880939542,0.23433063880939542,south,south,1
17.293,4.904448523928397,0.554416784651026,0.6513146249606642,0.19999999999999998,0.7844058926977518,0.4301459096953403,-1.65,-0.2299891080467259,0.2299891080467259,south,south,1
17.359,4.904910098975879,0.5846325212013092,0.6290048157891489,0.19999999999999998,0.8117979012005241,0.3990649484562597,-1.65,-0.22716537999921493,0.22716537999921493,south,south,1
17.425,4.905264426550475,0.6128934533373603,0.6058523734142688,0.19999999999999998,0.8371622208050646,0.3667960695800526,-1.65,-0.2242687674677043,0.2242687674677043,south,south,1
17.491,4.905525176703938,0.6391496249564833,0.5818671812963754,0.19999999999999998,0.8602696432531395,0.3335549756342332,-1.65,-0.22112001829665617,0.22112001829665617,south,south,1
17.557,4.905721404795368,0.6636627966273528,0.5576025236462963,0.19999999999999998,0.8811875309081135,0.2989617050523774,-1.65,-0.2175247342807607,0.2175247342807607,south,south,1
17.623,4.905856057484314,0.6847442921081832,0.5301406600616931,0.19999999999999998,0.8997833839504087,0.26346584689119823,-1.65,-0.21503909184222547,0.21503909184222547,south,south,1
17.689,4.905993452257267,0.7035326881135934,0.5018392038192254,0.19999999999999998,0.915974745076214,0.22678338548559107,-1.65,-0.21244205696262064,0.21244205696262064,south,south,1
17.755,4.906053084898453,0.7206080314779586,0.47380824483821193,0.19999999999999998,0.9297296353572213,0.18976866427205807,-1.65,-0.2091216038792627,0.2091216038792627,south,south,1
17.821,4.9060860484632025,0.7343771501480183,0.4432334712625885,0.19999999999999998,0.9410467680895305,0.13400819639613482,-1.65,-0.20666961794151217,0.20666961794151217,south,south,1
17.887,4.906122954993061,0.7462474178160547,0.4128667265452849,0.19999999999999998,0.9496782830828592,0.06283204144595045,-1.65,-0.20343086526680443,0.20343086526680443,south,south,1
17.953,4.906129425587354,0.7528942720915744,0.3768763219610075,0.19999999999999998,0.9491587085304827,-0.003751093839429176,-1.65,-0.19626443643890823,0.19626443643890823,south,south,1
18.019,4.90610636785231,0.7559331530968041,0.3387326673949365,0.19999999999999998,0.9467265456819693,-0.04794619352291807,-1.65,-0.19079339258516526,0.19079339258516526,south,south,1
18.085,4.906065841984474,0.754942989002088,0.2979484501202711,0.19999999999999998,0.9427965520839716,-0.07046401340633723,-1.65,-0.1878535630818836,0.1878535630818836,south,south,1
18.151,4.906020934806969,0.7512547110928405,0.257153130418035,0.19999999999999998,0.9374017712056649,-0.09217775050901267,-1.65,-0.18614706011282445,0.18614706011282445,south,south,1
18.217,4.905905712957395,0.744838449007675,0.216295807586555,0.19999999999999998,0.9306021186503471,-0.11410612794590103,-1.65,-0.1857636696426721,0.1857636696426721,south,south,1
18.283,4.905855226269708,0.7366854347290612,0.17711522117821824,0.19999999999999998,0.9223718234521268,-0.13596450842409236,-1.65,-0.18568638872306553,0.18568638872306553,south,south,1
18.349,4.90571595450653,0.725765056258124,0.13761766623594943,0.19999999999999998,0.9126295568997278,-0.15913526729295635,-1.65,-0.18686450064160376,0.18686450064160376,south,south,1
18.415,4.905642696084502,0.7122147817871682,0.09807983218834616,0.19999999999999998,0.9014520498019009,-0.18333043945552796,-1.65,-0.18923726801473262,0.18923726801473262,south,south,1
18.481,4.905559233491273,0.6971976005876781,0.060537998038158305,0.19999999999999998,0.8884984677871813,-0.20933160884936242,-1.65,-0.19130086719950323,0.19130086719950323,south,south,1
18.547,4.905436293391718,0.6794646233704814,0.022580338761872,0.19999999999999998,0.8738354364662193,-0.23682557963114748,-1.65,-0.1943708130957379,0.1943708130957379,south,south,1
18.613,4.905352324736628,0.6609327828636676,-0.01239649803951997,0.19999999999999998,0.8572760135552067,-0.26589227510760705,-1.65,-0.19634323069153903,0.19634323069153903,south,south,1
18.679,4.905260067860114,0.6409455054085752,-0.04588316263406955,0.19999999999999998,0.8387843253742825,-0.29676230187061337,-1.65,-0.1978388199657073,0.1978388199657073,south,south,1
18.745,4.9051781774026955,0.6179955126594417,-0.0806845420290249,0.19999999999999998,0.8181723515763716,-0.3288607726405579,-1.65,-0.20017683891692983,0.20017683891692983,south,south,1
18.811,4.905069273323563,0.5935724740084165,-0.11404673995665601,0.19999999999999998,0.7953875702079721,-0.3621454486020348,-1.65,-0.20181509619955562,0.20181509619955562,south,south,1
18.877,4.904927484643443,0.5669676357313091,-0.1473738155400675,0.19999999999999998,0.7704517052095351,-0.3950701187841116,-1.65,-0.20348406947822595,0.20348406947822595,south,south,1
18.943,4.904854330803349,0.5395149275383122,-0.17833956607605062,0.19999999999999998,0.7431891339887954,-0.429662936564294,-1.65,-0.20367420645048318,0.20367420645048318,south,south,1
19.009,4.904783645544104,0.5092981523925851,-0.21056366216925865,0.19999999999999998,0.713711610772507,-0.46492607174851486,-1.65,-0.20441345837992186,0.20441345837992186,south,south,1
19.075,4.904709929213122,0.4774840212852668,-0.24186288523310745,0.19999999999999998,0.6818187777192949,-0.5004992121656388,-1.65,-0.2043347564340281,0.2043347564340281,south,south,1
19.141,4.904608683329813,0.44344838427328953,-0.2734342017281003,0.19999999999999998,0.6476657489635763,-0.5332941197204977,-1.65,-0.20421736469028678,0.20421736469028678,south,south,1
19.207,4.902688033502448,0.40688773948473733,-0.3057764301699583,0.19999999999999998,0.6113874543518376,-0.5651849150361904,-1.65,-0.20449971486710028,0.20449971486710028,south,south,1
19.273,4.902793236228716,0.36840366136967,-0.3377497924856416,0.19999999999999998,0.5730627768417942,-0.5958611095174676,-1.65,-0.20465911547212418,0.20465911547212418,south,south,1
19.339,4.90286864587924,0.32782873080268565,-0.3696892832015283,0.19999999999999998,0.5326347609951628,-0.6251723929926023,-1.65,-0.20480603019247717,0.20480603019247717,south,south,1
19.405,4.902975341715405,0.2854514425960585,-0.40109483374749266,0.19999999999999998,0.4903814585449566,-0.651717063645626,-1.65,-0.20493001594889815,0.20493001594889815,south,south,1
19.471,4.901399180013571,0.24023940259888554,-0.433831502599181,0.19999999999999998,0.44659600240015956,-0.6758662625257128,-1.65,-0.20635659980127402,0.20635659980127402,south,south,1
19.537,4.900038185742071,0.19398864729135087,-0.4646083071873565,0.19999999999999998,0.4011817536607424,-0.6977805654324256,-1.65,-0.2071931063693915,0.2071931063693915,south,south,1
19.603,4.8988590464486625,0.14602314512773498,-0.49483217660556417,0.19999999999999998,0.35442292358558575,-0.7170594317763257,-1.65,-0.20839977845785077,0.20839977845785077,south,south,1
19.669,4.8978778388280615,0.09667382360478591,-0.5239887622056693,0.19999999999999998,0.30641825417349994,-0.7328201681120573,-1.65,-0.20974443056871403,0.20974443056871403,south,south,1
19.735,4.8971639135669465,0.04485011308865961,-0.5541062420085869,0.19999999999999998,0.2575503414063471,-0.7458561999436236,-1.65,-0.21270022831768748,0.21270022831768748,south,south,1
19.801,4.896547993591535,-0.007108363998460076,-0.5809867242689075,0.19999999999999998,0.20788811179196304,-0.7548057947949435,-1.65,-0.2149964757904231,0.2149964757904231,south,south,1
19.867,4.896102722243304,-0.05985979183350463,-0.6061532086197,0.19999999999999998,0.15766477818150476,-0.7611216081491712,-1.65,-0.21752457001500938,0.21752457001500938,south,south,1
19.933,4.89578306935797,-0.1145903029047895,-0.6318753760654151,0.19999999999999998,0.10750243335639924,-0.7656601453530746,-1.65,-0.22209273626118875,0.22209273626118875,south,south,1
19.999,4.896864697041825,-0.16958447831149415,-0.6550924800221327,0.19999999999999998,0.05674760412636368,-0.7688417523678116,-1.65,-0.22633208243785782,0.22633208243785782,south,south,1
20.065,4.897885243248496,-0.2242522929428196,-0.6750626246239404,0.19999999999999998,0.005868881407440748,-0.7700511160014334,-1.65,-0.23012117435026033,0.23012117435026033,south,south,1
20.131,4.898734339876277,-0.27939617786872345,-0.6935619440773632,0.19999999999999998,-0.045015773818533035,-0.7676628505571628,-1.65,-0.23438040405019042,0.23438040405019042,south,south,1
20.197,4.899477294523249,-0.3348179947779149,-0.7104138891556652,0.19999999999999998,-0.09560391024055111,-0.7619736602546476,-1.65,-0.2392140845373638,0.2392140845373638,south,south,1
20.263,4.900198658482899,-0.38975421652577324,-0.7244745838942681,0.19999999999999998,-0.14571136605306848,-0.7550346613863212,-1.65,-0.24404285047270477,0.24404285047270477,south,south,1
20.329,4.8997056600286015,-0.44446038602010307,-0.7365122579371055,0.19999999999999998,-0.19526430819698373,-0.7462168698791133,-1.65,-0.24919607782311934,0.24919607782311934,south,south,1
20.395,4.899255064781581,-0.4984668605071524,-0.74593973472867,0.19999999999999998,-0.2442314400499034,-0.7358779206491711,-1.65,-0.254235420457249,0.254235420457249,south,south,1
20.461,4.8989186486648455,-0.5515235853282872,-0.7526211369181455,0.19999999999999998,-0.29242290218258254,-0.7226210128985677,-1.65,-0.2591006831457046,0.2591006831457046,south,south,1
20.527,4.899616507185607,-0.6039328482791613,-0.757401144579029,0.19999999999999998,-0.3396525139335538,-0.7069336066500653,-1.65,-0.2642803343456075,0.2642803343456075,south,south,1
20.593,4.900218497942915,-0.6552617385266921,-0.7597427254332813,0.19999999999999998,-0.38582570802137434,-0.6902053953144932,-1.65,-0.2694360305053178,0.2694360305053178,south,south,1
20.659,4.8997663259196935,-0.705500866314278,-0.7599106170855745,0.19999999999999998,-0.43087372157230686,-0.6722571870413718,-1.65,-0.27462714474197114,0.27462714474197114,south,south,1
20.725,4.899480582576125,-0.7542495467253902,-0.7574554774244454,0.19999999999999998,-0.47460532821671236,-0.6529428323746267,-1.65,-0.2796442185086779,0.2796442185086779,south,south,1
20.791,4.9000247239855135,-0.80205872775245,-0.753642186563242,0.19999999999999998,-0.5170297865716695,-0.6315644567590847,-1.65,-0.2850289411807805,0.2850289411807805,south,south,1
20.857,4.900399915898965,-0.8482385236562066,-0.7474221670302583,0.19999999999999998,-0.5580084650669638,-0.6088859669897045,-1.65,-0.2902300585892428,0.2902300585892428,south,south,1
20.923000000000002,4.900073622134565,-0.892490300585208,-0.7385512190101204,0.19999999999999998,-0.5974956477053065,-0.5840054782847642,-1.65,-0.29499465287990145,0.29499465287990145,south,south,1
20.989,4.899757320241739,-0.9349632398821498,-0.7275955897669706,0.19999999999999998,-0.6351974373059858,-0.5582591082373306,-1.65,-0.29976580257616403,0.29976580257616403,south,south,1
21.055,4.9001466872406025,-0.9756372690538999,-0.7147605697303163,0.19999999999999998,-0.6711636635476891,-0.5315086126870022,-1.65,-0.30447360550621083,0.30447360550621083,south,south,1
21.121,4.8998969782839294,-1.0137303135565705,-0.6988966328844556,0.19999999999999998,-0.7054244713399473,-0.5045786437354866,-1.65,-0.30830584221662316,0.30830584221662316,south,south,1
21.187,4.900244394240606,-1.05043582809927,-0.6824378562523817,0.19999999999999998,-0.737783674191247,-0.4761308334742814,-1.65,-0.31265215390802303,0.31265215390802303,south,south,1
21.253,4.900488874863224,-1.084858543001473,-0.6638888688751385,0.19999999999999998,-0.7682732126994735,-0.44625666372666906,-1.65,-0.31658533030199953,0.31658533030199953,south,south,1
21.319,4.900658184728236,-1.1167952708170628,-0.6431357137806467,0.19999999999999998,-0.7966995738033823,-0.4152072613826402,-1.65,-0.32009569701368046,0.32009569701368046,south,south,1
21.385,4.90036989230967,-1.1469358882017051,-0.6216376733820825,0.19999999999999998,-0.8231029980137152,-0.3831920267167893,-1.65,-0.3238328901879899,0.3238328901879899,south,south,1
21.451,4.900548302852954,-1.1746402463098145,-0.598362348922406,0.19999999999999998,-0.8473602005457291,-0.3502452558934016,-1.65,-0.3272800457640853,0.3272800457640853,south,south,1
21.517,4.90024352121586,-1.1999074759829318,-0.5735131356492901,0.19999999999999998,-0.8693387204528357,-0.31632263632589863,-1.65,-0.3305687555300961,0.3305687555300961,south,south,1
21.583,4.9003713283839,-1.2224697080903801,-0.5468035538455953,0.19999999999999998,-0.8891079705014949,-0.2813655922994285,-1.65,-0.3333617375888852,0.3333617375888852,south,south,1
21.649,4.900058291111388,-1.2426568261886328,-0.5190243725440278,0.19999999999999998,-0.9065465581108134,-0.2457188038038216,-1.65,-0.3361102680778194,0.3361102680778194,south,south,1
21.715,4.899900601943073,-1.2603282533516666,-0.49005333727119615,0.19999999999999998,-0.9215610751594173,-0.2090898156594262,-1.65,-0.33876717819224933,0.33876717819224933,south,south,1
21.781,4.899742469561837,-1.2756153673600161,-0.4602573687827967,0.19999999999999998,-0.9341557237818369,-0.17215691334440952,-1.65,-0.34145964357817926,0.34145964357817926,south,south,1
21.847,4.89948184001534,-1.288017498552378,-0.42885695478855523,0.19999999999999998,-0.9443047596271775,-0.1071993474108468,-1.65,-0.3437127389252005,0.3437127389252005,south,south,1
21.913,4.899323792638458,-1.2977940063788331,-0.39649015833362694,0.19999999999999998,-0.9499094367549037,-0.03904631567639094,-1.65,-0.34788456962392944,0.34788456962392944,south,south,1
21.979,4.899171810569607,-1.3032624609939079,-0.3603293496078652,0.19999999999999998,-0.948530384203655,0.024175752971292153,-1.65,-0.35473207679025287,0.35473207679025287,south,south,1
22.045,4.899098222673495,-1.305001413712636,-0.32182263850099346,0.19999999999999998,-0.9455847743473138,0.05577318150214172,-1.65,-0.3594166393653222,0.3594166393653222,south,south,1
22.111,4.899429369651942,-1.3034831581159338,-0.2820655512912183,0.19999999999999998,-0.9411604620605386,0.07805104244559158,-1.65,-0.36232269605539524,0.36232269605539524,south,south,1
22.177,4.89928220173891,-1.2987918699359728,-0.24134929847208586,0.19999999999999998,-0.9352750925131665,0.10010533722789983,-1.65,-0.3635167774228063,0.3635167774228063,south,south,1
22.243,4.899188519250858,-1.2916736491871295,-0.20108783582465628,0.19999999999999998,-0.9279410825867156,0.12218503096321054,-1.65,-0.36373256660041386,0.36373256660041386,south,south,1
22.309,4.899477028752254,-1.281878032251463,-0.1607911910626416,0.19999999999999998,-0.9191411998297205,0.14529210897204048,-1.65,-0.3627368324217424,0.3627368324217424,south,south,1
22.375,4.899726291389299,-1.2702955393491424,-0.12201907722569776,0.19999999999999998,-0.9088161679828386,0.1691718595206937,-1.65,-0.3614793713663038,0.3614793713663038,south,south,1
22.441,4.89959462485143,-1.2561991098018108,-0.08332561418676888,0.19999999999999998,-0.8968516433015037,0.194411561702737,-1.65,-0.35934746650030713,0.35934746650030713,south,south,1
22.507,4.899936601311535,-1.2407114988781103,-0.04666308372499379,0.19999999999999998,-0.8832129483232277,0.2208566511818949,-1.65,-0.35749855055488255,0.35749855055488255,south,south,1
22.573,4.899694006171441,-1.2234508842263856,-0.011130319185799785,0.19999999999999998,-0.8677794068198971,0.24935417055083897,-1.65,-0.3556714774064885,0.3556714774064885,south,south,1
22.639,4.900039145171107,-1.204134530117946,0.023896850062908835,0.19999999999999998,-0.8503049917280352,0.27944558813466913,-1.65,-0.3538295383899108,0.3538295383899108,south,south,1
22.705,4.89978659538065,-1.1829270100987874,0.05818922228635843,0.19999999999999998,-0.8308564957172341,0.31121788148355367,-1.65,-0.35207051438155335,0.35207051438155335,south,south,1
22.771,4.900106757405824,-1.1597580295781214,0.09195431474430915,0.19999999999999998,-0.8093223130490125,0.34353611718449306,-1.65,-0.3504357165291089,0.3504357165291089,south,south,1
22.837,4.899834336262669,-1.1345490293727747,0.12539015628532468,0.19999999999999998,-0.7855806057980029,0.3765665773423654,-1.65,-0.34896842357477176,0.34896842357477176,south,south,1
22.903,4.900135574730704,-1.107412469229241,0.1583382513900997,0.19999999999999998,-0.7596614188628495,0.41022798404806493,-1.65,-0.34775105036639153,0.34775105036639153,south,south,1
22.969,4.900462915504904,-1.078478192832721,0.19062801028735288,0.19999999999999998,-0.7313935486722042,0.4447491072836096,-1.65,-0.34708464416051676,0.34708464416051676,south,south,1
23.035,4.900151653623249,-1.0472153805980706,0.22326262930476662,0.19999999999999998,-0.7008834192842018,0.4791763204131372,-1.65,-0.3463319613138688,0.3463319613138688,south,south,1
23.101,4.9004732065360646,-1.0143537843476669,0.2549275383566347,0.19999999999999998,-0.6681167080375507,0.5128395658750723,-1.65,-0.34623707631011613,0.34623707631011613,south,south,1
23.167,4.9000248582195445,-0.9787653680436682,0.2877051159495128,0.19999999999999998,-0.6331924037455414,0.5450447085153226,-1.65,-0.3455729642981268,0.3455729642981268,south,south,1
23.233,4.899693673568688,-0.9418539827272912,0.31901467766693353,0.19999999999999998,-0.5961544795787216,0.5764097547263769,-1.65,-0.34569950314856956,0.34569950314856956,south,south,1
23.299,4.900098127737061,-0.9028610567372969,0.35035063446235604,0.19999999999999998,-0.5571529807444364,0.6065083950225888,-1.65,-0.34570807599286046,0.34570807599286046,south,south,1
23.365,4.900495823337105,-0.8616673100076052,0.38191831436457807,0.19999999999999998,-0.5160267903021164,0.6345589041311408,-1.65,-0.3456405197054888,0.3456405197054888,south,south,1
23.431,4.900047997951576,-0.8184788291514686,0.41333098634206034,0.19999999999999998,-0.47316584455694455,0.6596592071932402,-1.65,-0.3453129845945241,0.3453129845945241,south,south,1
23.497,4.900416792384536,-0.7729116332832665,0.4452773013648171,0.19999999999999998,-0.4289624353809357,0.6831858629913268,-1.65,-0.3439491979023308,0.3439491979023308,south,south,1
23.563,4.900845085630922,-0.7265727805712608,0.47488835018146447,0.19999999999999998,-0.38305073547372526,0.7035944664025717,-1.65,-0.3435220450975356,0.3435220450975356,south,south,1
23.629,4.9011663439957935,-0.6782160574116887,0.5046103996584935,0.19999999999999998,-0.33588017372824114,0.7225667801075766,-1.65,-0.34233588368344753,0.34233588368344753,south,south,1
23.695,4.900520410049648,-0.628150842140572,0.5338901964566226,0.19999999999999998,-0.2876037300910937,0.7374306568966934,-1.65,-0.34054711204947835,0.34054711204947835,south,south,1
23.761,4.899915864259862,-0.576101421817225,0.5632603755783759,0.19999999999999998,-0.2383930614692419,0.749898122151433,-1.65,-0.3377083603479831,0.3377083603479831,south,south,1
23.827,4.899379080125162,-0.5238663310163265,0.5895686423008949,0.19999999999999998,-0.18850570371607273,0.7596889676140905,-1.65,-0.3353606273002538,0.3353606273002538,south,south,1
23.893,4.900035644834089,-0.4701613481349801,0.615411439295214,0.19999999999999998,-0.13807891859399687,0.7663885712589503,-1.65,-0.3320824295409832,0.3320824295409832,south,south,1
23.959,4.900568399491222,-0.4160047986730281,0.6390635125974585,0.19999999999999998,-0.08728372142075212,0.7706210713310243,-1.65,-0.32872107725227595,0.32872107725227595,south,south,1
24.025,4.901119671774583,-0.361148622904929,0.6612107811546363,0.19999999999999998,-0.036330692801375,0.7712825938247325,-1.65,-0.324817930103554,0.324817930103554,south,south,1
24.091,4.901594988000214,-0.30562989307809124,0.6819619810059516,0.19999999999999998,0.014609879452313134,0.7701720242904272,-1.65,-0.32023977253040437,0.32023977253040437,south,south,1
24.157,4.902064702404124,-0.24986539967041874,0.7007499786452,0.19999999999999998,0.06543424126717405,0.7671761497762067,-1.65,-0.3152996409375928,0.3152996409375928,south,south,1
24.223,4.901169043944335,-0.19466429338014687,0.7163876116264287,0.19999999999999998,0.11593715305497863,0.7617942004214756,-1.65,-0.3106014464351255,0.3106014464351255,south,south,1
24.289,4.900203716023437,-0.1394916255037081,0.730172610160152,0.19999999999999998,0.16604044671495863,0.7531804856337478,-1.65,-0.30553207221866674,0.30553207221866674,south,south,1
24.355,4.899350047138703,-0.08478707828141901,0.7415504911064318,0.19999999999999998,0.21541606366607077,0.7423608315208938,-1.65,-0.30020314194748976,0.30020314194748976,south,south,1
24.421,4.898614002192314,-0.031150872859954853,0.7497502543030512,0.19999999999999998,0.2640691811060157,0.7301030150433009,-1.65,-0.2952200539659705,0.2952200539659705,south,south,1
24.487,4.897951486304386,0.022137752498645236,0.756397428010784,0.19999999999999998,0.31193561012206605,0.7161907621886938,-1.65,-0.2897978576234208,0.2897978576234208,south,south,1
24.553,4.897346771655374,0.07438896761694169,0.7604659497591885,0.19999999999999998,0.3586789739723805,0.7002297563621648,-1.65,-0.28429000635543883,0.28429000635543883,south,south,1
24.619,4.896851193154787,0.12603639613383621,0.7630106280795497,0.19999999999999998,0.4043022185593259,0.6823184553540806,-1.65,-0.2782658224254897,0.2782658224254897,south,south,1
24.685,4.896405482051834,0.17614665795139745,0.7625766269513481,0.19999999999999998,0.44878478716579245,0.6633674526231065,-1.65,-0.272638129214395,0.272638129214395,south,south,1
24.751,4.897723817697346,0.22399061237688642,0.7582336344027992,0.19999999999999998,0.4919305422442258,0.6427605662782637,-1.65,-0.2679399298673394,0.2679399298673394,south,south,1
24.817,4.8989333660985075,0.2712199850206136,0.7533177534569712,0.19999999999999998,0.5337049203578702,0.6210334482231911,-1.65,-0.2624849353372566,0.2624849353372566,south,south,1
24.883,4.9000132160478,0.31631533978611087,0.7452407210921143,0.19999999999999998,0.5739591299738083,0.5982241436969615,-1.65,-0.2576437901876974,0.2576437901876974,south,south,1
24.949,4.900988952060683,0.35965735401069254,0.73503201334089,0.19999999999999998,0.6127011099880917,0.574049115716746,-1.65,-0.25304375597739914,0.25304375597739914,south,south,1
25.015,4.901903529123181,0.40214514424575254,0.7245080773452216,0.19999999999999998,0.649760274567607,0.5482008226698742,-1.65,-0.24761513032185445,0.24761513032185445,south,south,1
25.081,4.902662315813737,0.44106146071411434,0.7089584729035965,0.19999999999999998,0.6850759792178586,0.5209775647955561,-1.65,-0.24401451850374423,0.24401451850374423,south,south,1
25.147,4.903339822158284,0.4791518947217208,0.6937589338108401,0.19999999999999998,0.7185319212781354,0.49264104189108593,-1.65,-0.23938002655641455,0.23938002655641455,south,south,1
25.213,4.903922683835432,0.5148944620825242,0.6762103329735142,0.19999999999999998,0.750156120123874,0.46388333043117125,-1.65,-0.2352616580413498,0.2352616580413498,south,south,1
25.279,4.904372644065294,0.5490090086084113,0.6578410118455337,0.19999999999999998,0.7798404414930762,0.4336447888478212,-1.65,-0.2308314328846649,0.2308314328846649,south,south,1
25.345,4.904783527066646,0.5802018403447392,0.6364856321093794,0.19999999999999998,0.8074725207927863,0.40263964939124874,-1.65,-0.2272706804480471,0.2272706804480471,south,south,1
25.411,4.905153240102508,0.6086661757815754,0.6128260089968554,0.19999999999999998,0.8329636256754454,0.37010372243058365,-1.65,-0.2242974498938699,0.2242974498938699,south,south,1
25.477,4.905441193730323,0.6350074524890896,0.5881854559416256,0.19999999999999998,0.8563530993010582,0.3368538633703938,-1.65,-0.22134564681196855,0.22134564681196855,south,south,1
25.543,4.905653318915564,0.6595026629075846,0.563160950400621,0.19999999999999998,0.8774600057474746,0.3023386683810564,-1.65,-0.21795734283989,0.21795734283989,south,south,1
25.609,4.905838651694338,0.6804285273133959,0.5347863497990281,0.19999999999999998,0.8963016819063135,0.2672034427888298,-1.65,-0.21587315459291767,0.21587315459291767,south,south,1
25.675,4.905950257723671,0.6995130990827337,0.5064666562609806,0.19999999999999998,0.9127490676761082,0.2312141522267136,-1.65,-0.21323596859337446,0.21323596859337446,south,south,1
25.741,4.906009887099552,0.7158803907151655,0.47666526986175967,0.19999999999999998,0.9268440168921949,0.19459053412985705,-1.65,-0.21096362617702935,0.21096362617702935,south,south,1
25.807,4.906035639837733,0.7309121725398972,0.44796684904628764,0.19999999999999998,0.9384507190719297,0.15036371698821827,-1.65,-0.20753854653203252,0.20753854653203252,south,south,1
25.873,4.906063929960949,0.7420081394390717,0.41570173319493664,0.19999999999999998,0.9476309049946812,0.08031322262839868,-1.65,-0.20562276555560943,0.20562276555560943,south,south,1
25.939,4.906030090086828,0.7499061643957967,0.38157014370820025,0.19999999999999998,0.9496191418644854,0.01446384943787793,-1.65,-0.19971297746868866,0.19971297746868866,south,south,1
26.005,4.905999027992051,0.7536762888588837,0.3441627255544824,0.19999999999999998,0.9476999631949112,-0.04032434181858835,-1.65,-0.19402367433602752,0.19402367433602752,south,south,1
26.071,4.905938390192706,0.7542406517205394,0.3054680599779416,0.19999999999999998,0.9442355999842081,-0.06369633973305866,-1.65,-0.1899949482636687,0.1899949482636687,south,south,1
26.137,4.905880393062142,0.7524306984546956,0.26708701989747863,0.19999999999999998,0.9392681408876412,-0.08610124414740516,-1.65,-0.18683744243294564,0.18683744243294564,south,south,1
26.203,4.9058186980875025,0.7466828205650993,0.22625196575510775,0.19999999999999998,0.9328730933761131,-0.10818697123884446,-1.65,-0.18619027281101386,0.18619027281101386,south,south,1
26.269,4.905732658608579,0.7394480583662361,0.1875275766936357,0.19999999999999998,0.9250084948159852,-0.13083111807221603,-1.65,-0.18556043644974918,0.18556043644974918,south,south,1
26.335,4.905665822834739,0.7285876101653371,0.14693421237643667,0.19999999999999998,0.9156186563754007,-0.15417620770266816,-1.65,-0.1870310462100636,0.1870310462100636,south,south,1
26.401,4.905531037539402,0.7159453756661256,0.1079084807172726,0.19999999999999998,0.9046508641998788,-0.17878191456569936,-1.65,-0.18870548853375324,0.18870548853375324,south,south,1
26.467,4.9054766922256325,0.7007152411109476,0.06886143369755518,0.19999999999999998,0.892053007493783,-0.20480634207891035,-1.65,-0.1913377663828354,0.1913377663828354,south,south,1
26.533,4.905421715145226,0.6835950401033963,0.03101457983057139,0.19999999999999998,0.8776995316442758,-0.23233673375324504,-1.65,-0.1941044915408795,0.1941044915408795,south,south,1
26.599,4.905310179349179,0.6658064228372647,-0.0036363480411085447,0.19999999999999998,0.8614446422488518,-0.2613120549244119,-1.65,-0.1956382194115871,0.1956382194115871,south,south,1
26.665,4.905221643861088,0.6454565982870181,-0.03876635845702313,0.19999999999999998,0.8432691744192018,-0.291355470618076,-1.65,-0.19781257613218373,0.19781257613218373,south,south,1
26.731,4.905088794990074,0.6235044772810442,-0.07264508638808115,0.19999999999999998,0.8230518199422908,-0.3231202023757368,-1.65,-0.19954734266124663,0.19954734266124663,south,south,1
26.797,4.905013366318235,0.5993592341698041,-0.10644891750369964,0.19999999999999998,0.8006241884665819,-0.35625789860395496,-1.65,-0.20126495429677782,0.20126495429677782,south,south,1
26.863,4.90489784268313,0.5729937510557769,-0.14023385956624,0.19999999999999998,0.7759778959465868,-0.39056138572519605,-1.65,-0.20298414489080996,0.20298414489080996,south,south,1
26.929,4.9048753157975264,0.5455755269159995,-0.17196257738011972,0.19999999999999998,0.749144952111127,-0.42503624483841707,-1.65,-0.20356942519512744,0.20356942519512744,south,south,1
26.995,4.904815557020331,0.5165186509419504,-0.20289567733587635,0.19999999999999998,0.7199199918224629,-0.4592805063796329,-1.65,-0.20340134088051254,0.20340134088051254,south,south,1
27.061,4.90473476178269,0.4842840118727452,-0.23581357632998923,0.19999999999999998,0.6885192766571135,-0.4932142779007326,-1.65,-0.20423526478436832,0.20423526478436832,south,south,1
27.127,4.904667331467702,0.450118263138582,-0.26830964659160567,0.19999999999999998,0.6547926316323596,-0.5265662976760349,-1.65,-0.20467436849377757,0.20467436849377757,south,south,1
27.193,4.904519072812323,0.41467489510312944,-0.29929093586000555,0.19999999999999998,0.6188879620048373,-0.559022768260975,-1.65,-0.20421306690170787,0.20421306690170787,south,south,1
27.259,4.904429455996894,0.3763161509351587,-0.3317931023140738,0.19999999999999998,0.5808802890380147,-0.5904666307001166,-1.65,-0.204564138102856,0.204564138102856,south,south,1
27.325,4.904326741372946,0.335864405711436,-0.3642041816254729,0.19999999999999998,0.5409721803549692,-0.6195640078397948,-1.65,-0.2051077746435332,0.2051077746435332,south,south,1
27.391,4.90420064253951,0.29326989518317786,-0.3966216093219365,0.19999999999999998,0.49908600794109276,-0.6458760037932509,-1.65,-0.2058161127579149,0.2058161127579149,south,south,1
27.457,4.902441881821791,0.24896166761941668,-0.4282951457087729,0.19999999999999998,0.45559482877356733,-0.6700335021906151,-1.65,-0.20663316115415065,0.20663316115415065,south,south,1
27.523,4.900932448618183,0.20264278528133106,-0.4598292812542738,0.19999999999999998,0.4106389647389249,-0.6920499011686251,-1.65,-0.20799617945759385,0.20799617945759385,south,south,1
27.589,4.899646816679561,0.15521839290136044,-0.4896588839459538,0.19999999999999998,0.3641382097345568,-0.7123875810117388,-1.65,-0.20891981683319635,0.20891981683319635,south,south,1
27.655,4.898546485790498,0.10609539666794267,-0.5190165596378863,0.19999999999999998,0.3164906866488453,-0.7291181192942375,-1.65,-0.21039528998090262,0.21039528998090262,south,south,1
27.721,4.897637398997827,0.055024024280408514,-0.5483930487550793,0.19999999999999998,0.2678520166117084,-0.7426022873609922,-1.65,-0.21282799233129987,0.21282799233129987,south,south,1
27.787,4.896972107950018,0.003713397885643961,-0.5748005034403213,0.19999999999999998,0.21842909068636612,-0.7536574997090021,-1.65,-0.21471569280072217,0.21471569280072217,south,south,1
27.853,4.896382948882417,-0.04875542452849857,-0.6001865481619444,0.19999999999999998,0.16832755624516357,-0.7620124253796062,-1.65,-0.21708298077366214,0.21708298077366214,south,south,1
27.919,4.895963747921494,-0.10259610468235349,-0.6250421946314891,0.19999999999999998,0.11767691976295226,-0.7678552848542342,-1.65,-0.22027302444530575,0.22027302444530575,south,south,1
27.985,4.896973721057512,-0.156927880196991,-0.6478899849622928,0.19999999999999998,0.06680821966546541,-0.7703445732374488,-1.65,-0.2237360998624564,0.2237360998624564,south,south,1
28.051,4.89791895371644,-0.21177909390911626,-0.6690109290812083,0.19999999999999998,0.01585144002566404,-0.7701196483018921,-1.65,-0.2276305339347803,0.2276305339347803,south,south,1
28.117,4.898744932816357,-0.2670491447499863,-0.6884283845097791,0.19999999999999998,-0.03484501912001359,-0.7676875928802299,-1.65,-0.23220412562997272,0.23220412562997272,south,south,1
28.183,4.899540394197314,-0.3223598600782765,-0.7056781238078944,0.19999999999999998,-0.08541038958089218,-0.7629935119956346,-1.65,-0.2369494704973843,0.2369494704973843,south,south,1
28.249,4.900196077633928,-0.3773903712573921,-0.7204495478723871,0.19999999999999998,-0.13567844117427755,-0.7565081694181878,-1.65,-0.24171193008311456,0.24171193008311456,south,south,1
28.315,4.899606325182924,-0.4326974390199235,-0.7340010059650645,0.19999999999999998,-0.1853146383072962,-0.7475896238797444,-1.65,-0.24738280071262733,0.24738280071262733,south,south,1
28.381,4.899128770768456,-0.4874600818738654,-0.745038976234095,0.19999999999999998,-0.23444808477533488,-0.7366295430824645,-1.65,-0.2530119970985305,0.2530119970985305,south,south,1
28.447,4.898727190471057,-0.5410792811396606,-0.7528068231698353,0.19999999999999998,-0.2826728266772039,-0.7239916543058786,-1.65,-0.25840645446245675,0.25840645446245675,south,south,1
28.513,4.89939006354752,-0.5934843894779462,-0.7575581642399359,0.19999999999999998,-0.3300177857338369,-0.7094840447278622,-1.65,-0.26346660374410935,0.26346660374410935,south,south,1
28.579,4.899970038057949,-0.6451324132130702,-0.7604391381360116,0.19999999999999998,-0.37634332751676824,-0.693423195342695,-1.65,-0.268789085696302,0.268789085696302,south,south,1
28.645,4.900477039585151,-0.6953505317462387,-0.7604900350207343,0.19999999999999998,-0.42159457240277937,-0.6751759784618901,-1.65,-0.27375595934345937,0.27375595934345937,south,south,1
28.711,4.899993230896736,-0.7446456034434136,-0.758922586019358,0.19999999999999998,-0.46551427594634937,-0.655392156786801,-1.65,-0.2791313274970642,0.2791313274970642,south,south,1
28.777,4.899659812484742,-0.7920550057471386,-0.7542417669789339,0.19999999999999998,-0.5081500686943342,-0.6344144356475353,-1.65,-0.2839049370528044,0.2839049370528044,south,south,1
28.843,4.900055053842171,-0.8381155205952262,-0.7477442452727763,0.19999999999999998,-0.5493506091169421,-0.6120829196349328,-1.65,-0.2887649114782841,0.2887649114782841,south,south,1
28.909,4.899762331940326,-0.8827220468133364,-0.7394558772348538,0.19999999999999998,-0.588979738245453,-0.588810915318258,-1.65,-0.2937423085678834,0.2937423085678834,south,south,1
28.975,4.899536617578516,-0.9254275208991697,-0.7288021614241799,0.19999999999999998,-0.6270466236535333,-0.5641239993168445,-1.65,-0.29838089724563643,0.29838089724563643,south,south,1
29.041,4.899953759111899,-0.9665943833067389,-0.7166889628129673,0.19999999999999998,-0.6634795335746612,-0.5378141974533313,-1.65,-0.3031148497320777,0.3031148497320777,south,south,1
29.107,4.899639282800096,-1.0055783791380843,-0.7021590999197164,0.19999999999999998,-0.6981105703493511,-0.5102109286352519,-1.65,-0.30746780878873325,0.30746780878873325,south,south,1
29.173,4.900025644843285,-1.0421809082252869,-0.6851442680826192,0.19999999999999998,-0.7308381591138156,-0.4819702749225263,-1.65,-0.3113427491114713,0.3113427491114713,south,south,1
29.239,4.900326592361675,-1.0769117084558406,-0.6668214391359407,0.19999999999999998,-0.7617911307142903,-0.4529389694480024,-1.65,-0.31512057774155033,0.31512057774155033,south,south,1
29.305,4.899934796772987,-1.109856274658675,-0.6474907713801403,0.19999999999999998,-0.7906806797405617,-0.42256911329225155,-1.65,-0.3191755949181134,0.3191755949181134,south,south,1
29.371,4.899595254416012,-1.1403242248569623,-0.6260624308755125,0.19999999999999998,-0.8175317049348497,-0.3904325269243103,-1.65,-0.32279251992211255,0.32279251992211255,south,south,1
29.437,4.899904704050302,-1.1683599147280463,-0.6028557559925304,0.19999999999999998,-0.842291367912775,-0.35799764474868434,-1.65,-0.3260685468152713,0.3260685468152713,south,south,1
29.503,4.899636650547488,-1.1938195998864758,-0.5778246732330004,0.19999999999999998,-0.8648045332428033,-0.32398177012970597,-1.65,-0.3290150666436725,0.3290150666436725,south,south,1
29.569,4.899902394457023,-1.2170279142727125,-0.5517466349182504,0.19999999999999998,-0.8850937227570438,-0.28949783340890267,-1.65,-0.3319341915156687,0.3319341915156687,south,south,1
29.635,4.899673488733162,-1.237740257369228,-0.5243150562013235,0.19999999999999998,-0.9030466314863685,-0.25380726094517525,-1.65,-0.33469362588285945,0.33469362588285945,south,south,1
29.701,4.8999792008994,-1.2560509769090213,-0.4958508115449921,0.19999999999999998,-0.918651363311468,-0.21759346557214454,-1.65,-0.3373996135975533,0.3373996135975533,south,south,1
29.767,4.899761462777198,-1.2718243655106183,-0.4662358948327091,0.19999999999999998,-0.9317717699760886,-0.18046815553254714,-1.65,-0.3400525955345297,0.3400525955345297,south,south,1
29.833,4.899637462039404,-1.28496295299742,-0.4354327024408303,0.19999999999999998,-0.9424779132196708,-0.1216550483002049,-1.65,-0.34248503977774925,0.34248503977774925,south,south,1
29.899,4.899497630691955,-1.295190231823003,-0.40309520451860514,0.19999999999999998,-0.9499772044389144,-0.052396779979429486,-1.65,-0.34521302738408866,0.34521302738408866,south,south,1
29.965,4.899312364870946,-1.3018352203634906,-0.36822815721445923,0.19999999999999998,-0.9489322619973437,0.012160020162406138,-1.65,-0.35290295836614693,0.35290295836614693,south,south,1
30.031,4.899214754175542,-1.304256116210992,-0.33000203762361335,0.19999999999999998,-0.9462739842371012,0.0513125595736047,-1.65,-0.35798213197389084,0.35798213197389084,south,south,1
30.097,4.899065894767998,-1.3033167920620692,-0.2903132389698207,0.19999999999999998,-0.9421218806793882,0.07375411210418792,-1.65,-0.361194911382681,0.361194911382681,south,south,1
30.163,4.899497879945895,-1.2997167890051515,-0.2505524359279888,0.19999999999999998,-0.9365350746858829,0.09560471963597328,-1.65,-0.3631817143192686,0.3631817143192686,south,south,1
30.229,4.899353706171395,-1.29325570721498,-0.21037785029929434,0.19999999999999998,-0.9295085203365417,0.11763145518029039,-1.65,-0.3637471868784382,0.3637471868784382,south,south,1
30.295,4.899698751317917,-1.284699230131332,-0.1711747678694932,0.19999999999999998,-0.9210118941695923,0.14009603512213586,-1.65,-0.36368733596173974,0.36368733596173974,south,south,1
30.361,4.899963760971899,-1.2733315023883491,-0.13158064499516914,0.19999999999999998,-0.9110022683578543,0.16378531267584873,-1.65,-0.3623292340304949,0.3623292340304949,south,south,1
30.427,4.899770365504926,-1.2599509734738201,-0.09303538464965902,0.19999999999999998,-0.8994410874734355,0.18872388393762873,-1.65,-0.3605098860003846,0.3605098860003846,south,south,1
30.493,4.900012834478174,-1.2438745268000233,-0.054224715600698414,0.19999999999999998,-0.886172986640258,0.21495640556376927,-1.65,-0.3577015401597653,0.3577015401597653,south,south,1
30.559,4.899798950300929,-1.2267820573680452,-0.018113860005191218,0.19999999999999998,-0.8711082506829763,0.24269284312350814,-1.65,-0.355673806685069,0.355673806685069,south,south,1
30.625,4.900055105508516,-1.2072815505433203,0.01804018076338565,0.19999999999999998,-0.8542217506083976,0.2722066978483467,-1.65,-0.35305979993492276,0.35305979993492276,south,south,1
30.691,4.899747487131858,-1.186198104782248,0.0527910567324428,0.19999999999999998,-0.8352073264426964,0.3035536055733279,-1.65,-0.3509907783395517,0.3509907783395517,south,south,1
30.757,4.90018000564652,-1.1634804905324294,0.08639004037049972,0.19999999999999998,-0.8141292034409423,0.33605148688573616,-1.65,-0.3493512870914871,0.3493512870914871,south,south,1
30.823,4.899868085231239,-1.1386512718911537,0.11980397663953499,0.19999999999999998,-0.7908933242312594,0.36922147064526845,-1.65,-0.3477579476598943,0.3477579476598943,south,south,1
30.889,4.900166926046647,-1.111873794116639,0.15276885164517037,0.19999999999999998,-0.7654307107785255,0.4027584442678439,-1.65,-0.34644308333811347,0.34644308333811347,south,south,1
30.955,4.900440107460549,-1.0833835742165725,0.18492501382644266,0.19999999999999998,-0.7377564578404316,0.4370596840558122,-1.65,-0.34562711637614085,0.34562711637614085,south,south,1
31.021,4.9001193593644805,-1.052846294734447,0.21694972622632053,0.19999999999999998,-0.7077337587586914,0.47097937265417666,-1.65,-0.34511253597575564,0.34511253597575564,south,south,1
31.087,4.900395236373745,-1.0203088543277563,0.2487762168384342,0.19999999999999998,-0.6755088657470005,0.505174351807055,-1.65,-0.3447999885807558,0.3447999885807558,south,south,1
31.153,4.900001824677726,-0.985960587045633,0.2800965907044353,0.19999999999999998,-0.6410419514032423,0.5383693205113538,-1.65,-0.3449186356423908,0.3449186356423908,south,south,1
31.219,4.899535891215609,-0.9490967124652439,0.31220038740812633,0.19999999999999998,-0.6044416201425596,0.5707553191505588,-1.65,-0.3446550923226842,0.3446550923226842,south,south,1
31.285,4.89999268060087,-0.9103839248439299,0.3438326281250355,0.19999999999999998,-0.5657294087764961,0.6009937706762319,-1.65,-0.3446545160674338,0.3446545160674338,south,south,1
31.351,4.900379342844857,-0.869222458672369,0.376095416357051,0.19999999999999998,-0.5250733995266447,0.6296757835641039,-1.65,-0.34414905914572436,0.34414905914572436,south,south,1
31.417,4.899936301759921,-0.8265373714856799,0.4073000623638851,0.19999999999999998,-0.4825048974921344,0.6554627175014727,-1.65,-0.3440324739935455,0.3440324739935455,south,south,1
31.483,4.899468001930669,-0.781438228987554,0.439124072203388,0.19999999999999998,-0.4383631921952222,0.679782980840137,-1.65,-0.3430750367923318,0.3430750367923318,south,south,1
31.549,4.89999255556292,-0.7352155174382755,0.46924167529135596,0.19999999999999998,-0.3927620927614689,0.7009898042191406,-1.65,-0.3424534246768066,0.3424534246768066,south,south,1
31.615,4.900508200127375,-0.6872193053253561,0.4989849837555861,0.19999999999999998,-0.3457755948960127,0.7198121936559182,-1.65,-0.34144371042934346,0.34144371042934346,south,south,1
31.681,4.899965664499811,-0.6378278049465331,0.527736450237258,0.19999999999999998,-0.2976693245111727,0.7351626243566675,-1.65,-0.34015848043536046,0.34015848043536046,south,south,1
31.747,4.8994396052080935,-0.5866670162238298,0.5562637737022182,0.19999999999999998,-0.24867369253524077,0.747964888875625,-1.65,-0.33799332368858903,0.33799332368858903,south,south,1
31.813,4.898975765928794,-0.5342557298318483,0.5836865174672781,0.19999999999999998,-0.19884459194488735,0.7582861440522844,-1.65,-0.335411137886961,0.335411137886961,south,south,1
31.879,4.899610585100806,-0.4804833101228708,0.6103253053285549,0.19999999999999998,-0.14840911344745708,0.765639592382964,-1.65,-0.3320741966754137,0.3320741966754137,south,south,1
31.945,4.900211062061146,-0.4261184707671817,0.6349276523191423,0.19999999999999998,-0.09767690451602189,0.7702389634644216,-1.65,-0.3284415662511598,0.3284415662511598,south,south,1
32.011,4.90085474522056,-0.3712548712470752,0.6575647372704804,0.19999999999999998,-0.04675582687165,0.7719026388905653,-1.65,-0.3244990443754252,0.3244990443754252,south,south,1
32.077,4.901369918244462,-0.3162583339030524,0.6778240889759369,0.19999999999999998,0.004235988402030341,0.7709744989623257,-1.65,-0.32049432230508274,0.32049432230508274,south,south,1
32.143,4.901866253903389,-0.2605872429352341,0.6969260032047423,0.19999999999999998,0.055071733257813116,0.7677413159798374,-1.65,-0.3156589761930472,0.3156589761930472,south,south,1
32.209,4.900927894419376,-0.20604744035919345,0.7118492883311491,0.19999999999999998,0.10571677319253561,0.7622309589106496,-1.65,-0.31176421355172906,0.31176421355172906,south,south,1
32.275,4.900091208943699,-0.15029395909119644,0.7271721644122857,0.19999999999999998,0.15583611404254094,0.754567136455854,-1.65,-0.3061300731337374,0.3061300731337374,south,south,1
32.341,4.8993335755356835,-0.09585067014731376,0.7384395903738507,0.19999999999999998,0.2053267137066189,0.7443278268523436,-1.65,-0.30117738385393267,0.30117738385393267,south,south,1
32.407,4.898582417134225,-0.04164478414131311,0.7479932071441903,0.19999999999999998,0.25407068000296557,0.7315131063842835,-1.65,-0.2957154641442787,0.2957154641442787,south,south,1
32.473,4.897976953066625,0.012091337434013118,0.755624695822024,0.19999999999999998,0.30196142557551753,0.7174852714155008,-1.65,-0.2898700881415044,0.2898700881415044,south,south,1
32.539,4.897447267788875,0.06460624525583378,0.7602429572639485,0.19999999999999998,0.3488327794820652,0.701584550157189,-1.65,-0.28422653422623145,0.28422653422623145,south,south,1
32.605,4.8969369204446656,0.11591390676136575,0.7622198040777667,0.19999999999999998,0.3946568833305341,0.6846195003536295,-1.65,-0.27874297656916835,0.27874297656916835,south,south,1
32.671,4.896520127596115,0.16571635462434586,0.7613392591375627,0.19999999999999998,0.4392910647735597,0.6661300535029354,-1.65,-0.27357471014921386,0.27357471014921386,south,south,1
32.737,4.89612728128716,0.2143379957119358,0.7584974769071662,0.19999999999999998,0.48258465311116294,0.6463845111160562,-1.65,-0.26824665739922715,0.26824665739922715,south,south,1
32.803,4.897553800845877,0.26112275878002233,0.7527744840799279,0.19999999999999998,0.5245584139615077,0.6245534013824927,-1.65,-0.2634356551814854,0.2634356551814854,south,south,1
32.869,4.898876923484237,0.30724469984685965,0.7465534400326673,0.19999999999999998,0.5651136596139645,0.6017137850058163,-1.65,-0.2578689597671049,0.2578689597671049,south,south,1
32.935,4.899995610751801,0.350861763698524,0.7366738674822688,0.19999999999999998,0.6040112557270867,0.5777281771568804,-1.65,-0.2531494920285627,0.2531494920285627,south,south,1
33.001,4.901053747792533,0.3927130194342724,0.7248486653572085,0.19999999999999998,0.6414020730857019,0.5527604741002057,-1.65,-0.24868905365142946,0.24868905365142946,south,south,1
33.067,4.901992003587016,0.4326256915929177,0.7110003339999891,0.19999999999999998,0.6770938519086545,0.5266332378813898,-1.65,-0.24446816031573676,0.24446816031573676,south,south,1
33.133,4.902823753244872,0.47111649303401176,0.6962647816468028,0.19999999999999998,0.7109358182355807,0.4993224737093005,-1.65,-0.23981932520156896,0.23981932520156896,south,south,1
33.199,4.903539330578249,0.5075277651423711,0.6795954323116298,0.19999999999999998,0.7429511805901562,0.47077082081530275,-1.65,-0.2354234154477851,0.2354234154477851,south,south,1
33.265,4.904127102393677,0.5409607866320211,0.6596452616906227,0.19999999999999998,0.7731006691765578,0.4411046274278074,-1.65,-0.23213988254453677,0.23213988254453677,south,south,1
33.331,4.904622929274803,0.572382748332508,0.6384821282355699,0.19999999999999998,0.8012235021015035,0.41029856206688475,-1.65,-0.2288407537689955,0.2288407537689955,south,south,1
33.397,4.9050223807145175,0.6016473208553708,0.6159902576584342,0.19999999999999998,0.8273232061135075,0.37848549131961395,-1.65,-0.22567588525813675,0.22567588525813675,south,south,1
33.463,4.905341264574049,0.6287316074729835,0.5922828494467325,0.19999999999999998,0.8512420138027637,0.3454184263509169,-1.65,-0.22251040632978014,0.22251040632978014,south,south,1
33.529,4.9056215720175755,0.6530461963271076,0.566470401970333,0.19999999999999998,0.8729304963869204,0.31131274566152944,-1.65,-0.21988430005981285,0.21988430005981285,south,south,1
33.595,4.9058175015778485,0.6755864042138763,0.5405343442895383,0.19999999999999998,0.8923296829439009,0.2760475749736885,-1.65,-0.21674327873002464,0.21674327873002464,south,south,1
33.661,4.905967494049737,0.6958773664067783,0.513659383278545,0.19999999999999998,0.9094033371870864,0.2401776908127301,-1.65,-0.2135259707803081,0.2135259707803081,south,south,1
33.727,4.906082771930974,0.7137809600373558,0.4857124827422865,0.19999999999999998,0.9240612509197967,0.20346980916358115,-1.65,-0.21028029088244093,0.21028029088244093,south,south,1
33.793,4.9061596534315175,0.7282565224552418,0.4549992912637928,0.19999999999999998,0.9362701366335702,0.16426593379227805,-1.65,-0.20801361417832842,0.20801361417832842,south,south,1
33.859,4.906203083400106,0.7406805572824191,0.4242433757440224,0.19999999999999998,0.9460224599821566,0.09443198334270375,-1.65,-0.2053419026997375,0.2053419026997375,south,south,1
33.925,4.906306655127277,0.7487412326711615,0.3894111050889334,0.19999999999999998,0.9498003283181039,0.02704176597562835,-1.65,-0.20105909564694235,0.20105909564694235,south,south,1
33.991,4.906260374353532,0.7536919091809566,0.3531619716740265,0.19999999999999998,0.9481755346876553,-0.03368083491510632,-1.65,-0.19448362550669862,0.19448362550669862,south,south,1
34.057,4.9061690216464475,0.7551513833193896,0.31499340664372644,0.19999999999999998,0.9450024518497968,-0.05935168814715175,-1.65,-0.18985106853040723,0.18985106853040723,south,south,1
34.123,4.906076989041512,0.7530961656033113,0.2750856786568725,0.19999999999999998,0.9403321345372466,-0.08165589419696806,-1.65,-0.18723596893393535,0.18723596893393535,south,south,1
34.189,4.906029978808251,0.7479499446317368,0.2343794509959447,0.19999999999999998,0.934211137801954,-0.10379674805895023,-1.65,-0.18626119317021717,0.18626119317021717,south,south,1
34.255,4.905939045116455,0.740744851257337,0.19476982480826577,0.19999999999999998,0.9266307967833788,-0.12613677751786345,-1.65,-0.18588594552604176,0.18588594552604176,south,south,1
34.321,4.905849479011277,0.730779046489738,0.15490431844588626,0.19999999999999998,0.9175666317601465,-0.14905591887552472,-1.65,-0.1867875852704085,0.1867875852704085,south,south,1
34.387,4.90571637672858,0.7180850434032355,0.11486923118888039,0.19999999999999998,0.9069822055409744,-0.17320699881230361,-1.65,-0.18889716213773888,0.18889716213773888,south,south,1
34.453,4.905596829173725,0.7039346514046431,0.07690584874693479,0.19999999999999998,0.8947941331568661,-0.1985469627965175,-1.65,-0.190859481752223,0.190859481752223,south,south,1
34.519,4.905454177470288,0.6879335121094317,0.04008640429996495,0.19999999999999998,0.8807972867148329,-0.22556959651509834,-1.65,-0.19286377460540127,0.19286377460540127,south,south,1
34.585,4.905343546898896,0.6697118740632674,0.0036330847872347305,0.19999999999999998,0.8650757140969111,-0.25415489079934905,-1.65,-0.1953638400336437,0.1953638400336437,south,south,1
34.651,4.905224115913939,0.6499390529517887,-0.031327089732495254,0.19999999999999998,0.8473025191220309,-0.284353785363044,-1.65,-0.19736346617024225,0.19736346617024225,south,south,1
34.717,4.9051537220458865,0.628134179581882,-0.06580630689986895,0.19999999999999998,0.8275205668414799,-0.31620488300087457,-1.65,-0.1993863872595979,0.1993863872595979,south,south,1
34.783,4.9050840883942035,0.6042942732191244,-0.09986522619973107,0.19999999999999998,0.8056247049296064,-0.34908491879825254,-1.65,-0.20133043171048193,0.20133043171048193,south,south,1
34.849,4.904988806096869,0.5787140455096058,-0.13303747219579964,0.19999999999999998,0.7815068171954339,-0.3829021418546169,-1.65,-0.2027927716858281,0.2027927716858281,south,south,1
34.915,4.904864247026124,0.5519245672180982,-0.1644975430539503,0.19999999999999998,0.7551122139582022,-0.4167529639332235,-1.65,-0.20318764674010392,0.20318764674010392,south,south,1
34.981,4.904782496838003,0.5229554643865008,-0.1961379993691634,0.19999999999999998,0.7264843563668248,-0.45070927282083284,-1.65,-0.2035288919803241,0.2035288919803241,south,south,1
35.047,4.904682655097814,0.49192828786095855,-0.22772570531887332,0.19999999999999998,0.6956622234595703,-0.4841532659211817,-1.65,-0.20373393559861175,0.20373393559861175,south,south,1
35.113,4.904604567778481,0.4580961679414982,-0.2605714552813684,0.19999999999999998,0.6625533738336995,-0.5175887887435027,-1.65,-0.2044572058922013,0.2044572058922013,south,south,1
35.179,4.904514692069437,0.42287058733973343,-0.2920644718182673,0.19999999999999998,0.627258103075359,-0.5501750324104421,-1.65,-0.20438751573562558,0.20438751573562558,south,south,1
35.245,4.904416379476512,0.3851100309739446,-0.3243548411217976,0.19999999999999998,0.589837386391983,-0.5816351328320718,-1.65,-0.20472735541803844,0.20472735541803844,south,south,1
35.311,4.904305286921758,0.34525223996377324,-0.35658593831720375,0.19999999999999998,0.5503799443177995,-0.6119282624858332,-1.65,-0.20512770435402622,0.20512770435402622,south,south,1
35.377,4.904179268928328,0.3025723259309455,-0.3900309103715321,0.19999999999999998,0.5090949945908952,-0.6400376745538924,-1.65,-0.20652266865994973,0.20652266865994973,south,south,1
35.443,4.902428269456994,0.2590870498686955,-0.4210267070404047,0.19999999999999998,0.4659079621535388,-0.665984830530687,-1.65,-0.20682091228484328,0.20682091228484328,south,south,1
35.509,4.90088769832207,0.21380289214192658,-0.451591295397557,0.19999999999999998,0.4210911029618676,-0.6891244524124182,-1.65,-0.207288210819941,0.207288210819941,south,south,1
35.575,4.899593293622086,0.16670308608271583,-0.4818036818210607,0.19999999999999998,0.3748628648816354,-0.7095922680565172,-1.65,-0.20815977879891956,0.20815977879891956,south,south,1
35.641,4.898484778038842,0.11812792098939506,-0.5111100197372989,0.19999999999999998,0.3272638614316681,-0.7273895313033232,-1.65,-0.20913594044227302,0.20913594044227302,south,south,1
35.707,4.897533240593063,0.06683963485517858,-0.5417770288938458,0.19999999999999998,0.2786955536966659,-0.7427847733737306,-1.65,-0.2118559188414873,0.2118559188414873,south,south,1
35.773,4.8967998362795715,0.015691829379764554,-0.5686628504971507,0.19999999999999998,0.2292768656077238,-0.7544213695860228,-1.65,-0.21358503622795927,0.21358503622795927,south,south,1
35.839,4.8962984979875195,-0.037135269789413616,-0.5953824179592159,0.19999999999999998,0.17903234971484727,-0.7633182611732321,-1.65,-0.2161676195042609,0.2161676195042609,south,south,1
35.905,4.895836261049227,-0.09082580257737566,-0.620529667404482,0.19999999999999998,0.12842620550037231,-0.7678802157852207,-1.65,-0.21925200807774797,0.21925200807774797,south,south,1
35.971000000000004,4.89685136171241,-0.14510977526128238,-0.6438142265428514,0.19999999999999998,0.0775638220514807,-0.7709153551546113,-1.65,-0.2226735973127631,0.2226735973127631,south,south,1
36.037,4.897752707806725,-0.20038983595587997,-0.6661542450700495,0.19999999999999998,0.026611842032759382,-0.7718378236545909,-1.65,-0.22700167798863935,0.22700167798863935,south,south,1
36.103,4.898576090170179,-0.25569164465984334,-0.6859565425455624,0.19999999999999998,-0.02445953575579477,-0.7709415099960932,-1.65,-0.23123210890404858,0.23123210890404858,south,south,1
36.169,4.8994017796323055,-0.3113296338521705,-0.7040629923718263,0.19999999999999998,-0.07524561090420666,-0.7666906279195325,-1.65,-0.23608402294796382,0.23608402294796382,south,south,1
36.235,4.900101600030381,-0.3667657753831162,-0.7197292332992953,0.19999999999999998,-0.1256444605872686,-0.7592723032823125,-1.65,-0.2411213147958476,0.2411213147958476,south,south,1
36.301,4.899582450332018,-0.4214519108372017,-0.7322790292479844,0.19999999999999998,-0.1755263588236311,-0.7496273299218332,-1.65,-0.24592555201357058,0.24592555201357058,south,south,1
36.367,4.89914730274451,-0.47614901360378525,-0.7434010439062768,0.19999999999999998,-0.224661096105502,-0.7383937941764194,-1.65,-0.25148791749828325,0.25148791749828325,south,south,1
36.433,4.8986908205841555,-0.5301921372616553,-0.7520982945555286,0.19999999999999998,-0.2730774933030856,-0.725718320521986,-1.65,-0.25711464395856964,0.25711464395856964,south,south,1
36.499,4.898356870732672,-0.5836956109781547,-0.7588500690843715,0.19999999999999998,-0.32056101007275006,-0.7117412005436283,-1.65,-0.26313460090540464,0.26313460090540464,south,south,1
36.565,4.899037065440984,-0.6354277395748742,-0.7617290150683603,0.19999999999999998,-0.3670129829283075,-0.6958314952880368,-1.65,-0.2684147566465667,0.2684147566465667,south,south,1
36.631,4.899635826407624,-0.685659531986684,-0.7616550814200879,0.19999999999999998,-0.4124102470863042,-0.6778924331424204,-1.65,-0.27324928490037975,0.27324928490037975,south,south,1
36.697,4.899309385837309,-0.7349098989608964,-0.7598752123035777,0.19999999999999998,-0.4565821353394167,-0.6585385896055801,-1.65,-0.2783277636214797,0.2783277636214797,south,south,1
36.763,4.89905393949423,-0.7829241378468399,-0.7561411530673696,0.19999999999999998,-0.49933466945322813,-0.6370272505932856,-1.65,-0.28358946839361177,0.28358946839361177,south,south,1
36.829,4.899622235831805,-0.829334381915751,-0.7500355846000083,0.19999999999999998,-0.5407612627123374,-0.615109839016717,-1.65,-0.28857311920341366,0.28857311920341366,south,south,1
36.895,4.900057372234152,-0.8738826360016297,-0.7413812384636805,0.19999999999999998,-0.5805729527491157,-0.5918735773112493,-1.65,-0.29330968325251405,0.29330968325251405,south,south,1
36.961,4.899836195945426,-0.9168431561069852,-0.7309510782449353,0.19999999999999998,-0.6189265084886914,-0.5678329656120362,-1.65,-0.29791664761829384,0.29791664761829384,south,south,1
37.027,4.900252379867616,-0.9578637026822393,-0.7183345180449892,0.19999999999999998,-0.6555758133468134,-0.5427507665202441,-1.65,-0.30228788933542594,0.30228788933542594,south,south,1
37.093,4.9006127112079145,-0.9971042310803394,-0.7040630680922367,0.19999999999999998,-0.690549830467567,-0.5160606916242849,-1.65,-0.3065544006127724,0.3065544006127724,south,south,1
37.159,4.900202305837825,-1.0344506397434075,-0.6881282055133613,0.19999999999999998,-0.7237184342936335,-0.48836798011120897,-1.65,-0.310732205449774,0.310732205449774,south,south,1
37.225,4.900521678380296,-1.069575925131569,-0.6701504699623844,0.19999999999999998,-0.7550322420037027,-0.4591501025292566,-1.65,-0.3145436831278664,0.3145436831278664,south,south,1
37.291,4.9002382767724315,-1.1025451429103532,-0.6504790425895968,0.19999999999999998,-0.7843679624519035,-0.42914466694749076,-1.65,-0.31817718045844967,0.31817718045844967,south,south,1
37.357,4.900545519514599,-1.133808609386297,-0.6300958601904827,0.19999999999999998,-0.8117581050962838,-0.39801309340023683,-1.65,-0.32205050429001314,0.32205050429001314,south,south,1
37.423,4.9007839507507365,-1.162283593322127,-0.6071915536066306,0.19999999999999998,-0.8369531930504737,-0.3657752470833614,-1.65,-0.3253304002716533,0.3253304002716533,south,south,1
37.489,4.900412443361621,-1.1886851859360354,-0.5833059965513406,0.19999999999999998,-0.8600155364590198,-0.33209096710253183,-1.65,-0.3286696494770156,0.3286696494770156,south,south,1
37.555,4.900511238620223,-1.2124802492196955,-0.5576209802674927,0.19999999999999998,-0.880841218188017,-0.29768629908420663,-1.65,-0.3316390310316786,0.3316390310316786,south,south,1
37.621,4.900251560877773,-1.2336413596757432,-0.5302960687281617,0.19999999999999998,-0.899336900834824,-0.26227735700839083,-1.65,-0.3343044588409192,0.3343044588409192,south,south,1
37.687,4.9004403421199125,-1.2526060389492044,-0.502284645111141,0.19999999999999998,-0.9155017308074069,-0.22608473429071685,-1.65,-0.3371043081417975,0.3371043081417975,south,south,1
37.753,4.90016410624682,-1.2691479443675622,-0.473270461681055,0.19999999999999998,-0.929207328919314,-0.18903403484123893,-1.65,-0.33994061544824816,0.33994061544824816,south,south,1
37.819,4.900405446215509,-1.2828517538134299,-0.44264360311445267,0.19999999999999998,-0.9404547127735055,-0.1369249892766372,-1.65,-0.3423970410399244,0.3423970410399244,south,south,1
37.885,4.900218340197,-1.2937653130894133,-0.4106735864665283,0.19999999999999998,-0.9492005648349974,-0.0665361995462771,-1.65,-0.34456474825441596,0.34456474825441596,south,south,1
37.951,4.899905332800281,-1.300790020761757,-0.37559611700070494,0.19999999999999998,-0.9492920057271677,-0.0008075980244010017,-1.65,-0.35149801503458944,0.35149801503458944,south,south,1
38.017,4.8996986120071355,-1.304445335486766,-0.3386769176839382,0.19999999999999998,-0.9469629182374751,0.046329902411951784,-1.65,-0.35748241724929086,0.35748241724929086,south,south,1
38.083,4.899559559253457,-1.30435720152179,-0.2994748915591029,0.19999999999999998,-0.9431292856249167,0.06890948752489912,-1.65,-0.3612279158968732,0.3612279158968732,south,south,1
38.149,4.899806380514862,-1.3012723412050182,-0.2595576942751019,0.19999999999999998,-0.9378349916368113,0.09096562273430864,-1.65,-0.36343734956820695,0.36343734956820695,south,south,1
38.215,4.899543622014015,-1.2951744155764968,-0.21897923948724143,0.19999999999999998,-0.9311378380747929,0.11297094585254519,-1.65,-0.36403657750170393,0.36403657750170393,south,south,1
38.281,4.899440043417649,-1.2865203246063117,-0.1786139295873553,0.19999999999999998,-0.9229605768104945,0.1352213097136601,-1.65,-0.36355974779581723,0.36355974779581723,south,south,1
38.347,4.899717388135042,-1.275596135506243,-0.1389369228740916,0.19999999999999998,-0.9132969374064741,0.1583204291255863,-1.65,-0.36229919809976896,0.36229919809976896,south,south,1
38.413,4.899497107999872,-1.2628407286674732,-0.10063554436592893,0.19999999999999998,-0.9021059936043052,0.1830245358467436,-1.65,-0.360734735063168,0.360734735063168,south,south,1
38.479,4.899829298827499,-1.247954009745192,-0.0630269526133405,0.19999999999999998,-0.8891705955608276,0.20921713743578818,-1.65,-0.35878341418436444,0.35878341418436444,south,south,1
38.545,4.900114885951935,-1.231117350208882,-0.026348111363289226,0.19999999999999998,-0.874467516457161,0.2373482846470909,-1.65,-0.3566498337517209,0.3566498337517209,south,south,1
38.611,4.899823200557852,-1.2122742792995762,0.009606825023892304,0.19999999999999998,-0.857945165213328,0.2663598979305648,-1.65,-0.35432911408624823,0.35432911408624823,south,south,1
38.677,4.900129457335715,-1.1915329194381015,0.044732439923537655,0.19999999999999998,-0.8393777527641726,0.2968128453424862,-1.65,-0.3521551666739289,0.3521551666739289,south,south,1
38.743,4.899887209470023,-1.1689433142343595,0.0790369291425638,0.19999999999999998,-0.8187742694033306,0.3282856018585678,-1.65,-0.35016904483102884,0.35016904483102884,south,south,1
38.809,4.900216651433914,-1.1445774465894214,0.11248921762679638,0.19999999999999998,-0.7960902234356039,0.3615708891087016,-1.65,-0.3484872231538175,0.3484872231538175,south,south,1
38.875,4.899911650274084,-1.1182473607478853,0.14551590200565712,0.19999999999999998,-0.7710694500486143,0.39608219286229485,-1.65,-0.34717791069927106,0.34717791069927106,south,south,1
38.941,4.900178760853097,-1.090414887107162,0.1773592775863862,0.19999999999999998,-0.7437798616731514,0.4308928332538542,-1.65,-0.3466350254340106,0.3466350254340106,south,south,1
39.007,4.899902166409764,-1.0602191401801428,0.2096596625768788,0.19999999999999998,-0.7142392205677563,0.46491925898923536,-1.65,-0.3459799196123865,0.3459799196123865,south,south,1
39.073,4.900230518761843,-1.0278405968975002,0.24204908910905867,0.19999999999999998,-0.6824233652752578,0.4982429305950259,-1.65,-0.34541723162224236,0.34541723162224236,south,south,1
39.139,4.90057209619616,-0.9932180160702586,0.2746242737655733,0.19999999999999998,-0.6483994151415607,0.5316131106782079,-1.65,-0.34481860092869787,0.34481860092869787,south,south,1
39.205,4.900254162743969,-0.9569099253739496,0.306388103061811,0.19999999999999998,-0.6121656385943925,0.5639952248605684,-1.65,-0.34474428677955704,0.34474428677955704,south,south,1
39.271,4.900644140387189,-0.9189768923314257,0.33732831707841815,0.19999999999999998,-0.5738661538063032,0.5952016334902771,-1.65,-0.3451107385251224,0.3451107385251224,south,south,1
39.337,4.900993711346779,-0.8781421016155443,0.3697703538972953,0.19999999999999998,-0.5336585703993669,0.6239312010000136,-1.65,-0.34448353121617736,0.34448353121617736,south,south,1
39.403,4.900498247225178,-0.8361179080513332,0.4005497335515474,0.19999999999999998,-0.4915076956609314,0.6498230020414966,-1.65,-0.34461021239040185,0.34461021239040185,south,south,1
39.469,4.899996530993849,-0.7916821138514409,0.43199322041844257,0.19999999999999998,-0.4477431434655458,0.6737687774217734,-1.65,-0.34393897038589516,0.34393897038589516,south,south,1
39.535,4.900446102723788,-0.7449656919947779,0.4637954479374171,0.19999999999999998,-0.40248525534255986,0.6955213167226328,-1.65,-0.34248043665221806,0.34248043665221806,south,south,1
39.601,4.900852404989714,-0.6974490796166575,0.49332886765348216,0.19999999999999998,-0.3557806840931251,0.7142214580308126,-1.65,-0.3416683955235324,0.3416683955235324,south,south,1
39.667,4.900319847726729,-0.6481403395562799,0.5225878865587659,0.19999999999999998,-0.30814352108791576,0.7306278206294566,-1.65,-0.33999681846836416,0.33999681846836416,south,south,1
39.733,4.899766468474304,-0.5971255684772601,0.5514537390150738,0.19999999999999998,-0.2593858727060149,0.7438805672722649,-1.65,-0.3377396957712452,0.3377396957712452,south,south,1
39.799,4.899199296878875,-0.5447408177294534,0.5793847047950307,0.19999999999999998,-0.20985677509446504,0.7559395402047911,-1.65,-0.33488404263498833,0.33488404263498833,south,south,1
39.865,4.8987062554796035,-0.49195761928979165,0.6047913957585093,0.19999999999999998,-0.15955585453371024,0.76397544067843,-1.65,-0.3324017647560814,0.3324017647560814,south,south,1
39.931,4.899455946179431,-0.4384781310563098,0.6284851531535609,0.19999999999999998,-0.10888432765637353,0.7691834007691201,-1.65,-0.32959380339993627,0.32959380339993627,south,south,1
39.997,4.900146908646513,-0.38362391798416673,0.651848634665214,0.19999999999999998,-0.05791705440246229,0.7715624817109519,-1.65,-0.3257068635817044,0.3257068635817044,south,south,1
40.063,4.900789395390536,-0.32814892508869337,0.6736028473526822,0.19999999999999998,-0.006886971229838325,0.7714431248866607,-1.65,-0.32126195385885503,0.32126195385885503,south,south,1
40.129,4.901330796969247,-0.2727963806294984,0.692634982116945,0.19999999999999998,0.043972266063598775,0.7691811856653775,-1.65,-0.3167686466930972,0.3167686466930972,south,south,1
40.195,4.9018045544369615,-0.21755892241234642,0.7092717444898995,0.19999999999999998,0.09458376106505284,0.7641286156154465,-1.65,-0.31214268347739926,0.31214268347739926,south,south,1
40.261,4.900886289622293,-0.16263301774806724,0.7234461008463857,0.19999999999999998,0.14493544640231973,0.7568000875639127,-1.65,-0.30756846415038697,0.30756846415038697,south,south,1
40.327,4.900011098438654,-0.10843471737599586,0.7347151542683504,0.19999999999999998,0.19460451440667217,0.7467089816254177,-1.65,-0.303039231782668,0.303039231782668,south,south,1
40.393,4.899238887622161,-0.05341337128395118,0.7461227168521288,0.19999999999999998,0.24358636762852603,0.7354394728226646,-1.65,-0.2969997389124772,0.2969997389124772,south,south,1
40.459,4.898531052496502,-0.00011677326792672131,0.7532020582970012,0.19999999999999998,0.2917660726443811,0.7222839469077875,-1.65,-0.2918828459123078,0.2918828459123078,south,south,1
40.525,4.897879116182333,0.05260652881132095,0.7584636854887309,0.19999999999999998,0.3389795847861359,0.7071028988411079,-1.65,-0.28637305597481494,0.28637305597481494,south,south,1
40.591,4.897326481992033,0.10366654064687096,0.7602130539342102,0.19999999999999998,0.3850760648206255,0.6896819548047314,-1.65,-0.28140952417375453,0.28140952417375453,south,south,1
40.657,4.896815104216377,0.15421986623392447,0.7608755932078712,0.19999999999999998,0.43002119706910424,0.6710391416519396,-1.65,-0.27580133083517977,0.27580133083517977,south,south,1
40.723,4.896380804034232,0.20317786643410743,0.7586748581087841,0.19999999999999998,0.47368039195695283,0.6510545674463475,-1.65,-0.27050252552284537,0.27050252552284537,south,south,1
40.789,4.897720165196997,0.2508449815134024,0.7544728015320723,0.19999999999999998,0.5160420206959824,0.6299871648487101,-1.65,-0.26519703918258,0.26519703918258,south,south,1
40.855,4.89889649791784,0.29597278937943966,0.7463192894188542,0.19999999999999998,0.556952433735063,0.6069271314425012,-1.65,-0.2609796443556233,0.2609796443556233,south,south,1
40.921,4.899984420811401,0.33933857440114223,0.7360277525383848,0.19999999999999998,0.5961857650059278,0.5830225541401701,-1.65,-0.25684719060478556,0.25684719060478556,south,south,1
40.987,4.901076042762183,0.38172056712786046,0.7252041933948509,0.19999999999999998,0.6338366853505344,0.5581373917123328,-1.65,-0.25211611822267394,0.25211611822267394,south,south,1
41.053,4.901980779387989,0.4227122630069313,0.713199826021763,0.19999999999999998,0.669887080274047,0.5321082742626498,-1.65,-0.24717481726711565,0.24717481726711565,south,south,1
41.119,4.902781141654277,0.4612200320664975,0.6982403220936405,0.19999999999999998,0.7041558498991617,0.5048476860992468,-1.65,-0.2429358178326642,0.2429358178326642,south,south,1
41.185,4.903451215109423,0.4982837190015966,0.6824829095457282,0.19999999999999998,0.736554755541806,0.47591226413106313,-1.65,-0.23827103654020942,0.23827103654020942,south,south,1
41.251,4.904031102217898,0.5323508937350058,0.6633076318270315,0.19999999999999998,0.7670720563860811,0.446529928420602,-1.65,-0.23472116265107534,0.23472116265107534,south,south,1
41.317,4.904489291651267,0.5640048671921865,0.6421275452045848,0.19999999999999998,0.7955394937870447,0.4151782264231152,-1.65,-0.23153462659485824,0.23153462659485824,south,south,1
41.383,4.904928572930318,0.5952014661682211,0.6225904449613103,0.19999999999999998,0.8218433259844119,0.3834137438734714,-1.65,-0.22664185981619078,0.22664185981619078,south,south,1
41.449,4.905269288802805,0.6228068645747693,0.5990323963622731,0.19999999999999998,0.8460928932946805,0.3501696911346447,-1.65,-0.2232860287199112,0.2232860287199112,south,south,1
41.515,4.90550632237673,0.6477050975685187,0.5734613261945737,0.19999999999999998,0.8681903836644946,0.31686315795140696,-1.65,-0.22048528609597595,0.22048528609597595,south,south,1
41.581,4.905737054023761,0.6707492908122077,0.5475996594595515,0.19999999999999998,0.887952589028841,0.2821750734458711,-1.65,-0.2172032982166333,0.2172032982166333,south,south,1
41.647,4.905913686210771,0.6906038181448332,0.5191476850445498,0.19999999999999998,0.9054483188139574,0.24724791197649754,-1.65,-0.2148445006691242,0.2148445006691242,south,south,1
41.713,4.906018353974291,0.708236357339849,0.490094498651248,0.19999999999999998,0.9206242631277655,0.21129430751354927,-1.65,-0.21238790578791644,0.21238790578791644,south,south,1
41.779,4.906074499666603,0.7236522818067819,0.4605188044140237,0.19999999999999998,0.9333608883233218,0.1745549628977039,-1.65,-0.20970860651653989,0.20970860651653989,south,south,1
41.845,4.906128753575763,0.736389677398705,0.42967392394238896,0.19999999999999998,0.9436474667773562,0.11208656624783153,-1.65,-0.20725778937865125,0.20725778937865125,south,south,1
41.911,4.9061770771027335,0.7464759292237071,0.39775402847908337,0.19999999999999998,0.9499384127333331,0.04395832633666441,-1.65,-0.20346248350962604,0.20346248350962604,south,south,1
41.977,4.906163393592506,0.752733246016307,0.36282557015360317,0.19999999999999998,0.9487097235984664,-0.01952142525124878,-1.65,-0.19597647758215941,0.19597647758215941,south,south,1
42.043,4.906130699638283,0.7549180501048252,0.3248099162404724,0.19999999999999998,0.9458947873798322,-0.053948575074103666,-1.65,-0.19097673727500708,0.19097673727500708,south,south,1
42.109,4.9061038788593425,0.7530365579830819,0.284073867412899,0.19999999999999998,0.9415529451774509,-0.0766210246960719,-1.65,-0.18851638719436903,0.18851638719436903,south,south,1
42.175,4.906039809127206,0.7487626107551798,0.24385512010316346,0.19999999999999998,0.9357712558649357,-0.09893631238873546,-1.65,-0.1870086451097559,0.1870086451097559,south,south,1
42.241,4.905958425150052,0.7418078620363079,0.20359031702276145,0.19999999999999998,0.9285150129733792,-0.12130349755680003,-1.65,-0.18670715093707135,0.18670715093707135,south,south,1
42.307,4.905856617308135,0.7332625951685335,0.1651893926478375,0.19999999999999998,0.9197755726536964,-0.14435689840131938,-1.65,-0.18651297748516282,0.18651297748516282,south,south,1
42.373,4.90570045634051,0.7212995723916895,0.12524543355458811,0.19999999999999998,0.9094835088917345,-0.16824763896396144,-1.65,-0.18818393650004495,0.18818393650004495,south,south,1
42.439,4.905623583609849,0.7080275489277593,0.08762014620603853,0.19999999999999998,0.8975792065740588,-0.19345875059316953,-1.65,-0.18955165764629944,0.18955165764629944,south,south,1
42.505,4.90548896450612,0.6924294264509224,0.050269420266906416,0.19999999999999998,0.8839734283748097,-0.2201424220246362,-1.65,-0.19154400192388732,0.19154400192388732,south,south,1
42.571,4.905350775276459,0.6745611984302552,0.01325941535479963,0.19999999999999998,0.8685718890634889,-0.24822420685648827,-1.65,-0.19401069063323373,0.19401069063323373,south,south,1
42.637,4.90526758615166,0.6562265414197543,-0.020298295697973125,0.19999999999999998,0.8513235315992401,-0.27808594763451266,-1.65,-0.19509699017948579,0.19509699017948579,south,south,1
42.703,4.905148102008797,0.635053949826823,-0.054944549791156094,0.19999999999999998,0.8319458419163338,-0.3091906583109716,-1.65,-0.19689189208951086,0.19689189208951086,south,south,1
42.769,4.905047915718844,0.6115210095439174,-0.08971954385877617,0.19999999999999998,0.8104869890098119,-0.34209122376502754,-1.65,-0.19896597946589445,0.19896597946589445,south,south,1
42.835,4.904957305602974,0.5863788956500869,-0.1232962011311173,0.19999999999999998,0.7867980513304977,-0.37555987765999055,-1.65,-0.2004191556804108,0.2004191556804108,south,south,1
42.901,4.904911114390502,0.5589392996055614,-0.15701509647370865,0.19999999999999998,0.7608627772528223,-0.4104415497624947,-1.65,-0.20192347764726082,0.20192347764726082,south,south,1
42.967,4.9048300161225,0.5296792791531272,-0.1900264545442356,0.19999999999999998,0.7326692677862113,-0.4447725208410219,-1.65,-0.20298998863308415,0.20298998863308415,south,south,1
43.033,4.904704436277886,0.4977168824229353,-0.22395254006596402,0.19999999999999998,0.7021966984873933,-0.47896085236605324,-1.65,-0.20447981606445798,0.20447981606445798,south,south,1
43.099,4.904600055676443,0.46489805117645644,-0.25546319870984113,0.19999999999999998,0.6694689610509126,-0.5121315135273546,-1.65,-0.20457090987445614,0.20457090987445614,south,south,1
43.165,4.9045370250395806,0.42950397380089256,-0.2878395246708641,0.19999999999999998,0.6345411994389645,-0.5450097182447755,-1.65,-0.20503722563807192,0.20503722563807192,south,south,1
43.231,4.904445893286475,0.39255358406335533,-0.3192017267382396,0.19999999999999998,0.597459126621274,-0.576772455258785,-1.65,-0.20490554255791865,0.20490554255791865,south,south,1
43.297,4.90430977126941,0.3536668529496252,-0.3503306048866048,0.19999999999999998,0.5582974047911633,-0.6069724424469414,-1.65,-0.2046305518415381,0.2046305518415381,south,south,1
43.363,4.904237585567773,0.31276344143754997,-0.38139340527153087,0.19999999999999998,0.5172911737668874,-0.635149092207505,-1.65,-0.2045277323293374,0.2045277323293374,south,south,1
43.429,4.9025020151398495,0.2689852043833481,-0.4138968468024306,0.19999999999999998,0.4744908613408012,-0.6604107767841022,-1.65,-0.2055056569574531,0.2055056569574531,south,south,1
43.495,4.900935114867245,0.22333051697487527,-0.4459307600780361,0.19999999999999998,0.4300165706636979,-0.6833007392269375,-1.65,-0.20668605368882265,0.20668605368882265,south,south,1
43.561,4.899652683121211,0.17653048295212648,-0.47627210898800737,0.19999999999999998,0.3842138210373114,-0.703472321972525,-1.65,-0.2076833380851849,0.2076833380851849,south,south,1
43.627,4.8985230760421015,0.1285559650640686,-0.5051669393751214,0.19999999999999998,0.33705058485479344,-0.7219184281672131,-1.65,-0.20849461979072484,0.20849461979072484,south,south,1
43.693,4.897606272779302,0.07855666916561577,-0.5342674143550311,0.19999999999999998,0.2887751554342827,-0.7378531923779976,-1.65,-0.21021848626866696,0.21021848626866696,south,south,1
43.759,4.896848369304814,0.02765034847664447,-0.5615972121699428,0.19999999999999998,0.23956483888117497,-0.7503603070027683,-1.65,-0.2119144904045305,0.2119144904045305,south,south,1
43.825,4.896274901035185,-0.025290973023465765,-0.5893309547258966,0.19999999999999998,0.1897094231359752,-0.7596856258087084,-1.65,-0.21500039615944094,0.21500039615944094,south,south,1
43.891,4.895863752740152,-0.07895818887542344,-0.6151351806092121,0.19999999999999998,0.1392981878664972,-0.7658903196310987,-1.65,-0.21825637674192064,0.21825637674192064,south,south,1
