rollout,joint_safe,truth_body_gap_m,native_static_collision,first_prediction_hit_step,min_prediction_padded_gap_m,near_steps,new_v1_score,native_standard_score,new_total_weighted_score,new_probability
0,0,0.0,1,2,0.0,0,1666.6666,505.57028,2172.307,0.0
1,0,0.0,0,2,0.0,0,1666.6666,5.1835566,1671.8916,0.0003483452
2,0,0.0,0,2,0.0,0,1666.6666,5.5934763,1672.237,0.00011013027
3,0,0.0,0,2,0.0,0,1666.6666,4.6173844,1671.2609,0.0028516455
4,0,0.03894903554561868,0,2,0.0,0,1666.6666,4.7973123,1671.7361,0.0005849848
5,1,0.05530137196476137,0,2,0.0,0,1666.6666,5.491606,1672.2914,9.1890084e-05
6,0,0.0,0,2,0.0,0,1666.6666,4.4544964,1671.0388,0.0059777796
7,0,0.0,0,2,0.0,0,1666.6666,5.876761,1672.8591,1.3847386e-05
8,0,0.0,1,2,0.0,0,1666.6666,505.65338,2172.4116,0.0
9,0,0.03134464029421427,0,2,0.0,0,1666.6666,5.4206257,1672.0267,0.00022201707
10,0,0.0,0,2,0.0,0,1666.6666,4.263219,1670.8838,0.010022309
11,0,0.0,0,2,0.0,0,1666.6666,4.617313,1671.2614,0.002847008
12,0,0.0,0,2,0.0,0,1666.6666,4.63142,1671.1254,0.004479701
13,0,0.0,0,2,0.0,0,1666.6666,5.1216207,1671.5763,0.00099647
14,0,0.0,0,2,0.0,0,1666.6666,4.522172,1671.2397,0.0030596182
15,0,0.0,0,2,0.0,0,1666.6666,4.5564985,1671.3121,0.0024036726
16,0,0.01601909361198021,0,2,0.0,0,1666.6666,4.8723063,1671.7064,0.00064578245
17,0,0.015504088834078156,0,2,0.0,0,1666.6666,3.909849,1670.9282,0.008642582
18,0,0.0,1,2,0.0,0,1666.6666,506.19672,2172.8054,0.0
19,0,0.0,0,2,0.0,0,1666.6666,5.6550016,1672.2797,9.555057e-05
20,0,0.0,0,2,0.0,0,1666.6666,4.812346,1671.4653,0.001442441
21,0,0.0,0,2,0.0,0,1666.6666,4.6985927,1671.6322,0.0008270444
22,0,0.0,0,2,0.0,0,1666.6666,4.445831,1671.1068,0.004765513
23,0,0.0,0,2,0.0,0,1666.6666,4.635366,1671.396,0.0018174904
24,0,0.0,0,2,0.0,0,1666.6666,4.478266,1671.4314,0.0016151947
25,0,0.0,1,2,0.0,0,1666.6666,505.74005,2172.468,0.0
26,0,0.0,1,2,0.0,0,1666.6666,505.74808,2172.4753,0.0
27,0,0.0,1,2,0.0,0,1666.6666,506.15207,2172.7458,0.0
28,0,0.0,0,2,0.0,0,1666.6666,4.8768663,1671.5585,0.0010574618
29,0,0.0,0,2,0.0,0,1666.6666,5.2483454,1671.9677,0.00027034385
30,0,0.0,0,2,0.0,0,1666.6666,4.1298785,1671.0221,0.006320477
31,0,0.0,0,2,0.0,0,1666.6666,5.5040135,1671.9244,0.0003122292
32,0,0.007738935206898168,0,2,0.0,0,1666.6666,4.3722925,1671.0818,0.005180077
33,0,0.005221206466870668,0,2,0.0,0,1666.6666,4.9603734,1671.3779,0.0019303053
34,0,0.0,0,2,0.0,0,1666.6666,3.847499,1670.9767,0.007353392
35,0,0.0,0,2,0.0,0,1666.6666,5.319315,1671.8885,0.00035190675
36,0,0.0,0,2,0.0,0,1666.6666,4.3684015,1671.003,0.0067346855
37,0,0.0,0,2,0.0,0,1666.6666,4.2801743,1671.1257,0.0044742357
38,0,0.0,0,2,0.0,0,1666.6666,4.5109186,1671.2644,0.0028181933
39,0,0.0,0,2,0.0,0,1666.6666,5.950469,1672.6233,3.0393518e-05
40,0,0.0,0,2,0.0,0,1666.6666,4.9267964,1671.7194,0.000618521
41,0,0.0,0,2,0.0,0,1666.6666,4.08263,1670.8141,0.012643635
42,0,0.0,0,2,0.0,0,1666.6666,4.3558865,1671.1621,0.0039633084
43,0,0.009920450074948703,0,2,0.0,0,1666.6666,4.650268,1671.4695,0.001422623
44,0,0.0,0,2,0.0,0,1666.6666,4.896728,1671.5862,0.0009641627
45,0,0.0,0,2,0.0,0,1666.6666,4.6407833,1671.1902,0.0036092205
46,0,0.0,0,2,0.0,0,1666.6666,4.8530903,1671.2933,0.0025591122
47,0,0.0,0,2,0.0,0,1666.6666,4.329584,1671.072,0.0053514736
48,0,0.0037455893336401274,0,2,0.0,0,1666.6666,5.6318665,1671.9567,0.00028042766
49,0,0.0,0,2,0.0,0,1666.6666,4.292369,1671.355,0.0020837632
50,0,0.0,0,2,0.0,0,1666.6666,4.754759,1671.5876,0.0009594664
51,0,0.0,0,2,0.0,0,1666.6666,4.4659615,1671.0924,0.0049999086
52,0,0.0,0,2,0.0,0,1666.6666,4.37305,1671.146,0.0041820016
53,0,0.0,0,2,0.0,0,1666.6666,4.115494,1671.1213,0.004540259
54,0,0.0,0,2,0.0,0,1666.6666,5.8755946,1672.6938,2.4023691e-05
55,0,0.0,0,2,0.0,0,1666.6666,5.359044,1672.0663,0.00019459458
56,0,0.0,0,2,0.0,0,1666.6666,4.2336917,1671.1067,0.0047674533
57,0,0.0,0,2,0.0,0,1666.6666,4.1744723,1670.9802,0.0072671305
58,0,0.0,0,2,0.0,0,1666.6666,4.5799947,1671.3212,0.0023323752
59,0,0.0,0,2,0.0,0,1666.6666,4.5173526,1671.0364,0.006026625
60,0,0.0,0,2,0.0,0,1666.6666,4.764348,1671.2659,0.002804466
61,0,0.025716277834495465,0,2,0.0,0,1666.6666,4.793175,1671.273,0.002739055
62,0,0.0,0,2,0.0,0,1666.6666,4.206579,1670.6974,0.018655691
63,0,0.0,0,2,0.0,0,1666.6666,4.4069653,1671.015,0.006471415
64,0,0.0,0,2,0.0,0,1666.6666,4.654884,1671.3121,0.0024036726
65,0,0.0,0,2,0.0,0,1666.6666,4.2616334,1671.1057,0.004782997
66,0,0.0,0,2,0.0,0,1666.6666,4.205043,1670.9031,0.009398245
67,0,0.0,0,2,0.0,0,1666.6666,5.089862,1671.4608,0.0014643219
68,0,0.0,0,2,0.0,0,1666.6666,4.6511216,1671.0642,0.0054926663
69,0,0.0,0,2,0.0,0,1666.6666,4.2894034,1670.8695,0.010510985
70,0,0.0,0,2,0.0,0,1666.6666,4.4992433,1670.9298,0.0085969865
71,0,0.0,0,2,0.0,0,1666.6666,4.1018786,1671.0767,0.005269365
72,0,0.0,0,2,0.0,0,1666.6666,4.2911,1670.966,0.0076214685
73,0,0.0,0,2,0.0,0,1666.6666,4.5112185,1671.3776,0.001932663
74,0,0.0,1,2,0.0,0,1666.6666,506.01334,2172.3044,0.0
75,0,0.0,0,2,0.0,0,1666.6666,4.370512,1671.1973,0.0035250392
76,0,0.01027570873503211,0,2,0.0,0,1666.6666,5.250703,1671.4269,0.0016396957
77,0,0.0,0,2,0.0,0,1666.6666,4.1031137,1670.9716,0.007480141
78,0,0.0,0,2,0.0,0,1666.6666,4.4838924,1671.1361,0.0043221326
79,0,0.028429723212644593,0,2,0.0,0,1666.6666,5.1470437,1671.8148,0.00044994915
80,0,0.0,0,2,0.0,0,1666.6666,4.6465178,1671.1967,0.0035322183
81,0,0.0,0,2,0.0,0,1666.6666,5.4704175,1672.6318,2.9540019e-05
82,0,0.0,0,2,0.0,0,1666.6666,4.4036384,1671.0472,0.0058122803
83,0,0.03141021462462401,0,2,0.0,0,1666.6666,5.7871556,1672.721,2.1948708e-05
84,0,0.0,0,2,0.0,0,1666.6666,4.068842,1670.9805,0.00726122
85,0,0.0,0,2,0.0,0,1666.6666,4.3064485,1671.1051,0.0047927382
86,0,0.014968594565301824,0,2,0.0,0,1666.6666,5.7661443,1672.2207,0.00011630183
87,0,0.0,0,2,0.0,0,1666.6666,4.340046,1671.3455,0.0021509589
88,0,0.0,0,2,0.0,0,1666.6666,5.3854723,1671.7017,0.0006561122
89,0,0.0,0,2,0.0,0,1666.6666,4.513929,1671.5681,0.00102401
90,0,0.041334888557228625,0,2,0.0,0,1666.6666,5.853786,1672.4695,5.075064e-05
91,0,0.0010434655548517801,0,2,0.0,0,1666.6666,4.3950276,1670.8589,0.0108897425
92,0,0.0,0,2,0.0,0,1666.6666,4.819273,1671.5787,0.0009883938
93,0,0.0,0,2,0.0,0,1666.6666,4.47627,1670.8519,0.011145262
94,0,0.0,0,2,0.0,0,1666.6666,4.76806,1671.372,0.001969178
95,0,0.0,0,2,0.0,0,1666.6666,4.0961523,1671.133,0.0043663243
96,0,0.0,0,2,0.0,0,1666.6666,4.6688375,1671.0391,0.0059729163
97,0,0.0,0,2,0.0,0,1666.6666,4.371861,1671.286,0.0026223594
98,0,0.0,0,2,0.0,0,1666.6666,4.440835,1671.4603,0.0014667073
99,0,0.0,0,2,0.0,0,1666.6666,6.0535316,1672.6901,2.4328636e-05
100,0,0.003624175796173801,0,2,0.0,0,1666.6666,4.747546,1671.2285,0.0031763252
101,0,0.0,0,2,0.0,0,1666.6666,4.67798,1671.455,0.001493203
102,0,0.01552960320181634,0,2,0.0,0,1666.6666,4.454941,1671.2346,0.0031123555
103,0,0.0,0,2,0.0,0,1666.6666,4.511269,1671.4336,0.001603408
104,0,0.0,0,2,0.0,0,1666.6666,4.3035173,1670.9562,0.007873645
105,0,0.0,0,2,0.0,0,1666.6666,4.446434,1671.1348,0.0043415218
106,0,0.023066267489770698,0,2,0.0,0,1666.6666,5.1506996,1671.799,0.00047439098
107,0,0.0,0,2,0.0,0,1666.6666,4.815902,1671.2667,0.0027964897
108,0,0.0,0,2,0.0,0,1666.6666,7.7054796,1674.2472,1.3550117e-07
109,0,0.0,0,2,0.0,0,1666.6666,4.338273,1671.3746,0.001951629
110,0,0.0,1,2,0.0,0,1666.6666,506.1227,2172.7593,0.0
111,0,0.0,0,2,0.0,0,1666.6666,4.9906116,1671.5903,0.0009509159
112,0,0.0,0,2,0.0,0,1666.6666,4.768859,1671.32,0.0023418847
113,0,0.0,0,2,0.0,0,1666.6666,4.2145762,1671.115,0.004637349
114,0,0.0,0,2,0.0,0,1666.6666,4.591572,1671.2014,0.0034766076
115,0,0.0,0,2,0.0,0,1666.6666,4.415192,1671.2301,0.003159568
116,0,0.0,0,2,0.0,0,1666.6666,5.3953624,1672.2119,0.00011975952
117,0,0.0,0,2,0.0,0,1666.6666,4.551912,1671.2041,0.0034456241
118,0,0.0,0,2,0.0,0,1666.6666,5.993869,1672.4686,5.0895414e-05
119,0,0.0,0,2,0.0,0,1666.6666,6.914327,1673.5062,1.601777e-06
120,0,0.0,0,2,0.0,0,1666.6666,4.650661,1671.4258,0.0016457115
121,0,0.0,0,2,0.0,0,1666.6666,4.578897,1671.5193,0.0012050087
122,0,0.0003345479622920913,0,2,0.0,0,1666.6666,4.902624,1671.6985,0.00066309026
123,0,0.027597773389504216,0,2,0.0,0,1666.6666,4.6924515,1671.3287,0.0022742702
124,0,0.0,0,2,0.0,0,1666.6666,4.230838,1670.9167,0.008979553
125,0,0.0,0,2,0.0,0,1666.6666,4.446677,1671.0762,0.005277948
126,0,0.0,0,2,0.0,0,1666.6666,4.3033104,1671.444,0.0015488995
127,0,0.0,0,2,0.0,0,1666.6666,6.3447113,1673.0138,8.269322e-06
128,0,0.0,0,2,0.0,0,1666.6666,4.5171824,1671.2386,0.0030708434
129,0,0.0,1,2,0.0,0,1666.6666,505.8903,2172.1184,0.0
130,0,0.0,0,2,0.0,0,1666.6666,4.844788,1671.4019,0.0017823371
131,0,0.0,0,2,0.0,0,1666.6666,4.4041038,1670.7917,0.0136210555
132,0,0.0,0,2,0.0,0,1666.6666,5.3183093,1672.1973,0.00012575225
133,0,0.009312631477693893,0,2,0.0,0,1666.6666,4.13216,1670.7872,0.013827676
134,0,0.0,0,2,0.0,0,1666.6666,4.581198,1670.9395,0.008325029
135,0,0.0,0,2,0.0,0,1666.6666,4.2858067,1670.9785,0.007308647
136,0,0.012519205574025305,0,2,0.0,0,1666.6666,4.4843426,1671.2738,0.0027312646
137,0,0.0,0,2,0.0,0,1666.6666,5.1241827,1671.6615,0.0007500968
138,0,0.0,0,2,0.0,0,1666.6666,4.7722096,1671.3917,0.0018435592
139,0,0.0,0,2,0.0,0,1666.6666,4.5305614,1671.3447,0.0021562167
140,0,0.013281038413045647,0,2,0.0,0,1666.6666,4.491437,1671.4827,0.001361459
141,0,0.0,0,2,0.0,0,1666.6666,4.4577184,1671.3613,0.0020401361
142,0,0.0,0,2,0.0,0,1666.6666,5.0170918,1671.9263,0.00031032934
143,0,0.0,0,2,0.0,0,1666.6666,4.971678,1671.1593,0.004000574
144,0,0.0,0,2,0.0,0,1666.6666,4.034382,1671.1489,0.0041413605
145,0,0.0,0,2,0.0,0,1666.6666,4.5621815,1671.2457,0.0029992186
146,0,0.0,0,2,0.0,0,1666.6666,4.3472695,1671.1915,0.003593102
147,0,0.00574989357631657,0,2,0.0,0,1666.6666,4.702756,1671.476,0.0013922714
148,0,0.03679958615213941,0,2,0.0,0,1666.6666,4.524776,1671.5046,0.0012653071
149,0,0.0,0,2,0.0,0,1666.6666,4.8794365,1671.2964,0.0025332118
150,0,0.0,0,2,0.0,0,1666.6666,5.212201,1672.071,0.00019153091
151,0,0.038542692469624586,0,2,0.0,0,1666.6666,4.8927073,1671.4285,0.0016310454
152,0,0.0,0,2,0.0,0,1666.6666,4.7137914,1671.391,0.0018480656
153,0,0.009477338032657014,0,2,0.0,0,1666.6666,5.1594925,1671.9155,0.00032164267
154,0,0.0,0,2,0.0,0,1666.6666,5.1504574,1671.5546,0.0010713208
155,0,0.008378939479605312,0,2,0.0,0,1666.6666,4.430934,1671.2095,0.0033844837
156,0,0.0,1,2,0.0,0,1666.6666,505.8965,2172.6074,0.0
157,0,0.0,0,2,0.0,0,1666.6666,6.7220917,1673.1265,5.6801787e-06
158,0,0.0,0,2,0.0,0,1666.6666,4.4433312,1670.9753,0.0073863785
159,0,0.0,0,2,0.0,0,1666.6666,5.5548806,1672.1472,0.00014858288
160,0,0.0,0,2,0.0,0,1666.6666,4.240327,1670.9131,0.009089839
161,0,0.0,0,2,0.0,0,1666.6666,4.2334766,1671.1594,0.0039989464
162,0,0.0,0,2,0.0,0,1666.6666,4.4373155,1670.7744,0.0144312605
163,0,0.0,0,2,0.0,0,1666.6666,4.909887,1671.393,0.0018360736
164,0,0.0,0,2,0.0,0,1666.6666,6.170703,1672.9635,9.778599e-06
165,0,0.0,0,2,0.0,0,1666.6666,5.244812,1672.1696,0.00013792084
166,0,0.0,0,2,0.0,0,1666.6666,4.8414483,1671.3232,0.0023162968
167,0,0.0,0,2,0.0,0,1666.6666,4.476102,1670.9312,0.008558593
168,0,0.0,0,2,0.0,0,1666.6666,4.5713935,1671.3134,0.0023939114
169,0,0.0,0,2,0.0,0,1666.6666,4.3863444,1671.0725,0.005342771
170,0,0.0,0,2,0.0,0,1666.6666,4.4845366,1671.0741,0.0053145844
171,0,0.0,0,2,0.0,0,1666.6666,4.496184,1671.1656,0.0039168154
172,0,0.0,0,2,0.0,0,1666.6666,4.2466583,1671.0686,0.0054127933
173,0,0.0,0,2,0.0,0,1666.6666,6.2106867,1673.0336,7.741803e-06
174,0,0.0,0,2,0.0,0,1666.6666,4.6819253,1671.1846,0.0036774124
175,0,0.005752233949594545,0,2,0.0,0,1666.6666,4.5897274,1671.1223,0.0045255036
176,1,0.06385985437302588,0,2,0.0,0,1666.6666,6.060281,1672.3463,7.651506e-05
177,0,0.007945913765648712,0,2,0.0,0,1666.6666,4.6937866,1671.5125,0.0012327817
178,0,0.0,0,2,0.0,0,1666.6666,4.704005,1671.1183,0.0045866803
179,0,0.0,0,2,0.0,0,1666.6666,5.920363,1672.4171,6.0429946e-05
180,0,0.0,0,2,0.0,0,1666.6666,4.987577,1671.5571,0.0010622054
181,0,0.0,0,2,0.0,0,1666.6666,6.35306,1672.9803,9.244638e-06
182,0,0.0,0,2,0.0,0,1666.6666,4.4568415,1671.1224,0.0045236624
183,0,0.0,0,2,0.0,0,1666.6666,4.788055,1671.1344,0.0043468247
184,0,0.0,0,2,0.0,0,1666.6666,5.355548,1671.3003,0.0025004414
185,0,0.0,0,2,0.0,0,1666.6666,4.11031,1671.0897,0.0050448673
186,0,0.0,0,2,0.0,0,1666.6666,6.8864474,1673.4132,2.1840308e-06
187,0,0.0,0,2,0.0,0,1666.6666,4.5568604,1671.1747,0.0038006355
188,0,0.016606816340344287,0,2,0.0,0,1666.6666,5.6811857,1672.3589,7.3374504e-05
189,0,0.0,0,2,0.0,0,1666.6666,4.344412,1670.927,0.008677822
190,0,0.005383831717174825,0,2,0.0,0,1666.6666,4.3282013,1670.7443,0.01595706
191,0,0.0,0,2,0.0,0,1666.6666,4.8977323,1671.57,0.0010177789
192,0,0.0,0,2,0.0,0,1666.6666,4.3752522,1671.0922,0.005003979
193,0,0.0,0,2,0.0,0,1666.6666,5.5123377,1672.0667,0.00019435718
194,1,0.061144560223342734,0,2,0.0,0,1666.6666,4.564598,1671.3287,0.0022742702
195,0,0.0,0,2,0.0,0,1666.6666,4.282556,1671.1523,0.004094445
196,0,0.0,0,2,0.0,0,1666.6666,4.9055805,1671.5486,0.0010928954
197,0,0.0,0,2,0.0,0,1666.6666,4.750797,1671.2799,0.002676258
198,0,0.016151897916076692,0,2,0.0,0,1666.6666,4.7595835,1671.1594,0.0039989464
199,0,0.0,0,2,0.0,0,1666.6666,4.44703,1671.1063,0.004773276
200,0,0.0,0,2,0.0,0,1666.6666,4.3108106,1671.3008,0.0024963745
201,0,0.0,0,2,0.0,0,1666.6666,6.015439,1673.2388,3.90647e-06
202,0,0.0,0,2,0.0,0,1666.6666,4.6086364,1671.1547,0.0040629124
203,0,0.0,1,2,0.0,0,1666.6666,505.72476,2172.119,0.0
204,0,0.0,0,2,0.0,0,1666.6666,4.7631683,1671.3457,0.0021492094
205,0,0.0,0,2,0.0,0,1666.6666,4.2160273,1670.9078,0.00925028
206,0,0.017156876048878045,0,2,0.0,0,1666.6666,4.6125436,1670.7874,0.013822051
207,0,0.0,0,2,0.0,0,1666.6666,4.568292,1671.085,0.0051255636
208,0,0.0,0,2,0.0,0,1666.6666,5.00207,1672.0715,0.00019121944
209,0,0.0,0,2,0.0,0,1666.6666,4.50342,1671.2705,0.0027614366
210,0,0.0,0,2,0.0,0,1666.6666,4.923577,1671.6028,0.00091225695
211,0,0.0,0,2,0.0,0,1666.6666,4.7785993,1671.5588,0.0010561717
212,0,0.0,0,2,0.0,0,1666.6666,4.880573,1671.3398,0.0021915988
213,0,0.0,0,2,0.0,0,1666.6666,4.6052,1671.5095,0.0012448794
214,0,0.0,0,2,0.0,0,1666.6666,6.20204,1673.1168,5.865738e-06
215,0,0.0,0,2,0.0,0,1666.6666,4.8055725,1671.3636,0.0020244247
216,0,0.0,0,2,0.0,0,1666.6666,4.2411985,1671.146,0.0041820016
217,0,0.0,0,2,0.0,0,1666.6666,4.2481537,1670.9392,0.008331807
218,0,0.0,1,2,0.0,0,1666.6666,506.18314,2172.8694,0.0
219,0,0.014906159827721737,0,2,0.0,0,1666.6666,4.4814954,1671.1594,0.0039989464
220,0,0.0,0,2,0.0,0,1666.6666,5.0812764,1671.6125,0.0008830394
221,0,0.022732094589783647,0,2,0.0,0,1666.6666,4.5041676,1671.2404,0.0030533995
222,0,0.0,0,2,0.0,0,1666.6666,4.40326,1671.0249,0.0062616006
223,0,0.0,1,2,0.0,0,1666.6666,506.10614,2172.5623,0.0
224,0,0.0009382651443435035,0,2,0.0,0,1666.6666,4.1400023,1671.1571,0.0040299823
225,0,0.0,0,2,0.0,0,1666.6666,4.3457656,1671.385,0.0018852827
226,0,0.0,1,2,0.0,0,1666.6666,505.82556,2172.4624,0.0
227,0,0.0,0,2,0.0,0,1666.6666,4.4276032,1671.0613,0.005546568
228,0,0.0,0,2,0.0,0,1666.6666,5.0275364,1671.3634,0.0020260727
229,0,0.032655344345676296,0,2,0.0,0,1666.6666,4.9394674,1671.7324,0.00059216947
230,0,0.0,1,2,0.0,0,1666.6666,505.53607,2172.4004,0.0
231,0,0.0,0,2,0.0,0,1666.6666,6.1175175,1672.76,1.9269044e-05
232,0,0.0,0,2,0.0,0,1666.6666,4.530905,1671.5009,0.0012813684
233,0,0.0,0,2,0.0,0,1666.6666,4.086486,1671.2048,0.0034372224
234,0,0.0,0,2,0.0,0,1666.6666,5.8145523,1672.2662,9.9924444e-05
235,0,0.0,0,2,0.0,0,1666.6666,4.569875,1671.1543,0.004067875
236,0,0.0,0,2,0.0,0,1666.6666,4.185254,1671.0703,0.005382046
237,0,0.0,0,2,0.0,0,1666.6666,3.97673,1670.8157,0.01257693
238,0,0.0,0,2,0.0,0,1666.6666,4.609831,1671.2736,0.0027334879
239,0,0.0,0,2,0.0,0,1666.6666,5.033672,1671.8224,0.0004387399
240,0,0.0,0,2,0.0,0,1666.6666,6.2738276,1673.0969,6.2679724e-06
241,0,0.0,0,2,0.0,0,1666.6666,5.0673857,1671.8475,0.00040346314
242,0,0.0,0,2,0.0,0,1666.6666,4.257469,1671.1511,0.0041111396
243,0,0.0,1,2,0.0,0,1666.6666,505.8426,2172.1865,0.0
244,0,0.0,0,2,0.0,0,1666.6666,4.8380933,1671.1603,0.0039875726
245,0,0.0,0,2,0.0,0,1666.6666,4.285622,1671.0767,0.005269365
246,0,0.01040107631188636,0,2,0.0,0,1666.6666,4.7756295,1671.3932,0.0018345795
247,0,0.009977957900131139,0,2,0.0,0,1666.6666,4.401794,1671.0223,0.0063153347
248,0,0.0,0,2,0.0,0,1666.6666,4.5994,1671.2129,0.003346143
249,0,0.0,0,2,0.0,0,1666.6666,4.5840487,1671.316,0.0023725778
250,0,0.0,0,2,0.0,0,1666.6666,5.9159675,1672.6305,2.9672541e-05
251,0,0.0,0,2,0.0,0,1666.6666,5.7068186,1672.1248,0.00016013432
252,0,0.0,0,2,0.0,0,1666.6666,4.6306467,1671.279,0.0026838917
253,0,0.0,0,2,0.0,0,1666.6666,4.26489,1671.2385,0.003072093
254,0,0.0,0,2,0.0,0,1666.6666,4.7548,1671.2373,0.0030846186
255,0,0.0,0,2,0.0,0,1666.6666,4.585631,1671.27,0.0027659344
256,0,0.0,0,2,0.0,0,1666.6666,4.5644183,1671.1614,0.0039729965
257,0,0.0,0,2,0.0,0,1666.6666,4.1788325,1670.8657,0.010644409
258,0,0.0,0,2,0.0,0,1666.6666,4.5301075,1671.126,0.004470596
259,0,0.0,0,2,0.0,0,1666.6666,4.5253577,1671.0743,0.005310261
260,0,0.0,0,2,0.0,0,1666.6666,5.6242366,1672.2812,9.504644e-05
261,0,0.0012058650579624415,0,2,0.0,0,1666.6666,4.8397255,1671.3744,0.001953218
262,0,0.0,0,2,0.0,0,1666.6666,4.0366898,1670.8818,0.01008777
263,0,0.0,0,2,0.0,0,1666.6666,4.215585,1670.9851,0.0071498086
264,0,0.0,0,2,0.0,0,1666.6666,4.0769887,1670.8802,0.010141273
265,0,0.0,0,2,0.0,0,1666.6666,4.327738,1671.034,0.006073398
266,0,0.0,0,2,0.0,0,1666.6666,4.4635262,1670.8046,0.013051358
267,0,0.006893092517041386,0,2,0.0,0,1666.6666,5.2729793,1671.6959,0.00066878065
268,0,0.0,0,2,0.0,0,1666.6666,7.1575785,1673.6091,1.1366621e-06
269,0,0.006638124051840499,0,2,0.0,0,1666.6666,4.311373,1671.0981,0.004905197
270,0,0.008790344026964785,0,2,0.0,0,1666.6666,4.681161,1671.081,0.0051927394
271,0,0.0012502866338666152,0,2,0.0,0,1666.6666,4.8598504,1671.038,0.00599483
272,0,0.0,0,2,0.0,0,1666.6666,4.046992,1671.0845,0.0051339134
273,0,0.0,0,2,0.0,0,1666.6666,4.8681574,1671.1375,0.004302831
274,0,0.023356324325535822,0,2,0.0,0,1666.6666,4.56114,1671.3732,0.001961182
275,0,0.0,0,2,0.0,0,1666.6666,6.115061,1672.821,1.5721822e-05
276,0,0.0,0,2,0.0,0,1666.6666,5.1603813,1671.8965,0.0003427214
277,0,0.0,0,2,0.0,0,1666.6666,4.439856,1670.8378,0.011683939
278,0,0.0,0,2,0.0,0,1666.6666,4.2726655,1670.9426,0.00823742
279,0,0.046543166634335484,0,2,0.0,0,1666.6666,5.2684393,1672.084,0.00018344553
280,0,0.0,0,2,0.0,0,1666.6666,4.7675233,1671.2542,0.0029161833
281,0,0.0,0,2,0.0,0,1666.6666,4.6993723,1671.4902,0.0013275419
282,0,0.0,0,2,0.0,0,1666.6666,4.7651935,1671.4052,0.0017628628
283,0,0.0,0,2,0.0,0,1666.6666,4.488398,1671.3779,0.0019303053
284,0,0.0,0,2,0.0,0,1666.6666,6.7924914,1673.5782,1.2599124e-06
285,0,0.0,0,2,0.0,0,1666.6666,4.2363296,1671.0889,0.0050592567
286,0,0.0,0,2,0.0,0,1666.6666,4.139253,1670.8783,0.010207512
287,0,0.0,0,2,0.0,0,1666.6666,4.1330686,1670.9576,0.007835293
288,0,0.0,0,2,0.0,0,1666.6666,4.329364,1671.196,0.0035394123
289,0,0.0,0,2,0.0,0,1666.6666,4.4433746,1671.2216,0.0032508557
290,0,0.0,0,2,0.0,0,1666.6666,4.4600163,1671.2162,0.0033095821
291,0,0.0,0,2,0.0,0,1666.6666,4.4789786,1671.3403,0.0021880344
292,0,0.0,0,2,0.0,0,1666.6666,4.195486,1671.1602,0.0039891955
293,0,0.020789164777842727,0,2,0.0,0,1666.6666,4.3572273,1671.1914,0.0035945647
294,0,0.0,0,2,0.0,0,1666.6666,4.249204,1670.9205,0.008866997
295,0,0.005807720056593468,0,2,0.0,0,1666.6666,4.8265615,1671.6428,0.0007982789
296,0,0.0,0,2,0.0,0,1666.6666,5.205178,1671.8784,0.00036399468
297,0,0.0,0,2,0.0,0,1666.6666,4.1568713,1670.8116,0.012746949
298,0,0.014263003710745407,0,2,0.0,0,1666.6666,4.470073,1670.9974,0.006861929
299,0,0.0,0,2,0.0,0,1666.6666,4.7739177,1671.7607,0.00053882546
