epoch_ns,mode,valid,reason,native_ms,solver_ms,total_ms,iterations,x,y,yaw,world_vx,world_vy,body_vx,body_vy,wz,nominal_cost,solved_cost,progress_end,tracks,history_stamp_ns,state_stamp_ns
4025000000,B0,1,native,3.0348950000000001,0,0,0,2.9024180580618105e-20,3.1923357870786272e-20,4.6783007143114162e-20,0,0,0.066818214952945709,0.013960940763354301,-0.048359856009483337,0,0,0,0,0,0
4075000000,B0,1,native,21.326421000000003,0,0,0,2.9998029845657433e-05,2.9997349941482781e-05,-2.9999400227815101e-05,0,0,0.11737659573554993,0.027336366474628448,-0.032113831490278244,0,0,0,0,0,0
4125000000,B0,1,native,1.6316980000000001,0,0,0,0.0024612807999093876,0.0010248463127152721,-0.0023970305757168454,0,0,0.18132103979587555,0.034742541611194611,-0.039955504238605499,0,0,0,0,0,0
4175000000,B0,1,native,21.273965999999998,0,0,0,0.0056746644462733822,0.0021353687074927023,-0.0037092665217586976,0,0,0.22670082747936249,0.034285075962543488,-0.0012762900441884995,0,0,0,0,0,0
4225000000,B0,1,native,1.1153569999999999,0,0,0,0.012914671220806489,0.0041774057494980759,-0.0058665982432935127,0,0,0.26970145106315613,0.029032278805971146,0.036690492182970047,0,0,0,0,0,0
4275000000,B0,1,native,22.061040999999999,0,0,0,0.01933252258094955,0.0054891790545246993,-0.0059023678011891588,0,0,0.30988281965255737,0.02124163880944252,0.062657162547111511,0,0,0,0,0,0
4325000000,B0,1,native,2.1398489999999999,0,0,0,0.031370582521017459,0.0070662639055488431,-0.0036486099443514392,0,0,0.34244963526725769,0.010864311829209328,0.081387601792812347,0,0,0,0,0,0
4375000000,B0,1,native,22.180813000000001,0,0,0,0.040982568646560788,0.0078626746245428168,-0.0011123243853726735,0,0,0.36834192276000977,-0.0022757481783628464,0.092808939516544342,0,0,0,0,0,0
4425000000,B0,1,native,32.357344000000005,0,0,0,0.057812205009503466,0.0083768918434151043,0.0039002215196298445,0,0,0.39339834451675415,-0.011355738155543804,0.094905659556388855,0,0,0,0,0,0
4475000000,B0,1,native,12.034614000000001,0,0,0,0.070622501625096534,0.0083590926920841038,0.0076125786001429345,0,0,0.41616362333297729,-0.017983298748731613,0.09229559451341629,0,0,0,0,0,0
4525000000,B0,1,native,31.392348000000002,0,0,0,0.092254984579800553,0.0082658111065002995,0.013173414062392579,0,0,0.43420547246932983,-0.024166999384760857,0.086393877863883972,0,0,0,0,0,0
4575000000,B0,1,native,11.145550999999999,0,0,0,0.10827394287309824,0.0077863558000068221,0.016865237347147725,0,0,0.44503402709960938,-0.024697476997971535,0.083855181932449341,0,0,0,0,0,0
4625000000,B0,1,native,31.327210000000001,0,0,0,0.13349438327353833,0.0071089016592364544,0.022290128227614663,0,0,0.45271283388137817,-0.024381808936595917,0.08109709620475769,0,0,0,0,0,0
4675000000,B0,1,native,11.145622000000001,0,0,0,0.1513142722283187,0.0065471476681935037,0.025644335035702993,0,0,0.45655328035354614,-0.022724799811840057,0.082487337291240692,0,0,0,0,0,0
4725000000,B0,1,native,32.329482999999996,0,0,0,0.1781916231041914,0.0058504756863707657,0.0306551276394374,0,0,0.46041366457939148,-0.022824665531516075,0.078826405107975006,0,0,0,0,0,0
4775000000,B0,1,native,11.319234,0,0,0,0.19647356155053677,0.0055310570431559318,0.033954620640859058,0,0,0.46344411373138428,-0.023518666625022888,0.075623810291290283,0,0,0,0,0,0
4825000000,B0,1,native,31.632044999999998,0,0,0,0.2239932673594375,0.0051564803403845155,0.038809498238211393,0,0,0.46398270130157471,-0.023924052715301514,0.074202306568622589,0,0,0,0,0,0
4875000000,B0,1,native,11.944890999999998,0,0,0,0.24255386941483648,0.0049630730334141431,0.041834450196637611,0,0,0.46569481492042542,-0.025069732218980789,0.071316339075565338,0,0,0,0,0,0
4925000000,B0,1,native,31.336290000000002,0,0,0,0.27043019426828685,0.0047563336912056272,0.046309881274133664,0,0,0.46369847655296326,-0.02502065896987915,0.074868619441986084,0,0,0,0,0,0
4975000000,B0,1,native,11.149277000000001,0,0,0,0.28908460498042726,0.0046429038030283889,0.049162534411350337,0,0,0.46523657441139221,-0.026699785143136978,0.071521498262882233,0,0,0,0,0,0
5025000000,B0,1,native,31.393185999999996,0,0,0,0.31706106626105934,0.0045477677272567187,0.053444591491811841,0,0,0.46403715014457703,-0.02748444676399231,0.071599647402763367,0,0,0,0,0,0
5075000000,B0,1,native,11.170248000000001,0,0,0,0.33570108313417307,0.0045013992947535086,0.056305450997258311,0,0,0.46377366781234741,-0.027746021747589111,0.078214302659034729,0,0,0,0,0,0
5125000000,B0,1,native,21.467938,0,0,0,0.36364020400654196,0.0045151284435110779,0.060689053494036145,0,0,0.46442610025405884,-0.029859606176614761,0.077958330512046814,0,0,0,0,0,0
5175000000,B0,1,native,11.184367,0,0,0,0.38222817328833902,0.0045505962721525033,0.063816345291124205,0,0,0.46192848682403564,-0.030925186350941658,0.085889436304569244,0,0,0,0,0,0
5225000000,B0,1,native,21.81457,0,0,0,0.4101153954699413,0.004585813532862768,0.068601017215855362,0,0,0.46014308929443359,-0.031879018992185593,0.091549552977085114,0,0,0,0,0,0
5275000000,B0,1,native,11.297168999999998,0,0,0,0.42862521401256404,0.0046439075540329723,0.072059574172138818,0,0,0.459453284740448,-0.032575085759162903,0.097508758306503296,0,0,0,0,0,0
5325000000,B0,1,native,21.297146999999999,0,0,0,0.45628999008289134,0.0047876587788672851,0.077636015844797096,0,0,0.45718201994895935,-0.034382082521915436,0.10479418933391571,0,0,0,0,0,0
5375000000,B0,1,native,11.201223000000001,0,0,0,0.47470321926728165,0.0049390965210494046,0.081562936026434385,0,0,0.45569175481796265,-0.037426438182592392,0.11446411907672882,0,0,0,0,0,0
5425000000,B0,1,native,21.322432999999997,0,0,0,0.50219189435557898,0.0051568913872081356,0.087976955101254514,0,0,0.45423895120620728,-0.039259478449821472,0.11889977008104324,0,0,0,0,0,0
5475000000,B0,1,native,1.136871,0,0,0,0.52047390682366268,0.0052982116349601354,0.092574825885432824,0,0,0.45387804508209229,-0.042803235352039337,0.12692326307296753,0,0,0,0,0,0
5525000000,B0,1,native,21.328579999999999,0,0,0,0.54782815693265807,0.0055165569137107335,0.099817068986732108,0,0,0.4539770781993866,-0.046678107231855392,0.13671514391899109,0,0,0,0,0,0
5575000000,B0,1,native,1.3810509999999998,0,0,0,0.56606550507884357,0.0056499313997517148,0.10492379007103278,0,0,0.45391640067100525,-0.050721079111099243,0.14550279080867767,0,0,0,0,0,0
5625000000,B0,1,native,21.327946000000001,0,0,0,0.59345272028994434,0.0057698567585083892,0.11324336110979051,0,0,0.4498576819896698,-0.058278247714042664,0.15454612672328949,0,0,0,0,0,0
5675000000,B0,1,native,1.153235,0,0,0,0.61170730176831067,0.005828517869836492,0.1190925147051561,0,0,0.44678232073783875,-0.062226220965385437,0.17481185495853424,0,0,0,0,0,0
5725000000,B0,1,native,22.334847,0,0,0,0.63888898027249164,0.0056297436043954169,0.12855634269024199,0,0,0.44358086585998535,-0.062814697623252869,0.16956581175327301,0,0,0,0,0,0
5775000000,B0,1,native,2.116568,0,0,0,0.6569180877932187,0.0055089602076542803,0.13552707809196826,0,0,0.44113269448280334,-0.06205260381102562,0.18392848968505859,0,0,0,0,0,0
5825000000,B0,1,native,22.340270999999998,0,0,0,0.68376080434283693,0.005511620999270982,0.14587192589121653,0,0,0.4392562210559845,-0.070502892136573792,0.17079924046993256,0,0,0,0,0,0
5875000000,B0,1,native,1.9964950000000001,0,0,0,0.70157400561365391,0.0056550593257383829,0.15319906502464486,0,0,0.43171399831771851,-0.055701024830341339,0.28188484907150269,0,0,0,0,0,0
5925000000,B0,1,native,22.149788000000001,0,0,0,0.72813720796506087,0.0057868471079111734,0.16368814560686068,0,0,0.43165808916091919,-0.060928978025913239,0.29844462871551514,0,0,0,0,0,0
5975000000,B0,1,native,1.9983560000000002,0,0,0,0.74553848373100995,0.006458631446105814,0.17336010908888747,0,0,0.43466675281524658,-0.030642071738839149,0.4355543851852417,0,0,0,0,0,0
6025000000,B0,1,native,22.001856,0,0,0,0.77166949862890799,0.007798030843940186,0.19143761841571047,0,0,0.41464632749557495,-0.0075094876810908318,0.41710329055786133,0,0,0,0,0,0
6075000000,B0,1,native,1.20225,0,0,0,0.7889210949302079,0.010046125797604204,0.20621539683412166,0,0,0.39784854650497437,0.016594978049397469,0.47575902938842773,0,0,0,0,0,0
6125000000,B0,1,native,11.097991,0,0,0,0.81309603959020138,0.01514708628643655,0.23146695409229898,0,0,0.39579001069068909,0.019644636660814285,0.42107948660850525,0,0,0,0,0,0
6175000000,B0,1,native,1.095124,0,0,0,0.8283798677575186,0.019594636947296951,0.25027613155318373,0,0,0.38845893740653992,0.06466732919216156,0.54200190305709839,0,0,0,0,0,0
6225000000,B0,1,native,11.218874999999999,0,0,0,0.85084153461547452,0.027113478502159671,0.2762578483219697,0,0,0.3910638689994812,0.078584402799606323,0.50720685720443726,0,0,0,0,0,0
6275000000,B0,1,native,1.2113829999999999,0,0,0,0.86508682920332181,0.033793035562871991,0.29588102189637938,0,0,0.37524965405464172,0.12432152032852173,0.52430284023284912,0,0,0,0,0,0
6325000000,B0,1,native,11.191476,0,0,0,0.88573822160286075,0.04561328515579522,0.32650697354124542,0,0,0.37739109992980957,0.12886762619018555,0.50602304935455322,0,0,0,0,0,0
6375000000,B0,1,native,1.912261,0,0,0,0.89834397983523839,0.055062291163158375,0.34744908535445135,0,0,0.3772045373916626,0.16017669439315796,0.59676623344421387,0,0,0,0,0,0
6425000000,B0,1,native,12.111678000000001,0,0,0,0.91668419793810396,0.070541532094124448,0.3780635826704527,0,0,0.38387924432754517,0.18996138870716095,0.57725322246551514,0,0,0,0,0,0
6475000000,B0,1,native,2.0990259999999998,0,0,0,0.92822611000477573,0.082230015652979105,0.40101193110831512,0,0,0.38798549771308899,0.19984209537506104,0.65122658014297485,0,0,0,0,0,0
6525000000,B0,1,native,12.101027,0,0,0,0.94468136125792668,0.10205709715127904,0.43590517173081628,0,0,0.39337208867073059,0.22136537730693817,0.61586099863052368,0,0,0,0,0,0
6575000000,B0,1,native,2.1681180000000002,0,0,0,0.95520972548525884,0.11602312458227873,0.46146279016932168,0,0,0.39831015467643738,0.23934759199619293,0.68367612361907959,0,0,0,0,0,0
6625000000,B0,1,native,11.214091,0,0,0,0.96999571262526629,0.13888141652492339,0.49880283336220183,0,0,0.39240735769271851,0.23120935261249542,0.64309871196746826,0,0,0,0,0,0
6675000000,B0,1,native,1.1309370000000001,0,0,0,0.97919026685184329,0.15499516760633281,0.52578120225854852,0,0,0.3878227174282074,0.24650111794471741,0.60639417171478271,0,0,0,0,0,0
6725000000,B0,1,native,11.249820000000001,0,0,0,0.99198242730642883,0.17917771150650694,0.56434578647902889,0,0,0.38439571857452393,0.2409607321023941,0.56905490159988403,0,0,0,0,0,0
6775000000,B0,1,native,1.1380780000000001,0,0,0,0.99961809066798502,0.19586970174094329,0.58857966569278142,0,0,0.37487274408340454,0.25564688444137573,0.50267452001571655,0,0,0,0,0,0
6825000000,B0,1,native,11.134969,0,0,0,1.0101496108074162,0.22095209155760184,0.62265637030125676,0,0,0.37634095549583435,0.2360575944185257,0.44453388452529907,0,0,0,0,0,0
6875000000,B0,1,native,1.1254139999999999,0,0,0,1.0162185963389816,0.23804562881821306,0.64304619844434097,0,0,0.34391084313392639,0.25268828868865967,0.39785537123680115,0,0,0,0,0,0
6925000000,B0,1,native,11.192643,0,0,0,1.025141346427612,0.26306134653934804,0.67003360821393265,0,0,0.31728115677833557,0.20679634809494019,0.39893856644630432,0,0,0,0,0,0
6975000000,B0,1,native,1.123972,0,0,0,1.029513979040491,0.27951913973432346,0.68601466598454397,0,0,0.29957553744316101,0.19274795055389404,0.39002415537834167,0,0,0,0,0,0
7025000000,B0,1,native,11.172279,0,0,0,1.0358032511471842,0.30144301566948734,0.70983291901278711,0,0,0.26754283905029297,0.16602092981338501,0.34150758385658264,0,0,0,0,0,0
7075000000,B0,1,native,21.972920999999999,0,0,0,1.0397608219586127,0.31508820790148134,0.7254038839017295,0,0,0.22489446401596069,0.11918198317289352,0.29924562573432922,0,0,0,0,0,0
7125000000,B0,1,native,2.0033759999999998,0,0,0,1.0450025832207861,0.33302655002494819,0.74600615524092806,0,0,0.20264372229576111,0.081532813608646393,0.26342150568962097,0,0,0,0,0,0
7175000000,B0,1,native,21.970593000000001,0,0,0,1.0482075644838558,0.34291076521552422,0.75797755178622972,0,0,0.18320019543170929,0.040501482784748077,0.24269160628318787,0,0,0,0,0,0
7225000000,B0,1,native,2.0210839999999997,0,0,0,1.0533035001466147,0.3549281675574002,0.77372308279523738,0,0,0.17188134789466858,-0.0032154405489563942,0.23314020037651062,0,0,0,0,0,0
7275000000,B0,1,native,22.175374000000001,0,0,0,1.0572143349081704,0.36135627777327228,0.78340119496660698,0,0,0.16264623403549194,-0.039869744330644608,0.2341170459985733,0,0,0,0,0,0
7325000000,B0,1,native,1.9620089999999999,0,0,0,1.0641522768258516,0.36883214400014103,0.7974042578388173,0,0,0.15417391061782837,-0.082416221499443054,0.22087652981281281,0,0,0,0,0,0
7375000000,B0,1,native,22.225096000000001,0,0,0,1.069640219043057,0.37253569542083381,0.80673893910055228,0,0,0.15359945595264435,-0.11865001171827316,0.20913299918174744,0,0,0,0,0,0
7425000000,B0,1,native,2.0111509999999999,0,0,0,1.079238975152192,0.37618110564438217,0.81984533534515747,0,0,0.14543113112449646,-0.1486506462097168,0.2005002498626709,0,0,0,0,0,0
7475000000,B0,1,native,22.453602,0,0,0,1.0867468473257635,0.37756500180551633,0.82818202202955349,0,0,0.10861560702323914,-0.22806823253631592,0.15804716944694519,0,0,0,0,0,0
7525000000,B0,1,native,2.5099749999999998,0,0,0,1.0991303916441473,0.37779142736241045,0.83997203732212899,0,0,0.096359051764011383,-0.25349080562591553,0.10310625284910202,0,0,0,0,0,0
7575000000,B0,1,native,22.741949000000002,0,0,0,1.1076481713982238,0.37599350600788028,0.84629664314441344,0,0,0.085786059498786926,-0.24774071574211121,0.015687819570302963,0,0,0,0,0,0
7625000000,B0,1,native,2.3128950000000001,0,0,0,1.121676915073792,0.37118152984684361,0.85272572219661147,0,0,0.083990976214408875,-0.27334997057914734,-0.028591347858309746,0,0,0,0,0,0
7675000000,B0,1,native,22.598026999999998,0,0,0,1.1314175546302832,0.36722811055836996,0.85411895501905422,0,0,0.08484620600938797,-0.30130988359451294,-0.04554462805390358,0,0,0,0,0,0
7725000000,B0,1,native,31.976053999999998,0,0,0,1.147237290456526,0.36013282462286234,0.8524895504435126,0,0,0.091922961175441742,-0.30988329648971558,-0.064531683921813965,0,0,0,0,0,0
7775000000,B0,1,native,11.330639999999999,0,0,0,1.1585405390602981,0.35474627461557995,0.85066776565447177,0,0,0.10379292815923691,-0.33770987391471863,-0.079098254442214966,0,0,0,0,0,0
7825000000,B0,1,native,31.801424000000001,0,0,0,1.1757915218833748,0.34662157397931026,0.84769509024966516,0,0,0.14143750071525574,-0.37249195575714111,-0.11457941681146622,0,0,0,0,0,0
7875000000,B0,1,native,12.090712,0,0,0,1.1886523849479924,0.34078060936165011,0.84453271438984878,0,0,0.17938481271266937,-0.40053901076316833,-0.14053808152675629,0,0,0,0,0,0
7925000000,B0,1,native,31.577091000000003,0,0,0,1.2082556661334773,0.33195396694995799,0.83954682164972783,0,0,0.19411131739616394,-0.42687159776687622,-0.1272536963224411,0,0,0,0,0,0
7975000000,B0,1,native,11.288717999999999,0,0,0,1.2233417518322196,0.32610805633770806,0.83415689840419549,0,0,0.21585719287395477,-0.44978401064872742,-0.13789114356040955,0,0,0,0,0,0
8025000000,B0,1,native,31.540937,0,0,0,1.2485514070984274,0.31775763285916653,0.82576367158494035,0,0,0.23822906613349915,-0.46717354655265808,-0.13340362906455994,0,0,0,0,0,0
8075000000,B0,1,native,11.599237,0,0,0,1.2673449311454457,0.31209468986924405,0.82024802655976337,0,0,0.26525983214378357,-0.47733056545257568,-0.12119730561971664,0,0,0,0,0,0
8125000000,B0,1,native,32.152303000000003,0,0,0,1.2962150055314221,0.30305571949296739,0.81216341493528543,0,0,0.28995159268379211,-0.47732901573181152,-0.11798718571662903,0,0,0,0,0,0
8175000000,B0,1,native,11.335903,0,0,0,1.3171058939732465,0.29730609737759245,0.80731552333827483,0,0,0.30598017573356628,-0.48249995708465576,-0.10814023017883301,0,0,0,0,0,0
8225000000,B0,1,native,32.49926,0,0,0,1.3489907418207496,0.28900990970000912,0.80020319882859481,0,0,0.32807072997093201,-0.48751914501190186,-0.085282206535339355,0,0,0,0,0,0
8275000000,B0,1,native,12.236613,0,0,0,1.3713223678738824,0.2842683162168263,0.79587759011856662,0,0,0.34420901536941528,-0.48103532195091248,-0.059036105871200562,0,0,0,0,0,0
8325000000,B0,1,native,31.662389999999998,0,0,0,1.4049818092621316,0.27720985315413316,0.78962917530033805,0,0,0.35495147109031677,-0.47798410058021545,-0.036608096212148666,0,0,0,0,0,0
8375000000,B0,1,native,11.386647,0,0,0,1.428325663785742,0.27340081163157576,0.78718579301667957,0,0,0.33720266819000244,-0.47216898202896118,-0.072108179330825806,0,0,0,0,0,0
8425000000,B0,1,native,22.380171000000001,0,0,0,1.4631869528921724,0.26761222437695964,0.78348397919466017,0,0,0.34189796447753906,-0.46166032552719116,-0.057713184505701065,0,0,0,0,0,0
8475000000,B0,1,native,12.245837,0,0,0,1.4860597855961468,0.26375428313646399,0.78062965179708987,0,0,0.32643470168113708,-0.46486777067184448,-0.079884663224220276,0,0,0,0,0,0
8525000000,B0,1,native,22.382072999999998,0,0,0,1.5200229775152483,0.25829249848441488,0.7769433863542935,0,0,0.33094930648803711,-0.46318453550338745,-0.081149764358997345,0,0,0,0,0,0
8575000000,B0,1,native,12.189223999999999,0,0,0,1.5423721456059984,0.25417279949019389,0.77374167488534451,0,0,0.32606327533721924,-0.46508550643920898,-0.083962894976139069,0,0,0,0,0,0
8625000000,B0,1,native,21.532234000000003,0,0,0,1.5759520812282954,0.24802071445341489,0.76883130609767725,0,0,0.33915561437606812,-0.47642594575881958,-0.036535494029521942,0,0,0,0,0,0
8675000000,B0,1,native,11.317641999999999,0,0,0,1.5982962686047928,0.24368107981562495,0.76550279021902845,0,0,0.34290987253189087,-0.47723305225372314,-0.028703827410936356,0,0,0,0,0,0
8725000000,B0,1,native,22.351652000000001,0,0,0,1.6328138448178411,0.23715122863053434,0.76308494503599722,0,0,0.34695062041282654,-0.47834518551826477,0.0054181031882762909,0,0,0,0,0,0
8775000000,B0,1,native,1.188917,0,0,0,1.6559349781557158,0.2328309607162623,0.7619667915103735,0,0,0.36092853546142578,-0.48360508680343628,0.026308121159672737,0,0,0,0,0,0
8825000000,B0,1,native,22.290934,0,0,0,1.6909821634334843,0.22650149366252337,0.76237286186669073,0,0,0.37381851673126221,-0.48093616962432861,0.045821204781532288,0,0,0,0,0,0
8875000000,B0,1,native,2.165651,0,0,0,1.7147979317894206,0.22252477161058268,0.76345518592188066,0,0,0.38339924812316895,-0.47637650370597839,0.075518988072872162,0,0,0,0,0,0
