rollout,prediction_window_body_gap_m,prediction_window_padded_gap_m,body_gap_3s_m,padded_gap_3s_m,static_collision,joint_safe_3s,prediction_v1_score,native_standard_score,total_weighted_score,probability
0,0.4127121627230748,0.37209641907683466,0.0,0.0,0,0,1666.7761,3.9699242,1670.9963,0.0
1,0.40698402551877033,0.3659669932051763,0.0,0.0,0,0,1666.8994,3.1438715,1670.109,0.0
2,0.47897934956287436,0.436891995947809,0.0,0.0,0,0,1666.6666,4.2301607,1670.7937,0.0
3,0.47665628806447913,0.44207991564105314,0.010074711223735378,0.0,0,0,1666.7705,3.359877,1670.024,0.0
4,0.5797500755094577,0.5497233788904574,0.11823411922124888,0.08823411626110013,0,1,1666.6666,4.2530317,1671.1715,0.0
5,0.6184423886482902,0.5846262704444104,0.09312034416276863,0.061512558581562495,0,1,0.5,5.4393888,6.323696,0.00039466922
6,0.4737468003276283,0.4378414354395611,0.14459971321054338,0.10930475864270225,0,1,1666.8584,3.8780258,1670.8384,0.0
7,0.4284550795705197,0.393466781555544,0.0,0.0,0,0,1666.954,3.4797778,1670.7845,0.0
8,0.520550738699267,0.4851015040435087,0.0,0.0,0,0,1666.6666,4.386839,1671.2098,0.0
9,0.5239243858464233,0.49300934142605424,0.1283846630963792,0.08646452036836916,0,1,1666.6901,3.8321714,1670.4609,0.0
10,0.46286918643260994,0.4271259792305024,0.04537466506876431,0.011903010191785413,0,0,1666.7872,2.993818,1669.7484,0.0
11,0.4490382968950524,0.414312260565314,0.0,0.0,0,0,1666.7986,3.1848652,1670.1433,0.0
12,0.4693245029841573,0.4393245000240091,0.11366154746063944,0.07333685813125054,0,1,1666.9435,4.324325,1671.1659,0.0
13,0.5084631179281398,0.478463114967992,0.06983094483707841,0.027890896308874424,0,1,1666.7183,4.098488,1670.5532,0.0
14,0.4283769589006012,0.3914135370391696,0.0,0.0,0,0,1666.8046,3.415983,1670.2667,0.0
15,0.47161927864829517,0.4416192756881466,0.09291657224786931,0.050825932046468125,0,1,1666.8755,3.3674731,1670.2258,0.0
16,0.47260350144988994,0.4374972296339772,0.0,0.0,0,0,1666.8733,3.7069051,1670.6567,0.0
17,0.47985048768529237,0.4466521335473495,0.07963829479582783,0.04757620440835808,0,1,1666.9321,2.8680642,1669.8373,0.0
18,0.5029106743894741,0.46048426615217297,0.0,0.0,0,0,1666.6666,4.4027357,1671.3883,0.0
19,0.4511932696722573,0.4150571154320172,0.0,0.0,0,0,1666.8131,3.7477732,1670.4092,0.0
20,0.49345591871775,0.4536455804528307,0.0633726458058549,0.022000800002770764,0,1,1666.6666,4.1510324,1670.9651,0.0
21,0.4633953019580058,0.4277572697590201,0.0,0.0,0,0,1666.7715,3.6236417,1670.626,0.0
22,0.470391013877315,0.43688970010047185,0.05196680525470754,0.011978212002780708,0,1,1666.8186,2.9775016,1669.688,0.0
23,0.45045564139298605,0.4195988083495119,0.015524716318389099,0.0,0,0,1666.9432,3.4637892,1670.606,0.0
24,0.4575102820790919,0.42714822974897265,0.003963495507563586,0.0,0,0,1666.8397,2.9118152,1670.0029,0.0
25,0.4086354848930459,0.368106605395117,0.0,0.0,0,0,1667.1145,4.1986284,1671.1326,0.0
26,0.5112845036062872,0.47108610623827185,0.0,0.0,0,0,1666.6893,4.4860134,1671.3884,0.0
27,0.49617704887608155,0.4537506406387807,0.0,0.0,0,0,1666.6666,4.083884,1670.9304,0.0
28,0.4390495348447502,0.39824991390109965,0.0,0.0,0,0,1666.8114,3.6728106,1670.4604,0.0
29,0.48286216158014394,0.4479776416837926,0.0,0.0,0,0,1666.6666,3.6386938,1670.5538,0.0
30,0.38027373374656015,0.35027373078641155,0.0649492611871103,0.028908554912808117,0,1,1667.5471,2.7841496,1670.4856,0.0
31,0.4289993492287445,0.3916767386956992,0.0,0.0,0,0,1666.8102,3.2649758,1669.7697,0.0
32,0.5494677521265059,0.5194677491663575,0.12000019475850543,0.07834501346146183,0,1,1666.6947,3.913595,1670.5499,0.0
33,0.4766112917153475,0.443218328241812,0.18847071154256217,0.15263639288001124,0,1,1666.8582,4.193962,1670.8478,0.0
34,0.418376152309068,0.38812191906787236,0.06493436134921993,0.024486103971540274,0,1,1667.4288,2.777613,1670.2362,0.0
35,0.5785075842591068,0.543596200694743,0.08759513289389932,0.050058015534625966,0,1,0.5,3.5796332,4.1122847,0.62745005
36,0.44038325021918756,0.4031421896904523,0.07204696198654177,0.04204695902639356,0,1,1666.7384,3.2378254,1670.0082,0.0
37,0.38418920207521756,0.354189199115069,0.051380435090799335,0.018744879907057695,0,1,1667.5276,2.6375937,1670.1542,0.0
38,0.4079023101889157,0.37743317369276586,0.03484079452608668,0.0,0,0,1667.2393,2.9219046,1670.0422,0.0
39,0.35140798230861287,0.30994039024363784,0.0,0.0,0,0,1666.9122,4.4592457,1671.3049,0.0
40,0.36338456284063453,0.3232419541345325,0.0,0.0,0,0,1666.9625,3.2891145,1670.4557,0.0
41,0.4257095247596886,0.3884547429382625,0.11260118811992212,0.08200440357922731,0,1,1667.1346,3.1001801,1670.2078,0.0
42,0.49021519544170455,0.45749021065989826,0.05988501427874674,0.0296949348717773,0,1,1666.8383,2.923849,1669.9778,0.0
43,0.4675374977420455,0.42806683714738414,0.10308146053801957,0.07010711381310596,0,1,1666.8087,3.630033,1670.6,0.0
44,0.4665633847672589,0.428790427780191,0.0,0.0,0,0,1666.6973,3.6327124,1670.3385,0.0
45,0.40191400178988607,0.36712230513119626,0.0,0.0,0,0,1667.002,2.7049234,1669.5591,0.0
46,0.5045485031258335,0.4693624284577905,0.054467695982363416,0.02446769302221517,0,1,1666.6836,3.9645755,1670.4882,0.0
47,0.4590557847091316,0.4290557817489834,0.07798620724484184,0.03665750391332345,0,1,1666.9187,3.3142247,1670.3481,0.0
48,0.4996397029136848,0.45945861610603156,0.11466353856420211,0.07301658737305913,0,1,1666.6666,4.280911,1670.9067,0.0
49,0.3645907557385666,0.32706230169736433,0.0,0.0,0,0,1667.3821,3.331162,1670.8643,0.0
50,0.40892912254914315,0.36909768715778307,0.0,0.0,0,0,1667.023,3.6991518,1670.499,0.0
51,0.5118038950876673,0.4811680592337845,0.09898760704796672,0.06429590661467977,0,1,1666.6685,3.3735685,1669.9917,0.0
52,0.3861199660419303,0.34854511307279784,0.0,0.0,0,0,1666.9293,3.780795,1670.7274,0.0
53,0.47386685935359674,0.439902946137652,0.09198971579063198,0.0517883412457838,0,1,1666.8777,3.1968856,1670.293,0.0
54,0.46901074875390675,0.4267834125052206,0.0,0.0,0,0,1666.6666,4.8617177,1671.7771,0.0
55,0.48459353799390187,0.4545935350337531,0.12493992511105699,0.0825135168737559,0,1,1667.052,3.8387237,1670.7588,0.0
56,0.46379476124790703,0.432289975292968,0.01840870406614748,0.0,0,0,1666.8047,2.9045482,1669.9976,0.0
57,0.44939970436550636,0.41592559456481537,0.023309601290710802,0.0,0,0,1666.8499,2.9460921,1669.982,0.0
58,0.5027906429226351,0.47017769706643,0.0,0.0,0,0,1666.771,3.5655186,1670.3359,0.0
59,0.46926366738228353,0.4367719901814412,0.09667673262842645,0.06178105774627607,0,1,1666.867,3.8266613,1670.5588,0.0
60,0.4486556717014805,0.4094185083935875,0.008677204820041168,0.0,0,0,1666.7411,2.942835,1669.6753,0.0
61,0.5054824734686068,0.46600166587627945,0.10405994093026205,0.06652573204833345,0,1,1666.6666,4.148128,1670.758,0.0
62,0.4416337460795965,0.40848270776827367,0.03411149076348423,0.004111487803335357,0,0,1666.9438,3.0344932,1669.6774,0.0
63,0.48886613171316984,0.4547559542086731,0.07536080849354924,0.04536080553340045,0,1,1666.7151,3.3939753,1669.939,0.0
64,0.4993377161934498,0.46897018915861044,0.025417537270881554,0.0,0,0,1666.7336,3.7887459,1670.4314,0.0
65,0.37183767202676093,0.34127354795732817,0.0,0.0,0,0,1667.4176,3.0171156,1670.4879,0.0
66,0.4660716904458687,0.4331482478291221,0.0,0.0,0,0,1666.7914,2.9975917,1669.7041,0.0
67,0.5098657101638978,0.47985801481065904,0.1895179418167501,0.153908778467061,0,1,1666.7465,4.777361,1671.2935,0.0
68,0.5307789061783361,0.49471361646243595,0.15543147874090749,0.12543147578075972,0,1,1666.6666,4.0966067,1670.827,0.0
69,0.42662203593600356,0.38968583873404866,0.03596597755955866,0.0,0,0,1666.9423,2.8085876,1669.5427,0.0
70,0.4700567098840047,0.43169807934051896,0.07097593527603596,0.032693131337775405,0,1,1666.703,3.4114106,1669.8665,0.0
71,0.37325105219960425,0.3395730048770966,0.053599500665085564,0.014532801330625844,0,1,1667.5967,2.7381575,1670.4248,0.0
72,0.45719231076655403,0.42408984416869844,0.06930614673434295,0.036446479398126286,0,1,1666.8005,3.1640828,1670.0449,0.0
73,0.4250400814195137,0.388187528291104,0.03154278545107392,0.0,0,0,1666.9254,2.9688241,1670.0051,0.0
74,0.5423202075919191,0.5040270591461753,0.0,0.0,0,0,0.0,4.6094365,4.4360666,0.21323413
75,0.4594719825420814,0.4216033301568144,0.0,0.0,0,0,1666.8508,3.114256,1670.143,0.0
76,0.6081350591221473,0.5781350561619988,0.13987589368927913,0.10611715260688541,0,1,1666.6666,5.308737,1671.6371,0.0
77,0.40132919575737147,0.3685074799146484,0.015056037294887904,0.0,0,0,1667.1849,3.0568426,1670.269,0.0
78,0.5004990529606335,0.46927740373643506,0.15667445548388637,0.12667445252373785,0,1,1666.7721,3.9916644,1670.7443,0.0
79,0.46416520416423857,0.42550177592355787,0.017368755463995685,0.0,0,0,1666.8397,4.1119304,1671.0165,0.0
80,0.4936379169334562,0.4548513533486994,0.052996439314648924,0.013584042218237613,0,1,1666.6902,3.4877822,1669.946,0.0
81,0.44374913889645123,0.413749135936303,0.028245809345261108,0.0,0,0,1667.0867,2.4612663,1669.794,0.0
82,0.5167623556949619,0.4823215341119736,0.044632564564015986,0.004621793357785897,0,0,1666.6666,3.2934434,1670.0133,0.0
83,0.5198973933562452,0.48516755457177213,0.0,0.0,0,0,1666.702,4.9022384,1671.7152,0.0
84,0.4254636011213001,0.38961032316156224,0.04961187745448825,0.016172272718858766,0,0,1666.9463,2.801694,1669.9626,0.0
85,0.46307923694929054,0.42924430219799714,0.044173085384387356,0.004927088649118616,0,0,1666.8862,3.0667796,1670.2191,0.0
86,0.5389617238905123,0.4968743706464804,0.0,0.0,0,0,1666.6666,4.5226955,1671.2706,0.0
87,0.4750982970816839,0.4435562921441985,0.07502478130004242,0.03736477470271282,0,1,1666.8795,3.183645,1670.1422,0.0
88,0.5153493297459583,0.48534932678581016,0.14199339555035717,0.10054585247981329,0,1,1666.7766,4.5274496,1670.9272,0.0
89,0.40593252786537304,0.3643690941413495,0.0,0.0,0,0,1666.8472,4.344399,1671.5865,0.0
90,0.6005636272449667,0.5705636035373901,0.15650959312498514,0.11801522427597104,0,1,1666.6666,4.5589857,1671.354,0.0
91,0.5205536586092883,0.48435552856059283,0.08671915748119854,0.05100151832257804,0,1,1666.6666,3.537282,1670.0215,0.0
92,0.425839860183794,0.38983735787570584,0.0,0.0,0,0,1666.9225,4.0418158,1670.9464,0.0
93,0.4816540232869211,0.44938860639357503,0.11210660792296423,0.07506335615339754,0,1,1666.758,3.3558102,1669.871,0.0
94,0.5043933547595244,0.46863754642824307,0.03568983565853381,0.004454117737742512,0,0,1666.6666,3.3479676,1670.0149,0.0
95,0.4425120043668463,0.4104380044304213,0.023855547212612294,0.0,0,0,1666.9979,2.9798691,1670.2185,0.0
96,0.5210728994582963,0.4861155012852891,0.08655584753562523,0.056555844575477465,0,1,1666.6666,4.1553574,1670.4967,0.0
97,0.4150294146726264,0.37908495030959627,0.0,0.0,0,0,1666.8763,3.17375,1670.2344,0.0
98,0.42507534229183086,0.3950753393316824,0.0,0.0,0,0,1667.0475,3.0145888,1670.405,0.0
99,0.5001827351485597,0.4701827321884112,0.12147642536730442,0.0790500171300043,0,1,1666.792,3.7793155,1670.4178,0.0
100,0.5521832386505119,0.5185939104326625,0.03507754482858374,0.005077541868435602,0,0,1666.6666,4.011165,1670.6901,0.0
101,0.44765387600244966,0.4166231545929602,0.05686865207820091,0.019078425865950644,0,1,1667.0828,3.3385417,1670.6248,0.0
102,0.48950474616352685,0.45320106070348,0.0,0.0,0,0,1666.702,3.8240225,1670.5764,0.0
103,0.4970827296111685,0.46703574881968024,0.07327093499138031,0.04280616827967466,0,1,1666.7976,3.8917952,1670.9784,0.0
104,0.4255624362859126,0.3923499323715799,0.0,0.0,0,0,1666.8988,3.4559178,1670.2524,0.0
105,0.46592677152053213,0.4259361418478907,0.0,0.0,0,0,1666.6996,2.8544452,1669.588,0.0
106,0.519547663413925,0.48729268898207734,0.21430140769445505,0.18273666031460667,0,1,1666.6788,4.498623,1671.3375,0.0
107,0.4988902731575463,0.45979294784269475,0.0,0.0,0,0,1666.6666,3.1214786,1669.5358,0.0
108,0.4236009293426247,0.38215029038299697,0.0,0.0,0,0,1666.7335,3.723297,1670.5116,0.0
109,0.4995894172475096,0.4639553736942263,0.08863093971053004,0.05051420021188413,0,1,1666.6975,3.375449,1670.2037,0.0
110,0.4512375103232566,0.4144078556485525,0.0,0.0,0,0,1666.9817,4.0006666,1670.9717,0.0
111,0.4479531794835496,0.4099116930035031,0.0,0.0,0,0,1666.8298,3.5180655,1670.2826,0.0
112,0.4357346889625691,0.3981279982173383,0.006853456401450682,0.0,0,0,1666.8344,3.0237715,1669.8708,0.0
113,0.41231255667818434,0.3823125537180355,0.009303791571410258,0.0,0,0,1667.1641,2.595265,1669.9104,0.0
114,0.41661396515437715,0.38628014372270014,0.07570193556980254,0.03611382823921172,0,1,1667.3005,3.3154502,1670.4191,0.0
115,0.48340392019623235,0.45263168232955114,0.020771353474336784,0.0,0,0,1666.7947,3.17198,1670.0481,0.0
116,0.33595398248655617,0.2935275742492552,0.0,0.0,0,0,1667.0491,3.9629698,1671.118,0.0
117,0.28899600398777264,0.2542167894122303,0.0,0.0,0,0,1667.8138,3.105427,1670.8424,0.0
118,0.4955822456525736,0.4541348228623357,0.0,0.0,0,0,1666.6666,3.773226,1670.3158,0.0
119,0.4656302976492875,0.42515586144374,0.0,0.0,0,0,1666.6666,4.329605,1670.9506,0.0
120,0.43237640815065126,0.3929805137634789,0.0,0.0,0,0,1666.7218,3.9063277,1670.7585,0.0
121,0.4612151310530435,0.4308424747788359,0.04233155286692965,0.012331549906781187,0,0,1666.9886,3.4633636,1670.4996,0.0
122,0.5207218605301966,0.4900328174715439,0.09259229878515196,0.05424352348180417,0,1,1666.6666,3.4426718,1670.2054,0.0
123,0.5066105405161028,0.46843852507119804,0.1173427672097884,0.08734276424964003,0,1,1666.7074,4.142869,1671.111,0.0
124,0.3989756322339993,0.36304754031993824,0.06688408116500563,0.029973166202512225,0,1,1667.0315,2.9468727,1669.9934,0.0
125,0.49527399101926245,0.4613797171023773,0.0,0.0,0,0,1666.6666,3.191606,1669.9271,0.0
126,0.44206895785778383,0.4044811803910341,0.0,0.0,0,0,1666.7388,3.8096776,1670.9349,0.0
127,0.3996435581431733,0.36082079852544985,0.0,0.0,0,0,1666.8243,4.0160522,1670.8738,0.0
128,0.43640629428617,0.39563003058785146,0.0,0.0,0,0,1666.8185,3.455745,1670.2539,0.0
129,0.4841324707743016,0.4422981941799822,0.011343986288246356,0.0,0,0,1666.6667,4.319293,1670.8915,0.0
130,0.4721326410451436,0.43256946645461425,0.02451094894291206,0.0,0,0,1666.6738,3.1468081,1669.7932,0.0
131,0.473766628535299,0.4364971701280555,0.03977245779088978,0.00329097288922231,0,0,1666.7112,3.3589904,1669.7156,0.0
132,0.4154581233146801,0.37329413170963277,0.0,0.0,0,0,1666.7842,3.4671412,1670.5516,0.0
133,0.451101544750171,0.41436522277720533,0.05982300535331825,0.029375919411580215,0,1,1666.8724,3.440545,1670.4227,0.0
134,0.434806673785094,0.3956424884434713,0.0,0.0,0,0,1666.7554,3.7186425,1670.2257,0.0
135,0.412129841332297,0.3727612578776881,0.06460123131677875,0.028725986789623903,0,1,1666.8202,2.869167,1669.6809,0.0
136,0.5009910695257458,0.4709910665655969,0.1136095624361122,0.07180809046782421,0,1,1666.935,3.317213,1670.116,0.0
137,0.452035527088104,0.4126346560709519,0.0,0.0,0,0,1666.7247,3.6882653,1670.2303,0.0
138,0.5054650220978851,0.4754650191377366,0.03213699102375944,0.0,0,0,1666.7545,3.2435217,1669.8394,0.0
139,0.36917416491851757,0.3334931129652464,0.031776760474271804,0.0,0,0,1667.4763,2.6893213,1670.3612,0.0
140,0.5021974562883238,0.4721974533281757,0.09924029237749465,0.06334703276763924,0,1,1666.8315,3.5953314,1670.8313,0.0
141,0.45574050893317536,0.42574050597302704,0.08274168447582042,0.04163229849906269,0,1,1667.084,3.1450157,1670.5037,0.0
142,0.4258220341748978,0.39163271126056914,0.052449980557222275,0.011649522086797148,0,1,1666.9482,2.5218408,1669.4734,0.0
143,0.578829699682945,0.5408198685956451,0.09043446221135071,0.06043445925120268,0,1,0.0,4.7000175,4.525937,0.15803596
144,0.4504766108215236,0.4204766078613746,0.07938621909432353,0.039072727459490864,0,1,1667.1915,3.078036,1670.6367,0.0
145,0.4142068258678911,0.3767831836547832,0.06018625606310188,0.029717126227097667,0,1,1666.9644,3.0571618,1670.1024,0.0
146,0.44165055850487,0.4074605087313149,0.0,0.0,0,0,1666.9633,3.2819824,1670.1624,0.0
147,0.4472313379644585,0.4085150159726012,0.025089661416863862,0.0,0,0,1666.8024,3.4162002,1670.4313,0.0
148,0.5739365603215064,0.5397751158568677,0.042932912468142105,0.012932909507994519,0,0,1666.6666,3.9658446,1670.8011,0.0
149,0.5478268472972773,0.5175454068543446,0.1365158958334578,0.10160010976704367,0,1,1666.6666,4.3587756,1670.9957,0.0
150,0.4191134483266704,0.37933814198372273,0.0,0.0,0,0,1666.9055,3.5548234,1670.7052,0.0
151,0.5674144642348491,0.5319463912084286,0.11969069156969102,0.07865140977937361,0,1,1666.6666,4.586232,1671.3418,0.0
152,0.440364656937406,0.404357450154625,0.0,0.0,0,0,1666.7654,3.0356467,1669.8982,0.0
153,0.5028848533279815,0.47288485036783323,0.04599394222449331,0.005133279487083975,0,0,1666.7153,3.1284754,1670.0131,0.0
154,0.5096468490258823,0.47396530415273025,0.0,0.0,0,0,1666.6666,3.531396,1670.0092,0.0
155,0.4989128445286379,0.4604813079540963,0.032895252561975674,0.0,0,0,1666.6869,3.3589714,1670.2548,0.0
156,0.5144955748560438,0.47418475932327314,0.0,0.0,0,0,1666.6666,4.7552505,1671.5337,0.0
157,0.4552690814315578,0.4156762014083198,0.0,0.0,0,0,1666.7175,3.7656777,1670.4235,0.0
158,0.4529939011919899,0.4226287290610531,0.018823783589622778,0.0,0,0,1666.8724,2.9855793,1669.5177,0.0
159,0.4088135242943665,0.36872321120917323,0.0,0.0,0,0,1666.9557,3.4120584,1670.2795,0.0
160,0.4532943155965202,0.42182674419587357,0.0,0.0,0,0,1666.935,2.9490068,1669.7852,0.0
161,0.4122670674559762,0.37834829319190977,0.0,0.0,0,0,1666.9335,3.4594302,1670.4333,0.0
162,0.43359417833817737,0.392992116543003,0.10725133991350834,0.07430490050432681,0,1,1666.7296,3.5290973,1670.1158,0.0
163,0.46232917521498124,0.42572726526416765,0.0,0.0,0,0,1666.6978,3.53243,1670.0848,0.0
164,0.4559383621609145,0.41673920294778033,0.0,0.0,0,0,1666.6666,4.2299314,1670.8662,0.0
165,0.3878180536416048,0.3477868861259974,0.0,0.0,0,0,1666.7638,4.3335524,1671.2767,0.0
166,0.45456256808384893,0.41216284974298556,0.07807524514533225,0.0465385045961053,0,1,1666.6738,3.061952,1669.7258,0.0
167,0.41957907857250226,0.3817414478539126,0.029300405469191236,0.0,0,0,1666.8434,2.9007607,1669.6033,0.0
168,0.48098060488407757,0.4410750959561184,0.04699960806511403,0.016999605104965825,0,0,1666.6666,3.7492535,1670.5671,0.0
169,0.5032703399637033,0.4669502714441735,0.04607594005873317,0.005769079792026233,0,0,1666.6666,3.2802346,1669.9475,0.0
170,0.5527475412133591,0.5192067336182362,0.0,0.0,0,0,1666.6666,3.8548005,1670.2838,0.0
171,0.4795938070611219,0.44593131245909795,0.025773770936236673,0.0,0,0,1666.8884,2.9236188,1669.5833,0.0
172,0.5053574634186314,0.47535746045848265,0.10236243558497016,0.06145262444835986,0,1,1666.8527,3.2473521,1670.0869,0.0
173,0.43436305028005234,0.39962468684132224,0.0,0.0,0,0,1667.1467,3.7741568,1670.9338,0.0
174,0.3945080039378242,0.354947258602061,0.0,0.0,0,0,1666.9644,2.6269207,1669.5735,0.0
175,0.5176277231741804,0.47854280844649194,0.041607824925172565,0.002080367510195913,0,0,1666.6666,3.04044,1669.505,0.0
176,0.6734719482917106,0.6434719453315623,0.20636329880752383,0.17162553038075062,0,1,0.5,5.878804,6.0813565,0.0008852294
177,0.42640888028383234,0.38529835698617326,0.0,0.0,0,0,1666.8556,3.727026,1670.636,0.0
178,0.4922478983075384,0.45399241892479314,0.0692550539652706,0.03918902871190721,0,1,1666.6666,3.5562937,1670.1918,0.0
179,0.39846438684397545,0.3571907910282259,0.0,0.0,0,0,1666.7903,3.6392984,1670.3538,0.0
180,0.4394386058318503,0.40075665706579655,0.05223029790710232,0.016911593605185793,0,1,1666.9727,3.1905563,1670.0745,0.0
181,0.497543322373774,0.4561940182337552,0.0,0.0,0,0,1666.6666,3.9260712,1670.8031,0.0
182,0.5207405151907297,0.48530979927412604,0.006489181720380266,0.0,0,0,1666.6666,3.186281,1669.8812,0.0
183,0.4280228628819519,0.38936488653875284,0.04436167490327492,0.008187115507809928,0,0,1666.8057,3.2504992,1669.7997,0.0
184,0.5078934661802715,0.4686273969244015,0.15531649238105313,0.1244439312547278,0,1,1666.6666,4.7358994,1671.001,0.0
185,0.448554117812944,0.4114470632844324,0.025280534975086866,0.0,0,0,1666.7883,2.853615,1670.0297,0.0
186,0.4369081567007843,0.3949449053121364,0.0,0.0,0,0,1666.7241,3.5698829,1670.128,0.0
187,0.4446344551538853,0.4115410205227698,0.029389443141320096,0.0,0,0,1666.9181,3.7408028,1670.5332,0.0
188,0.5785253977436191,0.5456557850166229,0.15269230789588573,0.11176539115268547,0,1,1666.6666,4.196929,1670.8207,0.0
189,0.4677459303151073,0.43042164677358175,0.015990909962552303,0.0,0,0,1666.7411,3.3766925,1669.9307,0.0
190,0.4409115870069707,0.40985121511429395,0.09249630346413193,0.060824654898711236,0,1,1667.0282,3.453186,1670.2286,0.0
191,0.49034353049302853,0.4516389505672156,0.02882606134290779,0.0,0,0,1666.6666,3.0176272,1669.9368,0.0
192,0.512115838422591,0.4821158354624432,0.07274943347378517,0.042099524253915464,0,1,1666.7946,3.6236553,1670.551,0.0
193,0.4548176080370395,0.4194999002290197,0.03381133852503737,0.0,0,0,1666.8868,3.4323564,1670.3322,0.0
194,0.5600587065155574,0.5274856622534284,0.0,0.0,0,0,1666.6666,4.482108,1671.1492,0.0
195,0.35010577947955834,0.3201057765194096,0.009570129081884815,0.0,0,0,1667.9414,2.9293756,1670.8425,0.0
196,0.46461379531849306,0.4235256414974986,0.02830769517906625,0.0,0,0,1666.687,3.583118,1670.4796,0.0
197,0.44503014046518813,0.4063803780654509,0.048130718924784016,0.018130715964635755,0,0,1666.729,3.2321684,1669.8065,0.0
198,0.50097490778124,0.47092405339870325,0.18941993940885948,0.15313261581815674,0,1,1666.808,4.8093014,1671.5275,0.0
199,0.5048119278348896,0.4727733915529613,0.014508970181875469,0.0,0,0,1666.6666,3.186851,1669.9263,0.0
200,0.41149546401585835,0.3714316768991973,0.011727923333465284,0.0,0,0,1666.8116,3.207262,1670.3677,0.0
201,0.5504834080548219,0.5204834050946732,0.16383173319504696,0.12166577842039672,0,1,1666.7535,3.2905629,1670.2932,0.0
202,0.4591496119652923,0.4262122823062352,0.01696073759770009,0.0,0,0,1666.9117,3.4486911,1670.2292,0.0
203,0.4596226815685268,0.41783201843097,0.04464963889631831,0.0022232306590172584,0,0,1666.6831,3.5801144,1670.2468,0.0
204,0.4588324286529204,0.42036557932326224,0.01661120291168494,0.0,0,0,1666.736,3.2575276,1670.171,0.0
205,0.42970358929931435,0.395844812539201,0.052252466633413874,0.015949620204235616,0,1,1666.9252,2.8985686,1669.8301,0.0
206,0.5207842248180875,0.48893411328735653,0.0006174739657949746,0.0,0,0,1666.6703,3.9334955,1670.1514,0.0
207,0.3931523727935468,0.3536345784614946,0.032110216608921126,0.001128061865793839,0,0,1667.033,2.9082763,1669.6372,0.0
208,0.49362380240675746,0.4636237994466089,0.060363693453028056,0.01793775312389645,0,1,1666.7717,2.8741243,1669.7783,0.0
209,0.4700135188464004,0.43022531508740286,0.0336511846999068,0.0,0,0,1666.7366,3.1836863,1669.899,0.0
210,0.5402181941849203,0.5102181912247714,0.022428402361991395,0.0,0,0,1666.6666,3.1385663,1669.9534,0.0
211,0.46364212605264027,0.42362884163214415,0.026567001625718612,0.0,0,0,1666.7203,3.1535327,1670.0499,0.0
212,0.49175981391806917,0.4531137372725734,0.013126229754911603,0.0,0,0,1666.6666,3.4878592,1670.1144,0.0
213,0.48996404650438735,0.45569051601399146,0.05952754139987082,0.021683751231162063,0,1,1666.729,2.9637973,1669.7482,0.0
214,0.4593570106837191,0.4293570077235709,0.20833328058721937,0.16614837613179315,0,1,1667.4294,4.178582,1671.6946,0.0
215,0.5421782260738623,0.5121782231137135,0.11773106316726967,0.0786688211714539,0,1,1666.6868,4.007021,1670.4956,0.0
216,0.4090765767989659,0.3790765738388178,0.13373858674836922,0.10373858378822014,0,1,1667.3818,3.0810452,1670.838,0.0
217,0.5152883887827805,0.48303200290517734,0.03236289183684349,0.0,0,0,1666.6898,3.278179,1669.902,0.0
218,0.4860365950857008,0.44361018684839987,0.0,0.0,0,0,1666.6666,5.40143,1672.156,0.0
219,0.5475493397487418,0.5156241074344632,0.1397159119046103,0.09810226220517304,0,1,1666.6818,4.0733967,1670.6455,0.0
220,0.5170362232817589,0.4771393147045968,0.0,0.0,0,0,1666.6666,4.0379763,1670.8029,0.0
221,0.49769699953319935,0.4600034575219154,0.024131274731366663,0.0,0,0,1666.6882,3.7201374,1670.4843,0.0
222,0.4662299869059428,0.4277349024911241,0.0565545250345002,0.02382488082576014,0,1,1666.7401,3.1512926,1670.031,0.0
223,0.4406441139505441,0.399134446485527,0.0,0.0,0,0,1666.6862,4.0461407,1670.596,0.0
224,0.48332556854295144,0.45041185076569124,0.045465883416615595,0.014407934691069048,0,0,1666.8729,3.250047,1670.4131,0.0
225,0.34146925552884694,0.30411021153926443,0.0,0.0,0,0,1667.4075,3.0977976,1670.7717,0.0
226,0.39480520167517147,0.35251435457366076,0.0,0.0,0,0,1666.9009,3.669271,1670.5957,0.0
227,0.49377189295565854,0.45823405547450985,0.19121713640911406,0.1551323212094989,0,1,1666.838,3.815392,1670.4333,0.0
228,0.4931722010656144,0.45473296796201695,0.042167271806078155,0.007809970314377246,0,0,1666.7262,3.599634,1669.952,0.0
229,0.5424289983373013,0.5124289953771529,0.16519554888015264,0.12812955924100145,0,1,1666.7958,4.1584816,1671.041,0.0
230,0.4590435884889459,0.4170109652984136,0.0,0.0,0,0,1666.667,4.5830183,1671.3624,0.0
231,0.40496534870548745,0.368049340566099,0.0,0.0,0,0,1666.9896,3.710404,1670.7434,0.0
232,0.3331051905800772,0.30083799843304987,0.0,0.0,0,0,1667.701,3.865985,1671.5392,0.0
233,0.42487609647253116,0.3899704507073617,0.0,0.0,0,0,1666.8318,3.1725528,1670.2314,0.0
234,0.5289166898575729,0.4989166868974245,0.1138865437589533,0.07149608838412437,0,1,1666.7102,4.3766675,1670.9043,0.0
235,0.4279069194384426,0.3974445440326223,0.0,0.0,0,0,1666.9961,3.0275302,1669.9102,0.0
236,0.405223460086045,0.3723881198271592,0.10048028348950577,0.06064476772099011,0,1,1667.267,2.8626466,1670.2775,0.0
237,0.34662652537047994,0.31611912360686456,0.0,0.0,0,0,1667.652,3.5188932,1670.9639,0.0
238,0.5111175255609586,0.47623868755348825,0.09060692472307963,0.05043665725715574,0,1,1666.6666,3.5155022,1670.1782,0.0
239,0.4979101401808546,0.4590187303411756,0.0349488712293482,0.0,0,0,1666.6666,4.0548153,1671.0216,0.0
240,0.4332752064657517,0.39280971782578494,0.0,0.0,0,0,1666.837,4.010561,1671.0804,0.0
241,0.41284420548294937,0.37478970215034896,0.0,0.0,0,0,1667.0123,3.3535814,1670.397,0.0
242,0.4691111936080881,0.43521658202316155,0.0,0.0,0,0,1666.8405,3.563875,1670.4587,0.0
243,0.41838613108995404,0.37726025175914163,0.0,0.0,0,0,1666.8127,3.448862,1670.0393,0.0
244,0.48880103508968514,0.4553521785754181,0.11082410648519352,0.07421515866206677,0,1,1666.6788,3.9450774,1670.3334,0.0
245,0.364656306475275,0.334656303515127,0.009896795394700675,0.0,0,0,1667.922,2.4449825,1670.2498,0.0
246,0.5560132709707838,0.5208358203296094,0.04060828649942071,0.010608283539272446,0,0,1666.6666,4.0547705,1670.7919,0.0
247,0.5461849857685065,0.5142639121031289,0.111280757671824,0.07218675646347528,0,1,1666.6666,3.841439,1670.6321,0.0
248,0.4922199033735987,0.45928324888194727,0.039125866705043616,0.005104263993056631,0,0,1666.7448,3.071357,1669.5953,0.0
249,0.4190896777049669,0.38249124301002807,0.17376759809413703,0.14287982539727934,0,1,1666.9966,3.1493447,1670.1888,0.0
250,0.41893193483453467,0.37959963439350164,0.0,0.0,0,0,1666.9331,3.6848135,1670.618,0.0
251,0.4048532056147615,0.36461975333104985,0.0,0.0,0,0,1666.8392,3.492512,1670.1194,0.0
252,0.48534716612826867,0.45534716316812046,0.0,0.0,0,0,1666.7126,2.8214493,1669.4257,0.0
253,0.5402840474373417,0.5102840444771931,0.06294588269676993,0.026640303433414836,0,1,1666.7233,3.574529,1670.5328,0.0
254,0.40967241189391107,0.37389528235769265,0.02195518500298233,0.0,0,0,1667.0059,3.8375232,1670.7963,0.0
255,0.42985174165591283,0.39317043938550517,0.01138675787587015,0.0,0,0,1666.8958,2.9442265,1669.8396,0.0
256,0.5020364458933081,0.4697496512113358,0.08772162689114894,0.055656214491338396,0,1,1666.6666,3.6714249,1670.1931,0.0
257,0.4172404478714729,0.3872404449113246,0.02884679717630334,0.0,0,0,1667.3221,2.9302022,1670.1517,0.0
258,0.4620404932346708,0.4266830476168738,0.12735431102643818,0.08721002189208452,0,1,1666.8569,3.8207188,1670.6675,0.0
259,0.5004453077206826,0.4672026296816264,0.0,0.0,0,0,1666.6666,3.1389732,1669.7848,0.0
260,0.4440277364982031,0.41402773353805433,0.11878552394973366,0.07814092740142828,0,1,1666.9865,3.6823604,1670.7656,0.0
261,0.5540511777941782,0.5207964361540104,0.0,0.0,0,0,1666.6666,4.110982,1670.7655,0.0
262,0.3954819548526072,0.3626893634258199,0.09554830601129352,0.05961626461770421,0,1,1667.2614,2.6853337,1670.0966,0.0
263,0.3791810863387659,0.3491810833786177,0.0,0.0,0,0,1667.3652,2.5859911,1669.8783,0.0
264,0.4255360209112232,0.38611566338773484,0.0011966089479029662,0.0,0,0,1666.8279,3.0365987,1669.9143,0.0
265,0.4325113787125857,0.3942055691500272,0.0,0.0,0,0,1666.7765,3.3925555,1670.0038,0.0
266,0.49752668867645267,0.4609632444120553,0.047694875151147204,0.015364246312962607,0,0,1666.6666,3.7761574,1670.2267,0.0
267,0.5023039910956164,0.4631745701802121,0.00377225717953702,0.0,0,0,1666.6696,3.6360805,1670.174,0.0
268,0.4487227978747456,0.4062965999764554,0.00701528263490836,0.0,0,0,1666.7258,3.2550576,1670.0898,0.0
269,0.5191542799391009,0.4891542769789529,0.03730572745450189,0.0,0,0,1666.7164,3.0235894,1669.7281,0.0
270,0.5400958541847318,0.5005956627648886,0.07102800519313764,0.04102800223298932,0,1,1666.6666,3.714835,1670.306,0.0
271,0.46336031060018124,0.4272637393121978,0.08121908291214347,0.04809160290365444,0,1,1666.7599,3.718361,1670.1875,0.0
272,0.45764276050256636,0.42764275754241804,0.07884847005814251,0.043332028961485136,0,1,1667.2332,3.1372712,1670.4313,0.0
273,0.5081265946268355,0.4729229049496448,0.0030180409868821164,0.0,0,0,1666.6666,3.1804967,1669.4646,0.0
274,0.5018260036978534,0.4703803772775285,0.00826750382289454,0.0,0,0,1666.788,3.662764,1670.5253,0.0
275,0.4440985764772823,0.4028257637088752,0.0,0.0,0,0,1666.6666,5.070304,1671.9628,0.0
276,0.46499678288798574,0.4230361041060336,0.0,0.0,0,0,1666.6818,4.054681,1670.5776,0.0
277,0.49516194729924934,0.4621298808055906,0.05565685317314539,0.015049337145384811,0,1,1666.6941,3.7425632,1670.2811,0.0
278,0.45485078776228693,0.4196934852489178,0.0,0.0,0,0,1666.7605,2.9188933,1669.5594,0.0
279,0.5106117076371889,0.47539015551753533,0.009736421270454265,0.0,0,0,1666.7565,4.5070424,1671.4209,0.0
280,0.44302048425570434,0.4014978750667211,0.0,0.0,0,0,1666.6808,3.0179048,1669.6213,0.0
281,0.37133833983406467,0.3358397437303577,0.0,0.0,0,0,1667.1069,3.7124214,1670.7927,0.0
282,0.5137800925529964,0.4814092560097496,0.05389294699767966,0.013340530708869203,0,1,1666.6666,3.4245148,1670.1842,0.0
283,0.4041809792289122,0.37261153817241244,0.0,0.0,0,0,1667.1295,2.7283013,1669.7012,0.0
284,0.4649862441816874,0.42258569474383934,0.0,0.0,0,0,1666.6667,4.2682214,1671.1449,0.0
285,0.3495540497136294,0.31316143126199075,0.01126419500215281,0.0,0,0,1667.4452,2.5616992,1670.0691,0.0
286,0.44096548506736233,0.4031635779987177,0.02603365023361981,0.0,0,0,1666.8092,3.1468449,1669.958,0.0
287,0.4273904832853492,0.3941164871573918,0.04758342972890084,0.00856369652372635,0,0,1667.2284,2.8914077,1670.1249,0.0
288,0.4438423587819831,0.4138423558218348,0.0,0.0,0,0,1667.1542,2.894152,1669.9015,0.0
289,0.4282507903437126,0.39015761318032754,0.0,0.0,0,0,1666.8823,2.8031788,1669.7247,0.0
290,0.4234358471375691,0.3868524113869752,0.0680342459463558,0.038034242986207355,0,1,1666.9049,3.6370447,1670.5833,0.0
291,0.3749439218778777,0.34032259882191573,0.04954712645875148,0.012120926068969418,0,0,1667.3682,2.7732792,1670.4404,0.0
292,0.42865747003776583,0.3952633489770895,0.0,0.0,0,0,1666.9247,3.1659694,1670.1932,0.0
293,0.45714191950769645,0.41951297535715504,0.007343474200536271,0.0,0,0,1666.8413,3.6050634,1670.6536,0.0
294,0.38966692735213204,0.3514068875486805,0.1274570803703865,0.09067014187686162,0,1,1667.0994,2.976807,1670.1559,0.0
295,0.5262750724906335,0.4962750695304847,0.17873121280533413,0.14081714617355526,0,1,1666.7948,4.043487,1671.05,0.0
296,0.4527293038353244,0.417081438096397,0.07719983463268765,0.034982375695701506,0,1,1666.9192,3.4118533,1670.4792,0.0
297,0.46722525750400756,0.43722525454385874,0.10363833057933215,0.07363832761918372,0,1,1666.9868,3.5200937,1670.2029,0.0
298,0.49039182566029743,0.4537673821686325,0.03453169702512948,0.00010414598065141798,0,0,1666.6666,3.479444,1670.0792,0.0
299,0.41059365679094895,0.37542710339515367,0.0,0.0,0,0,1667.0608,3.6523118,1670.9808,0.0
