topic,bag_record_ns,vx,vy,wz,recorder_clock_before_ns,recorder_clock_after_ns
/cmd_vel_nav,1791198872208004441,0.0452764630317688,-0.005133518483489752,0.01937837153673172,1226000000,1227000000
/cmd_vel_nav,1791198872306983326,0.12915346026420593,-0.00014514965005218983,0.14975766837596893,1325000000,1326000000
/cmd_vel_nav,1791198872397177526,0.20613029599189758,-0.006878023035824299,0.14523236453533173,1416000000,1417000000
/cmd_vel,1791198872434919059,0.05,-0.006878023035824299,0.1,1453000000,1454000000
/simulation/chassis/cmd_vel,1791198872435081586,0.05,-0.006878023035824299,0.1,1453000000,1454000000
/cmd_vel,1791198872484829514,0.1,-0.006878023035824299,0.14523236453533173,1503000000,1504000000
/simulation/chassis/cmd_vel,1791198872484957272,0.1,-0.006878023035824299,0.14523236453533173,1503000000,1504000000
/cmd_vel_nav,1791198872496677732,0.3559567928314209,-0.03275151550769806,0.2735048532485962,1515000000,1516000000
/cmd_vel,1791198872534880162,0.15000000000000002,-0.03275151550769806,0.24523236453533173,1553000000,1554000000
/simulation/chassis/cmd_vel,1791198872535104471,0.15000000000000002,-0.03275151550769806,0.24523236453533173,1553000000,1554000000
/cmd_vel,1791198872584832130,0.2,-0.03275151550769806,0.2735048532485962,1603000000,1604000000
/simulation/chassis/cmd_vel,1791198872584933557,0.2,-0.03275151550769806,0.2735048532485962,1603000000,1604000000
/cmd_vel_nav,1791198872597201094,0.47156822681427,-0.08045919984579086,0.2955434322357178,1616000000,1617000000
/cmd_vel,1791198872634868385,0.25,-0.08045919984579086,0.2955434322357178,1653000000,1654000000
/simulation/chassis/cmd_vel,1791198872634993072,0.25,-0.08045919984579086,0.2955434322357178,1653000000,1654000000
/cmd_vel,1791198872684869267,0.3,-0.08045919984579086,0.2955434322357178,1703000000,1704000000
/simulation/chassis/cmd_vel,1791198872685048007,0.3,-0.08045919984579086,0.2955434322357178,1704000000,1705000000
/cmd_vel_nav,1791198872696889438,0.5426231026649475,-0.11914022266864777,0.24620914459228516,1715000000,1716000000
/cmd_vel,1791198872734869849,0.35,-0.11914022266864777,0.24620914459228516,1753000000,1754000000
/simulation/chassis/cmd_vel,1791198872734961480,0.35,-0.11914022266864777,0.24620914459228516,1753000000,1754000000
/cmd_vel,1791198872784850500,0.39999999999999997,-0.11914022266864777,0.24620914459228516,1803000000,1804000000
/simulation/chassis/cmd_vel,1791198872784995327,0.39999999999999997,-0.11914022266864777,0.24620914459228516,1803000000,1804000000
/cmd_vel_nav,1791198872796828135,0.5484316945075989,-0.13471315801143646,0.1276220977306366,1815000000,1816000000
/cmd_vel,1791198872834835102,0.44999999999999996,-0.13471315801143646,0.14620914459228515,1853000000,1854000000
/simulation/chassis/cmd_vel,1791198872834956948,0.44999999999999996,-0.13471315801143646,0.14620914459228515,1853000000,1854000000
/cmd_vel,1791198872884862749,0.49999999999999994,-0.13471315801143646,0.1276220977306366,1903000000,1904000000
/simulation/chassis/cmd_vel,1791198872884933347,0.49999999999999994,-0.13471315801143646,0.1276220977306366,1903000000,1904000000
/cmd_vel_nav,1791198872896747777,0.5109236836433411,-0.11592184752225876,-0.008500684052705765,1915000000,1916000000
/cmd_vel,1791198872934860565,0.5109236836433411,-0.11592184752225876,0.02762209773063659,1953000000,1954000000
/simulation/chassis/cmd_vel,1791198872935022811,0.5109236836433411,-0.11592184752225876,0.02762209773063659,1954000000,1955000000
/cmd_vel,1791198872984826882,0.5109236836433411,-0.11592184752225876,-0.008500684052705765,2003000000,2004000000
/simulation/chassis/cmd_vel,1791198872984939678,0.5109236836433411,-0.11592184752225876,-0.008500684052705765,2004000000,2005000000
/cmd_vel_nav,1791198872996928799,0.4686124324798584,-0.08327819406986237,-0.12279869616031647,2015000000,2016000000
/cmd_vel,1791198873034922858,0.4686124324798584,-0.08327819406986237,-0.10850068405270577,2053000000,2054000000
/simulation/chassis/cmd_vel,1791198873035288941,0.4686124324798584,-0.08327819406986237,-0.10850068405270577,2054000000,2055000000
/cmd_vel,1791198873084875622,0.4686124324798584,-0.08327819406986237,-0.12279869616031647,2103000000,2104000000
/simulation/chassis/cmd_vel,1791198873084953208,0.4686124324798584,-0.08327819406986237,-0.12279869616031647,2103000000,2104000000
/cmd_vel_nav,1791198873097009959,0.4392857253551483,-0.04138908162713051,-0.19228149950504303,2115000000,2116000000
/cmd_vel,1791198873134825295,0.4392857253551483,-0.04138908162713051,-0.19228149950504303,2153000000,2154000000
/simulation/chassis/cmd_vel,1791198873134922385,0.4392857253551483,-0.04138908162713051,-0.19228149950504303,2153000000,2154000000
/cmd_vel,1791198873184838109,0.4392857253551483,-0.04138908162713051,-0.19228149950504303,2203000000,2204000000
/simulation/chassis/cmd_vel,1791198873184970391,0.4392857253551483,-0.04138908162713051,-0.19228149950504303,2203000000,2204000000
/cmd_vel_nav,1791198873196771291,0.4269483685493469,-0.006726503372192383,-0.21394595503807068,2215000000,2216000000
/cmd_vel,1791198873234831896,0.4269483685493469,-0.006726503372192383,-0.21394595503807068,2253000000,2254000000
/simulation/chassis/cmd_vel,1791198873234987207,0.4269483685493469,-0.006726503372192383,-0.21394595503807068,2253000000,2254000000
/cmd_vel,1791198873284881732,0.4269483685493469,-0.006726503372192383,-0.21394595503807068,2303000000,2304000000
/simulation/chassis/cmd_vel,1791198873285049161,0.4269483685493469,-0.006726503372192383,-0.21394595503807068,2303000000,2304000000
/cmd_vel_nav,1791198873296883269,0.43718671798706055,-0.0033841573167592287,-0.2244894653558731,2315000000,2316000000
/cmd_vel,1791198873334956076,0.43718671798706055,-0.0033841573167592287,-0.2244894653558731,2353000000,2354000000
/simulation/chassis/cmd_vel,1791198873335005050,0.43718671798706055,-0.0033841573167592287,-0.2244894653558731,2353000000,2354000000
/cmd_vel,1791198873384838252,0.43718671798706055,-0.0033841573167592287,-0.2244894653558731,2403000000,2404000000
/simulation/chassis/cmd_vel,1791198873384953143,0.43718671798706055,-0.0033841573167592287,-0.2244894653558731,2403000000,2404000000
/cmd_vel_nav,1791198873396730640,0.4504314661026001,0.0003060076851397753,-0.15976674854755402,2415000000,2416000000
/cmd_vel,1791198873434917127,0.4504314661026001,0.0003060076851397753,-0.15976674854755402,2453000000,2454000000
/simulation/chassis/cmd_vel,1791198873435080100,0.4504314661026001,0.0003060076851397753,-0.15976674854755402,2453000000,2454000000
/cmd_vel,1791198873484827908,0.4504314661026001,0.0003060076851397753,-0.15976674854755402,2503000000,2504000000
/simulation/chassis/cmd_vel,1791198873484966681,0.4504314661026001,0.0003060076851397753,-0.15976674854755402,2503000000,2504000000
/cmd_vel_nav,1791198873496806877,0.4640520513057709,-0.004439076408743858,-0.08435086160898209,2515000000,2516000000
/cmd_vel,1791198873534847607,0.4640520513057709,-0.004439076408743858,-0.08435086160898209,2553000000,2554000000
/simulation/chassis/cmd_vel,1791198873535057743,0.4640520513057709,-0.004439076408743858,-0.08435086160898209,2554000000,2555000000
/cmd_vel,1791198873584833034,0.4640520513057709,-0.004439076408743858,-0.08435086160898209,2603000000,2604000000
/simulation/chassis/cmd_vel,1791198873584966136,0.4640520513057709,-0.004439076408743858,-0.08435086160898209,2603000000,2604000000
/cmd_vel_nav,1791198873597305776,0.47538188099861145,-0.0037135842721909285,0.003973518498241901,2616000000,2617000000
/cmd_vel,1791198873634837523,0.47538188099861145,-0.0037135842721909285,0.003973518498241901,2653000000,2654000000
/simulation/chassis/cmd_vel,1791198873634970661,0.47538188099861145,-0.0037135842721909285,0.003973518498241901,2653000000,2654000000
/cmd_vel,1791198873684811814,0.47538188099861145,-0.0037135842721909285,0.003973518498241901,2703000000,2704000000
/simulation/chassis/cmd_vel,1791198873684940755,0.47538188099861145,-0.0037135842721909285,0.003973518498241901,2703000000,2704000000
/cmd_vel_nav,1791198873696837114,0.48410239815711975,-0.011371671222150326,0.07736201584339142,2715000000,2716000000
/cmd_vel,1791198873734870760,0.48410239815711975,-0.011371671222150326,0.07736201584339142,2753000000,2754000000
/simulation/chassis/cmd_vel,1791198873735076724,0.48410239815711975,-0.011371671222150326,0.07736201584339142,2753000000,2754000000
/cmd_vel,1791198873784835335,0.48410239815711975,-0.011371671222150326,0.07736201584339142,2803000000,2804000000
/simulation/chassis/cmd_vel,1791198873784978543,0.48410239815711975,-0.011371671222150326,0.07736201584339142,2803000000,2804000000
/cmd_vel_nav,1791198873817416937,0.48927414417266846,0.001789960078895092,0.18426845967769623,2836000000,2837000000
/cmd_vel,1791198873834843481,0.48927414417266846,0.001789960078895092,0.17736201584339142,2853000000,2854000000
/simulation/chassis/cmd_vel,1791198873834987495,0.48927414417266846,0.001789960078895092,0.17736201584339142,2853000000,2854000000
/cmd_vel,1791198873884839168,0.48927414417266846,0.001789960078895092,0.18426845967769623,2903000000,2904000000
/simulation/chassis/cmd_vel,1791198873884900758,0.48927414417266846,0.001789960078895092,0.18426845967769623,2903000000,2904000000
/cmd_vel_nav,1791198873917287585,0.48540741205215454,-0.0070045022293925285,0.2908127009868622,2936000000,2937000000
/cmd_vel,1791198873934841270,0.48540741205215454,-0.0070045022293925285,0.2842684596776962,2953000000,2954000000
/simulation/chassis/cmd_vel,1791198873934950983,0.48540741205215454,-0.0070045022293925285,0.2842684596776962,2953000000,2954000000
/cmd_vel,1791198873984878644,0.48540741205215454,-0.0070045022293925285,0.2908127009868622,3003000000,3004000000
/simulation/chassis/cmd_vel,1791198873984969317,0.48540741205215454,-0.0070045022293925285,0.2908127009868622,3003000000,3004000000
/cmd_vel_nav,1791198874017156643,0.4882133901119232,-0.0052054994739592075,0.44176846742630005,3036000000,3037000000
/cmd_vel,1791198874034803302,0.4882133901119232,-0.0052054994739592075,0.39081270098686216,3053000000,3054000000
/simulation/chassis/cmd_vel,1791198874034976815,0.4882133901119232,-0.0052054994739592075,0.39081270098686216,3053000000,3054000000
/cmd_vel,1791198874084748445,0.4882133901119232,-0.0052054994739592075,0.44176846742630005,3103000000,3104000000
/simulation/chassis/cmd_vel,1791198874084880349,0.4882133901119232,-0.0052054994739592075,0.44176846742630005,3103000000,3104000000
/cmd_vel_nav,1791198874117386460,0.4883647561073303,-0.001725248177535832,0.5624691247940063,3136000000,3137000000
/cmd_vel,1791198874134866519,0.4883647561073303,-0.001725248177535832,0.5417684674263,3153000000,3154000000
/simulation/chassis/cmd_vel,1791198874135112500,0.4883647561073303,-0.001725248177535832,0.5417684674263,3153000000,3154000000
/cmd_vel,1791198874184847178,0.4883647561073303,-0.001725248177535832,0.5624691247940063,3203000000,3204000000
/simulation/chassis/cmd_vel,1791198874184972753,0.4883647561073303,-0.001725248177535832,0.5624691247940063,3203000000,3204000000
/cmd_vel_nav,1791198874217320670,0.49188032746315,0.014579248614609241,0.6624341011047363,3236000000,3237000000
/cmd_vel,1791198874234856328,0.49188032746315,0.014579248614609241,0.6624341011047363,3253000000,3254000000
/simulation/chassis/cmd_vel,1791198874235029309,0.49188032746315,0.014579248614609241,0.6624341011047363,3253000000,3254000000
/cmd_vel,1791198874284862116,0.49188032746315,0.014579248614609241,0.6624341011047363,3303000000,3304000000
/simulation/chassis/cmd_vel,1791198874284930481,0.49188032746315,0.014579248614609241,0.6624341011047363,3303000000,3304000000
/cmd_vel_nav,1791198874318834053,0.48143163323402405,0.08141417801380157,0.7237741351127625,3337000000,3338000000
/cmd_vel,1791198874334819373,0.48143163323402405,0.06457924861460924,0.7237741351127625,3353000000,3354000000
/simulation/chassis/cmd_vel,1791198874335027610,0.48143163323402405,0.06457924861460924,0.7237741351127625,3353000000,3354000000
/cmd_vel,1791198874384826860,0.48143163323402405,0.08141417801380157,0.7237741351127625,3403000000,3404000000
/simulation/chassis/cmd_vel,1791198874384917302,0.48143163323402405,0.08141417801380157,0.7237741351127625,3403000000,3404000000
/cmd_vel_nav,1791198874417534076,0.4868532717227936,0.12562093138694763,0.7228861451148987,3436000000,3437000000
/cmd_vel,1791198874434842781,0.4868532717227936,0.12562093138694763,0.7228861451148987,3453000000,3454000000
/simulation/chassis/cmd_vel,1791198874434964456,0.4868532717227936,0.12562093138694763,0.7228861451148987,3453000000,3454000000
/cmd_vel,1791198874484783138,0.4868532717227936,0.12562093138694763,0.7228861451148987,3503000000,3504000000
/simulation/chassis/cmd_vel,1791198874484899412,0.4868532717227936,0.12562093138694763,0.7228861451148987,3503000000,3504000000
/cmd_vel_nav,1791198874517639618,0.5031774640083313,0.17048169672489166,0.6311477422714233,3536000000,3537000000
/cmd_vel,1791198874534826758,0.5031774640083313,0.17048169672489166,0.6311477422714233,3553000000,3554000000
/simulation/chassis/cmd_vel,1791198874535047559,0.5031774640083313,0.17048169672489166,0.6311477422714233,3553000000,3554000000
/cmd_vel,1791198874584830488,0.5031774640083313,0.17048169672489166,0.6311477422714233,3603000000,3604000000
/simulation/chassis/cmd_vel,1791198874584943970,0.5031774640083313,0.17048169672489166,0.6311477422714233,3603000000,3604000000
/cmd_vel_nav,1791198874617430121,0.49893325567245483,0.18966543674468994,0.5363777279853821,3636000000,3637000000
/cmd_vel,1791198874634816314,0.49893325567245483,0.18966543674468994,0.5363777279853821,3653000000,3654000000
/simulation/chassis/cmd_vel,1791198874634892722,0.49893325567245483,0.18966543674468994,0.5363777279853821,3653000000,3654000000
/cmd_vel,1791198874684784461,0.49893325567245483,0.18966543674468994,0.5363777279853821,3703000000,3704000000
/simulation/chassis/cmd_vel,1791198874684887283,0.49893325567245483,0.18966543674468994,0.5363777279853821,3703000000,3704000000
/cmd_vel_nav,1791198874707300809,0.49049973487854004,0.18924467265605927,0.4239763021469116,3726000000,3727000000
/cmd_vel,1791198874734856301,0.49049973487854004,0.18924467265605927,0.4363777279853821,3753000000,3754000000
/simulation/chassis/cmd_vel,1791198874734992428,0.49049973487854004,0.18924467265605927,0.4363777279853821,3753000000,3754000000
/cmd_vel,1791198874784779944,0.49049973487854004,0.18924467265605927,0.4239763021469116,3803000000,3804000000
/simulation/chassis/cmd_vel,1791198874784869032,0.49049973487854004,0.18924467265605927,0.4239763021469116,3803000000,3804000000
/cmd_vel_nav,1791198874807463173,0.49389514327049255,0.19681178033351898,0.35115694999694824,3826000000,3827000000
/cmd_vel,1791198874834836017,0.49389514327049255,0.19681178033351898,0.35115694999694824,3853000000,3854000000
/simulation/chassis/cmd_vel,1791198874834949417,0.49389514327049255,0.19681178033351898,0.35115694999694824,3853000000,3854000000
/cmd_vel,1791198874884825124,0.49389514327049255,0.19681178033351898,0.35115694999694824,3903000000,3904000000
/simulation/chassis/cmd_vel,1791198874885019523,0.49389514327049255,0.19681178033351898,0.35115694999694824,3903000000,3904000000
/cmd_vel_nav,1791198874907387283,0.49804964661598206,0.19459104537963867,0.25643542408943176,3926000000,3927000000
/cmd_vel,1791198874934813320,0.49804964661598206,0.19459104537963867,0.25643542408943176,3953000000,3954000000
/simulation/chassis/cmd_vel,1791198874934886719,0.49804964661598206,0.19459104537963867,0.25643542408943176,3953000000,3954000000
/cmd_vel,1791198874984803276,0.49804964661598206,0.19459104537963867,0.25643542408943176,4003000000,4004000000
/simulation/chassis/cmd_vel,1791198874984915061,0.49804964661598206,0.19459104537963867,0.25643542408943176,4003000000,4004000000
/cmd_vel_nav,1791198875007196012,0.47951602935791016,0.19871719181537628,0.15194950997829437,4026000000,4027000000
/cmd_vel,1791198875034875947,0.47951602935791016,0.19871719181537628,0.15643542408943176,4053000000,4054000000
/simulation/chassis/cmd_vel,1791198875034917759,0.47951602935791016,0.19871719181537628,0.15643542408943176,4053000000,4054000000
/cmd_vel,1791198875084817870,0.47951602935791016,0.19871719181537628,0.15194950997829437,4103000000,4104000000
/simulation/chassis/cmd_vel,1791198875084968115,0.47951602935791016,0.19871719181537628,0.15194950997829437,4103000000,4104000000
/cmd_vel_nav,1791198875107486300,0.4669027030467987,0.19953405857086182,0.08598675578832626,4126000000,4127000000
/cmd_vel,1791198875134824224,0.4669027030467987,0.19953405857086182,0.08598675578832626,4153000000,4154000000
/simulation/chassis/cmd_vel,1791198875135017913,0.4669027030467987,0.19953405857086182,0.08598675578832626,4153000000,4154000000
/cmd_vel,1791198875184762606,0.4669027030467987,0.19953405857086182,0.08598675578832626,4203000000,4204000000
/simulation/chassis/cmd_vel,1791198875184863465,0.4669027030467987,0.19953405857086182,0.08598675578832626,4203000000,4204000000
/cmd_vel_nav,1791198875207187584,0.4516245722770691,0.21032331883907318,-0.02329697459936142,4226000000,4227000000
/cmd_vel,1791198875234791928,0.4516245722770691,0.21032331883907318,-0.014013244211673742,4253000000,4254000000
/simulation/chassis/cmd_vel,1791198875234917930,0.4516245722770691,0.21032331883907318,-0.014013244211673742,4253000000,4254000000
/cmd_vel,1791198875284846794,0.4516245722770691,0.21032331883907318,-0.02329697459936142,4303000000,4304000000
/simulation/chassis/cmd_vel,1791198875284945829,0.4516245722770691,0.21032331883907318,-0.02329697459936142,4303000000,4304000000
/cmd_vel_nav,1791198875307370792,0.41281941533088684,0.28996074199676514,0.09659889340400696,4326000000,4327000000
/cmd_vel,1791198875334824094,0.41281941533088684,0.26032331883907317,0.07670302540063859,4353000000,4354000000
/simulation/chassis/cmd_vel,1791198875334937735,0.41281941533088684,0.26032331883907317,0.07670302540063859,4353000000,4354000000
/cmd_vel,1791198875384838523,0.41281941533088684,0.28996074199676514,0.09659889340400696,4403000000,4404000000
/simulation/chassis/cmd_vel,1791198875384922786,0.41281941533088684,0.28996074199676514,0.09659889340400696,4403000000,4404000000
/cmd_vel_nav,1791198875407885177,0.39945873618125916,0.3692196309566498,0.15071304142475128,4426000000,4427000000
/cmd_vel,1791198875434805379,0.39945873618125916,0.3399607419967651,0.15071304142475128,4453000000,4454000000
/simulation/chassis/cmd_vel,1791198875434888815,0.39945873618125916,0.3399607419967651,0.15071304142475128,4453000000,4454000000
/cmd_vel,1791198875484796398,0.39945873618125916,0.3692196309566498,0.15071304142475128,4503000000,4504000000
/simulation/chassis/cmd_vel,1791198875484878515,0.39945873618125916,0.3692196309566498,0.15071304142475128,4503000000,4504000000
/cmd_vel_nav,1791198875508725175,0.3842669129371643,0.4213947355747223,0.12705662846565247,4527000000,4528000000
/cmd_vel,1791198875534830870,0.3842669129371643,0.41921963095664977,0.12705662846565247,4553000000,4554000000
/simulation/chassis/cmd_vel,1791198875534919361,0.3842669129371643,0.41921963095664977,0.12705662846565247,4553000000,4554000000
/cmd_vel,1791198875584764713,0.3842669129371643,0.4213947355747223,0.12705662846565247,4603000000,4604000000
/simulation/chassis/cmd_vel,1791198875584834263,0.3842669129371643,0.4213947355747223,0.12705662846565247,4603000000,4604000000
/cmd_vel_nav,1791198875607883321,0.3764479458332062,0.4457736611366272,0.08207564055919647,4626000000,4627000000
/cmd_vel,1791198875634844819,0.3764479458332062,0.4457736611366272,0.08207564055919647,4653000000,4654000000
/simulation/chassis/cmd_vel,1791198875635018439,0.3764479458332062,0.4457736611366272,0.08207564055919647,4653000000,4654000000
/cmd_vel,1791198875684780898,0.3764479458332062,0.4457736611366272,0.08207564055919647,4703000000,4704000000
/simulation/chassis/cmd_vel,1791198875684854514,0.3764479458332062,0.4457736611366272,0.08207564055919647,4703000000,4704000000
/cmd_vel_nav,1791198875698151160,0.3698502779006958,0.442283034324646,0.020813044160604477,4716000000,4717000000
/cmd_vel,1791198875734798961,0.3698502779006958,0.442283034324646,0.020813044160604477,4753000000,4754000000
/simulation/chassis/cmd_vel,1791198875734937862,0.3698502779006958,0.442283034324646,0.020813044160604477,4753000000,4754000000
/cmd_vel,1791198875784774452,0.3698502779006958,0.442283034324646,0.020813044160604477,4803000000,4804000000
/simulation/chassis/cmd_vel,1791198875784858838,0.3698502779006958,0.442283034324646,0.020813044160604477,4803000000,4804000000
/cmd_vel_nav,1791198875796902298,0.3607338070869446,0.4179747700691223,-0.0483611635863781,4815000000,4816000000
/cmd_vel,1791198875834818412,0.3607338070869446,0.4179747700691223,-0.0483611635863781,4853000000,4854000000
/simulation/chassis/cmd_vel,1791198875834889848,0.3607338070869446,0.4179747700691223,-0.0483611635863781,4853000000,4854000000
/cmd_vel,1791198875884791883,0.3607338070869446,0.4179747700691223,-0.0483611635863781,4903000000,4904000000
/simulation/chassis/cmd_vel,1791198875884924950,0.3607338070869446,0.4179747700691223,-0.0483611635863781,4903000000,4904000000
/cmd_vel_nav,1791198875898325031,0.364470511674881,0.3660266101360321,-0.11980913579463959,4917000000,4918000000
/cmd_vel,1791198875934830059,0.364470511674881,0.3679747700691223,-0.11980913579463959,4953000000,4954000000
/simulation/chassis/cmd_vel,1791198875934945178,0.364470511674881,0.3679747700691223,-0.11980913579463959,4953000000,4954000000
/cmd_vel,1791198875984792033,0.364470511674881,0.3660266101360321,-0.11980913579463959,5003000000,5004000000
/simulation/chassis/cmd_vel,1791198875984892319,0.364470511674881,0.3660266101360321,-0.11980913579463959,5003000000,5004000000
/cmd_vel_nav,1791198875996932866,0.368206650018692,0.30694150924682617,-0.1646881103515625,5015000000,5016000000
/cmd_vel,1791198876034795868,0.368206650018692,0.3160266101360321,-0.1646881103515625,5053000000,5054000000
/simulation/chassis/cmd_vel,1791198876034922501,0.368206650018692,0.3160266101360321,-0.1646881103515625,5053000000,5054000000
/cmd_vel,1791198876084781907,0.368206650018692,0.30694150924682617,-0.1646881103515625,5103000000,5104000000
/simulation/chassis/cmd_vel,1791198876084881047,0.368206650018692,0.30694150924682617,-0.1646881103515625,5103000000,5104000000
/cmd_vel_nav,1791198876097203847,0.3722996115684509,0.25043985247612,-0.19583724439144135,5116000000,5117000000
/cmd_vel,1791198876134822513,0.3722996115684509,0.2569415092468262,-0.19583724439144135,5153000000,5154000000
/simulation/chassis/cmd_vel,1791198876134878569,0.3722996115684509,0.2569415092468262,-0.19583724439144135,5153000000,5154000000
/cmd_vel,1791198876184755388,0.3722996115684509,0.25043985247612,-0.19583724439144135,5203000000,5204000000
/simulation/chassis/cmd_vel,1791198876184851590,0.3722996115684509,0.25043985247612,-0.19583724439144135,5203000000,5204000000
/cmd_vel_nav,1791198876198588275,0.37758418917655945,0.19527792930603027,-0.22645726799964905,5217000000,5218000000
/cmd_vel,1791198876234845834,0.37758418917655945,0.20043985247612,-0.22645726799964905,5253000000,5254000000
/simulation/chassis/cmd_vel,1791198876234935801,0.37758418917655945,0.20043985247612,-0.22645726799964905,5253000000,5254000000
/cmd_vel,1791198876284776692,0.37758418917655945,0.19527792930603027,-0.22645726799964905,5303000000,5304000000
/simulation/chassis/cmd_vel,1791198876284976387,0.37758418917655945,0.19527792930603027,-0.22645726799964905,5303000000,5304000000
/cmd_vel_nav,1791198876297965320,0.3876575827598572,0.1413290798664093,-0.2505471408367157,5316000000,5317000000
/cmd_vel,1791198876334956105,0.3876575827598572,0.14527792930603028,-0.2505471408367157,5353000000,5354000000
/simulation/chassis/cmd_vel,1791198876334979570,0.3876575827598572,0.14527792930603028,-0.2505471408367157,5353000000,5354000000
/cmd_vel,1791198876384817772,0.3876575827598572,0.1413290798664093,-0.2505471408367157,5403000000,5404000000
/simulation/chassis/cmd_vel,1791198876384868493,0.3876575827598572,0.1413290798664093,-0.2505471408367157,5403000000,5404000000
/cmd_vel_nav,1791198876397830599,0.359134703874588,-0.012187929823994637,-0.3386833667755127,5416000000,5417000000
/cmd_vel,1791198876434837514,0.359134703874588,0.0913290798664093,-0.3386833667755127,5453000000,5454000000
/simulation/chassis/cmd_vel,1791198876434970357,0.359134703874588,0.0913290798664093,-0.3386833667755127,5453000000,5454000000
/cmd_vel,1791198876484748921,0.359134703874588,0.041329079866409296,-0.3386833667755127,5503000000,5504000000
/simulation/chassis/cmd_vel,1791198876484837340,0.359134703874588,0.041329079866409296,-0.3386833667755127,5503000000,5504000000
/cmd_vel_nav,1791198876497731818,0.3616822063922882,-0.10062872618436813,-0.36534351110458374,5516000000,5517000000
/cmd_vel,1791198876534781492,0.3616822063922882,-0.008670920133590707,-0.36534351110458374,5553000000,5554000000
/simulation/chassis/cmd_vel,1791198876534894817,0.3616822063922882,-0.008670920133590707,-0.36534351110458374,5553000000,5554000000
/cmd_vel,1791198876584776422,0.3616822063922882,-0.05867092013359071,-0.36534351110458374,5603000000,5604000000
/simulation/chassis/cmd_vel,1791198876584857143,0.3616822063922882,-0.05867092013359071,-0.36534351110458374,5603000000,5604000000
/cmd_vel_nav,1791198876597404215,0.36743301153182983,-0.19943729043006897,-0.32461094856262207,5616000000,5617000000
/cmd_vel,1791198876634833091,0.36743301153182983,-0.10867092013359071,-0.32461094856262207,5653000000,5654000000
/simulation/chassis/cmd_vel,1791198876634913826,0.36743301153182983,-0.10867092013359071,-0.32461094856262207,5653000000,5654000000
/cmd_vel,1791198876684804656,0.36743301153182983,-0.15867092013359071,-0.32461094856262207,5703000000,5704000000
/simulation/chassis/cmd_vel,1791198876684924623,0.36743301153182983,-0.15867092013359071,-0.32461094856262207,5703000000,5704000000
/cmd_vel_nav,1791198876696824163,0.37597233057022095,-0.2628433406352997,-0.27702197432518005,5715000000,5716000000
/cmd_vel,1791198876734789532,0.37597233057022095,-0.20867092013359073,-0.27702197432518005,5753000000,5754000000
/simulation/chassis/cmd_vel,1791198876734891204,0.37597233057022095,-0.20867092013359073,-0.27702197432518005,5753000000,5754000000
/cmd_vel,1791198876784747937,0.37597233057022095,-0.2586709201335907,-0.27702197432518005,5803000000,5804000000
/simulation/chassis/cmd_vel,1791198876784866609,0.37597233057022095,-0.2586709201335907,-0.27702197432518005,5803000000,5804000000
/cmd_vel_nav,1791198876797661746,0.3810025751590729,-0.29980847239494324,-0.25455278158187866,5816000000,5817000000
/cmd_vel,1791198876834838231,0.3810025751590729,-0.29980847239494324,-0.25455278158187866,5853000000,5854000000
/simulation/chassis/cmd_vel,1791198876834908542,0.3810025751590729,-0.29980847239494324,-0.25455278158187866,5853000000,5854000000
/cmd_vel,1791198876884764893,0.3810025751590729,-0.29980847239494324,-0.25455278158187866,5903000000,5904000000
/simulation/chassis/cmd_vel,1791198876884886695,0.3810025751590729,-0.29980847239494324,-0.25455278158187866,5903000000,5904000000
/cmd_vel_nav,1791198876896925933,0.3972478210926056,-0.2917265295982361,-0.27314579486846924,5915000000,5916000000
/cmd_vel,1791198876934800638,0.3972478210926056,-0.2917265295982361,-0.27314579486846924,5953000000,5954000000
/simulation/chassis/cmd_vel,1791198876934998405,0.3972478210926056,-0.2917265295982361,-0.27314579486846924,5953000000,5954000000
/cmd_vel,1791198876984765048,0.3972478210926056,-0.2917265295982361,-0.27314579486846924,6003000000,6004000000
/simulation/chassis/cmd_vel,1791198876984908571,0.3972478210926056,-0.2917265295982361,-0.27314579486846924,6003000000,6004000000
/cmd_vel_nav,1791198876997055293,0.41616594791412354,-0.2642529308795929,-0.3091062605381012,6016000000,6017000000
/cmd_vel,1791198877034829700,0.41616594791412354,-0.2642529308795929,-0.3091062605381012,6053000000,6054000000
/simulation/chassis/cmd_vel,1791198877034953910,0.41616594791412354,-0.2642529308795929,-0.3091062605381012,6053000000,6054000000
/cmd_vel,1791198877084739154,0.41616594791412354,-0.2642529308795929,-0.3091062605381012,6103000000,6104000000
/simulation/chassis/cmd_vel,1791198877084869486,0.41616594791412354,-0.2642529308795929,-0.3091062605381012,6103000000,6104000000
/cmd_vel_nav,1791198877117208228,0.4387678802013397,-0.2130228728055954,-0.32678714394569397,6136000000,6137000000
/cmd_vel,1791198877134797501,0.4387678802013397,-0.2142529308795929,-0.32678714394569397,6153000000,6154000000
/simulation/chassis/cmd_vel,1791198877134873088,0.4387678802013397,-0.2142529308795929,-0.32678714394569397,6153000000,6154000000
/cmd_vel,1791198877184772065,0.4387678802013397,-0.2130228728055954,-0.32678714394569397,6203000000,6204000000
/simulation/chassis/cmd_vel,1791198877184856573,0.4387678802013397,-0.2130228728055954,-0.32678714394569397,6203000000,6204000000
/cmd_vel_nav,1791198877217128158,0.4609743058681488,-0.16007159650325775,-0.333597868680954,6236000000,6237000000
/cmd_vel,1791198877234745863,0.4609743058681488,-0.1630228728055954,-0.333597868680954,6253000000,6254000000
/simulation/chassis/cmd_vel,1791198877234904314,0.4609743058681488,-0.1630228728055954,-0.333597868680954,6253000000,6254000000
/cmd_vel,1791198877284732264,0.4609743058681488,-0.16007159650325775,-0.333597868680954,6303000000,6304000000
/simulation/chassis/cmd_vel,1791198877284833053,0.4609743058681488,-0.16007159650325775,-0.333597868680954,6303000000,6304000000
/cmd_vel_nav,1791198877317225756,0.47830092906951904,-0.12822744250297546,-0.3421805500984192,6336000000,6337000000
/cmd_vel,1791198877334780835,0.47830092906951904,-0.12822744250297546,-0.3421805500984192,6353000000,6354000000
/simulation/chassis/cmd_vel,1791198877334880140,0.47830092906951904,-0.12822744250297546,-0.3421805500984192,6353000000,6354000000
/cmd_vel,1791198877384794624,0.47830092906951904,-0.12822744250297546,-0.3421805500984192,6403000000,6404000000
/simulation/chassis/cmd_vel,1791198877384920880,0.47830092906951904,-0.12822744250297546,-0.3421805500984192,6403000000,6404000000
/cmd_vel_nav,1791198877417324632,0.4863114058971405,-0.05742884427309036,-0.2219231277704239,6436000000,6437000000
/cmd_vel,1791198877434780111,0.4863114058971405,-0.07822744250297546,-0.24218055009841918,6453000000,6454000000
/simulation/chassis/cmd_vel,1791198877434916505,0.4863114058971405,-0.07822744250297546,-0.24218055009841918,6453000000,6454000000
/cmd_vel,1791198877484760690,0.4863114058971405,-0.05742884427309036,-0.2219231277704239,6503000000,6504000000
/simulation/chassis/cmd_vel,1791198877484889511,0.4863114058971405,-0.05742884427309036,-0.2219231277704239,6503000000,6504000000
/cmd_vel_nav,1791198877517156658,0.5059016942977905,-0.013505972921848297,-0.17927148938179016,6536000000,6537000000
/cmd_vel,1791198877534761816,0.5059016942977905,-0.013505972921848297,-0.17927148938179016,6553000000,6554000000
/simulation/chassis/cmd_vel,1791198877534846058,0.5059016942977905,-0.013505972921848297,-0.17927148938179016,6553000000,6554000000
/cmd_vel,1791198877584764661,0.5059016942977905,-0.013505972921848297,-0.17927148938179016,6603000000,6604000000
/simulation/chassis/cmd_vel,1791198877584949543,0.5059016942977905,-0.013505972921848297,-0.17927148938179016,6603000000,6604000000
/cmd_vel_nav,1791198877617204993,0.5258374810218811,0.01844358816742897,-0.15209227800369263,6636000000,6637000000
/cmd_vel,1791198877634759735,0.5258374810218811,0.01844358816742897,-0.15209227800369263,6653000000,6654000000
/simulation/chassis/cmd_vel,1791198877634879400,0.5258374810218811,0.01844358816742897,-0.15209227800369263,6653000000,6654000000
/cmd_vel,1791198877684747090,0.5258374810218811,0.01844358816742897,-0.15209227800369263,6703000000,6704000000
/simulation/chassis/cmd_vel,1791198877684846615,0.5258374810218811,0.01844358816742897,-0.15209227800369263,6703000000,6704000000
/cmd_vel_nav,1791198877717422568,0.5471660494804382,0.018352894112467766,-0.20838092267513275,6736000000,6737000000
/cmd_vel,1791198877734781835,0.5471660494804382,0.018352894112467766,-0.20838092267513275,6753000000,6754000000
/simulation/chassis/cmd_vel,1791198877734895110,0.5471660494804382,0.018352894112467766,-0.20838092267513275,6753000000,6754000000
/cmd_vel,1791198877784773653,0.5471660494804382,0.018352894112467766,-0.20838092267513275,6803000000,6804000000
/simulation/chassis/cmd_vel,1791198877784886640,0.5471660494804382,0.018352894112467766,-0.20838092267513275,6803000000,6804000000
/cmd_vel_nav,1791198877817210004,0.5623501539230347,-0.011274081654846668,-0.22930020093917847,6836000000,6837000000
/cmd_vel,1791198877834783113,0.5623501539230347,-0.011274081654846668,-0.22930020093917847,6853000000,6854000000
/simulation/chassis/cmd_vel,1791198877834881511,0.5623501539230347,-0.011274081654846668,-0.22930020093917847,6853000000,6854000000
/cmd_vel,1791198877884720577,0.5623501539230347,-0.011274081654846668,-0.22930020093917847,6903000000,6904000000
/simulation/chassis/cmd_vel,1791198877884837229,0.5623501539230347,-0.011274081654846668,-0.22930020093917847,6903000000,6904000000
/cmd_vel_nav,1791198877916995983,0.5738339424133301,-0.03572612628340721,-0.23298382759094238,6935000000,6936000000
/cmd_vel,1791198877934708636,0.5738339424133301,-0.03572612628340721,-0.23298382759094238,6953000000,6954000000
/simulation/chassis/cmd_vel,1791198877934793735,0.5738339424133301,-0.03572612628340721,-0.23298382759094238,6953000000,6954000000
/cmd_vel,1791198877984764611,0.5738339424133301,-0.03572612628340721,-0.23298382759094238,7003000000,7004000000
/simulation/chassis/cmd_vel,1791198877984919536,0.5738339424133301,-0.03572612628340721,-0.23298382759094238,7003000000,7004000000
/cmd_vel_nav,1791198878007112196,0.5830321907997131,-0.04325661063194275,-0.24328044056892395,7025000000,7026000000
/cmd_vel,1791198878034767235,0.5830321907997131,-0.04325661063194275,-0.24328044056892395,7053000000,7054000000
/simulation/chassis/cmd_vel,1791198878034872110,0.5830321907997131,-0.04325661063194275,-0.24328044056892395,7053000000,7054000000
/cmd_vel,1791198878084746640,0.5830321907997131,-0.04325661063194275,-0.24328044056892395,7103000000,7104000000
/simulation/chassis/cmd_vel,1791198878084862603,0.5830321907997131,-0.04325661063194275,-0.24328044056892395,7103000000,7104000000
/cmd_vel_nav,1791198878106860345,0.5798295140266418,-0.06503865122795105,-0.22732453048229218,7125000000,7126000000
/cmd_vel,1791198878134767591,0.5798295140266418,-0.06503865122795105,-0.22732453048229218,7153000000,7154000000
/simulation/chassis/cmd_vel,1791198878134862915,0.5798295140266418,-0.06503865122795105,-0.22732453048229218,7153000000,7154000000
/cmd_vel,1791198878184707165,0.5798295140266418,-0.06503865122795105,-0.22732453048229218,7203000000,7204000000
/simulation/chassis/cmd_vel,1791198878184839471,0.5798295140266418,-0.06503865122795105,-0.22732453048229218,7203000000,7204000000
/cmd_vel_nav,1791198878206805721,0.5938439965248108,-0.07556264847517014,-0.20851153135299683,7225000000,7226000000
/cmd_vel,1791198878234709280,0.5938439965248108,-0.07556264847517014,-0.20851153135299683,7253000000,7254000000
/simulation/chassis/cmd_vel,1791198878234812569,0.5938439965248108,-0.07556264847517014,-0.20851153135299683,7253000000,7254000000
/cmd_vel,1791198878284714042,0.5938439965248108,-0.07556264847517014,-0.20851153135299683,7303000000,7304000000
/simulation/chassis/cmd_vel,1791198878284892826,0.5938439965248108,-0.07556264847517014,-0.20851153135299683,7303000000,7304000000
/cmd_vel_nav,1791198878306891991,0.5959661602973938,-0.11928325891494751,-0.2196725606918335,7325000000,7326000000
/cmd_vel,1791198878334755812,0.5959661602973938,-0.11928325891494751,-0.2196725606918335,7353000000,7354000000
/simulation/chassis/cmd_vel,1791198878334897077,0.5959661602973938,-0.11928325891494751,-0.2196725606918335,7353000000,7354000000
/cmd_vel,1791198878384722964,0.5959661602973938,-0.11928325891494751,-0.2196725606918335,7403000000,7404000000
/simulation/chassis/cmd_vel,1791198878384844708,0.5959661602973938,-0.11928325891494751,-0.2196725606918335,7403000000,7404000000
/cmd_vel_nav,1791198878407210126,0.5899988412857056,-0.14588773250579834,-0.25921404361724854,7426000000,7427000000
/cmd_vel,1791198878434763996,0.5899988412857056,-0.14588773250579834,-0.25921404361724854,7453000000,7454000000
/simulation/chassis/cmd_vel,1791198878434859957,0.5899988412857056,-0.14588773250579834,-0.25921404361724854,7453000000,7454000000
/cmd_vel,1791198878484743751,0.5899988412857056,-0.14588773250579834,-0.25921404361724854,7503000000,7504000000
/simulation/chassis/cmd_vel,1791198878484850839,0.5899988412857056,-0.14588773250579834,-0.25921404361724854,7503000000,7504000000
/cmd_vel_nav,1791198878507345571,0.5852216482162476,-0.16253481805324554,-0.28182119131088257,7526000000,7527000000
/cmd_vel,1791198878534755072,0.5852216482162476,-0.16253481805324554,-0.28182119131088257,7553000000,7554000000
/simulation/chassis/cmd_vel,1791198878534868581,0.5852216482162476,-0.16253481805324554,-0.28182119131088257,7553000000,7554000000
/cmd_vel,1791198878584778576,0.5852216482162476,-0.16253481805324554,-0.28182119131088257,7603000000,7604000000
/simulation/chassis/cmd_vel,1791198878584874219,0.5852216482162476,-0.16253481805324554,-0.28182119131088257,7603000000,7604000000
/cmd_vel_nav,1791198878607145901,0.5847088098526001,-0.1538352072238922,-0.2695084512233734,7626000000,7627000000
/cmd_vel,1791198878634757804,0.5847088098526001,-0.1538352072238922,-0.2695084512233734,7653000000,7654000000
/simulation/chassis/cmd_vel,1791198878634863121,0.5847088098526001,-0.1538352072238922,-0.2695084512233734,7653000000,7654000000
/cmd_vel,1791198878684745291,0.5847088098526001,-0.1538352072238922,-0.2695084512233734,7703000000,7704000000
/simulation/chassis/cmd_vel,1791198878684856341,0.5847088098526001,-0.1538352072238922,-0.2695084512233734,7703000000,7704000000
/cmd_vel_nav,1791198878706904960,0.5807954668998718,-0.14717574417591095,-0.24701887369155884,7725000000,7726000000
/cmd_vel,1791198878734745538,0.5807954668998718,-0.14717574417591095,-0.24701887369155884,7753000000,7754000000
/simulation/chassis/cmd_vel,1791198878734865445,0.5807954668998718,-0.14717574417591095,-0.24701887369155884,7753000000,7754000000
/cmd_vel,1791198878784771836,0.5807954668998718,-0.14717574417591095,-0.24701887369155884,7803000000,7804000000
/simulation/chassis/cmd_vel,1791198878784867254,0.5807954668998718,-0.14717574417591095,-0.24701887369155884,7803000000,7804000000
/cmd_vel_nav,1791198878806847470,0.5793955326080322,-0.14239469170570374,-0.22020575404167175,7825000000,7826000000
/cmd_vel,1791198878834674625,0.5793955326080322,-0.14239469170570374,-0.22020575404167175,7853000000,7854000000
/simulation/chassis/cmd_vel,1791198878834753769,0.5793955326080322,-0.14239469170570374,-0.22020575404167175,7853000000,7854000000
/cmd_vel,1791198878884749811,0.5793955326080322,-0.14239469170570374,-0.22020575404167175,7903000000,7904000000
/simulation/chassis/cmd_vel,1791198878884863194,0.5793955326080322,-0.14239469170570374,-0.22020575404167175,7903000000,7904000000
/cmd_vel_nav,1791198878906894302,0.5757372379302979,-0.15040425956249237,-0.19200873374938965,7925000000,7926000000
/cmd_vel,1791198878934765411,0.5757372379302979,-0.15040425956249237,-0.19200873374938965,7953000000,7954000000
/simulation/chassis/cmd_vel,1791198878934871358,0.5757372379302979,-0.15040425956249237,-0.19200873374938965,7953000000,7954000000
/cmd_vel,1791198878984699224,0.5757372379302979,-0.15040425956249237,-0.19200873374938965,8003000000,8004000000
/simulation/chassis/cmd_vel,1791198878984810681,0.5757372379302979,-0.15040425956249237,-0.19200873374938965,8003000000,8004000000
/cmd_vel_nav,1791198878996733171,0.572263777256012,-0.16879454255104065,-0.17615345120429993,8015000000,8016000000
/cmd_vel,1791198879034755354,0.572263777256012,-0.16879454255104065,-0.17615345120429993,8053000000,8054000000
/simulation/chassis/cmd_vel,1791198879034862866,0.572263777256012,-0.16879454255104065,-0.17615345120429993,8053000000,8054000000
/cmd_vel,1791198879084743794,0.572263777256012,-0.16879454255104065,-0.17615345120429993,8103000000,8104000000
/simulation/chassis/cmd_vel,1791198879084832842,0.572263777256012,-0.16879454255104065,-0.17615345120429993,8103000000,8104000000
/cmd_vel_nav,1791198879096730689,0.5698080062866211,-0.18056122958660126,-0.15222138166427612,8115000000,8116000000
/cmd_vel,1791198879134728774,0.5698080062866211,-0.18056122958660126,-0.15222138166427612,8153000000,8154000000
/simulation/chassis/cmd_vel,1791198879134851692,0.5698080062866211,-0.18056122958660126,-0.15222138166427612,8153000000,8154000000
/cmd_vel,1791198879184732950,0.5698080062866211,-0.18056122958660126,-0.15222138166427612,8203000000,8204000000
/simulation/chassis/cmd_vel,1791198879184850257,0.5698080062866211,-0.18056122958660126,-0.15222138166427612,8203000000,8204000000
/cmd_vel_nav,1791198879196754354,0.5617844462394714,-0.19144673645496368,-0.12517067790031433,8215000000,8216000000
/cmd_vel,1791198879234775852,0.5617844462394714,-0.19144673645496368,-0.12517067790031433,8253000000,8254000000
/simulation/chassis/cmd_vel,1791198879234839820,0.5617844462394714,-0.19144673645496368,-0.12517067790031433,8253000000,8254000000
/cmd_vel,1791198879284690328,0.5617844462394714,-0.19144673645496368,-0.12517067790031433,8303000000,8304000000
/simulation/chassis/cmd_vel,1791198879284895758,0.5617844462394714,-0.19144673645496368,-0.12517067790031433,8303000000,8304000000
/cmd_vel_nav,1791198879296832548,0.5511958599090576,-0.1967068612575531,-0.11313075572252274,8315000000,8316000000
/cmd_vel,1791198879334767368,0.5511958599090576,-0.1967068612575531,-0.11313075572252274,8353000000,8354000000
/simulation/chassis/cmd_vel,1791198879334831413,0.5511958599090576,-0.1967068612575531,-0.11313075572252274,8353000000,8354000000
/cmd_vel,1791198879384734258,0.5511958599090576,-0.1967068612575531,-0.11313075572252274,8403000000,8404000000
/simulation/chassis/cmd_vel,1791198879384856111,0.5511958599090576,-0.1967068612575531,-0.11313075572252274,8403000000,8404000000
/cmd_vel_nav,1791198879396661826,0.5338044762611389,-0.19461917877197266,-0.10557325184345245,8415000000,8416000000
/cmd_vel,1791198879434761858,0.5338044762611389,-0.19461917877197266,-0.10557325184345245,8453000000,8454000000
/simulation/chassis/cmd_vel,1791198879434839860,0.5338044762611389,-0.19461917877197266,-0.10557325184345245,8453000000,8454000000
/cmd_vel,1791198879484719370,0.5338044762611389,-0.19461917877197266,-0.10557325184345245,8503000000,8504000000
/simulation/chassis/cmd_vel,1791198879484805725,0.5338044762611389,-0.19461917877197266,-0.10557325184345245,8503000000,8504000000
/cmd_vel_nav,1791198879497148797,0.5248926281929016,-0.20180459320545197,-0.1300913393497467,8516000000,8517000000
/cmd_vel,1791198879534712668,0.5248926281929016,-0.20180459320545197,-0.1300913393497467,8553000000,8554000000
/simulation/chassis/cmd_vel,1791198879534798928,0.5248926281929016,-0.20180459320545197,-0.1300913393497467,8553000000,8554000000
/cmd_vel,1791198879584730190,0.5248926281929016,-0.20180459320545197,-0.1300913393497467,8603000000,8604000000
/simulation/chassis/cmd_vel,1791198879584784864,0.5248926281929016,-0.20180459320545197,-0.1300913393497467,8603000000,8604000000
/cmd_vel_nav,1791198879597058844,0.5230484008789062,-0.1910100132226944,-0.1305633932352066,8616000000,8617000000
/cmd_vel,1791198879634694504,0.5230484008789062,-0.1910100132226944,-0.1305633932352066,8653000000,8654000000
/simulation/chassis/cmd_vel,1791198879634868878,0.5230484008789062,-0.1910100132226944,-0.1305633932352066,8653000000,8654000000
/cmd_vel,1791198879684712249,0.5230484008789062,-0.1910100132226944,-0.1305633932352066,8703000000,8704000000
/simulation/chassis/cmd_vel,1791198879684788390,0.5230484008789062,-0.1910100132226944,-0.1305633932352066,8703000000,8704000000
/cmd_vel_nav,1791198879697151414,0.5210485458374023,-0.1731761395931244,-0.12305262684822083,8716000000,8717000000
/cmd_vel,1791198879734737117,0.5210485458374023,-0.1731761395931244,-0.12305262684822083,8753000000,8754000000
/simulation/chassis/cmd_vel,1791198879734833025,0.5210485458374023,-0.1731761395931244,-0.12305262684822083,8753000000,8754000000
/cmd_vel,1791198879784740987,0.5210485458374023,-0.1731761395931244,-0.12305262684822083,8803000000,8804000000
/simulation/chassis/cmd_vel,1791198879784823870,0.5210485458374023,-0.1731761395931244,-0.12305262684822083,8803000000,8804000000
/cmd_vel_nav,1791198879798437936,0.5304857492446899,-0.167890727519989,-0.13025783002376556,8817000000,8818000000
/cmd_vel,1791198879834757461,0.5304857492446899,-0.167890727519989,-0.13025783002376556,8853000000,8854000000
/simulation/chassis/cmd_vel,1791198879834883713,0.5304857492446899,-0.167890727519989,-0.13025783002376556,8853000000,8854000000
/cmd_vel,1791198879884736379,0.5304857492446899,-0.167890727519989,-0.13025783002376556,8903000000,8904000000
/simulation/chassis/cmd_vel,1791198879884871855,0.5304857492446899,-0.167890727519989,-0.13025783002376556,8903000000,8904000000
/cmd_vel_nav,1791198879898428893,0.5257861614227295,-0.15353307127952576,-0.15467391908168793,8917000000,8918000000
/cmd_vel,1791198879934732335,0.5257861614227295,-0.15353307127952576,-0.15467391908168793,8953000000,8954000000
/simulation/chassis/cmd_vel,1791198879934890448,0.5257861614227295,-0.15353307127952576,-0.15467391908168793,8953000000,8954000000
/cmd_vel,1791198879984702735,0.5257861614227295,-0.15353307127952576,-0.15467391908168793,9003000000,9004000000
/simulation/chassis/cmd_vel,1791198879984792231,0.5257861614227295,-0.15353307127952576,-0.15467391908168793,9003000000,9004000000
/cmd_vel_nav,1791198879998488378,0.5156410932540894,-0.13680508732795715,-0.17854417860507965,9017000000,9018000000
/cmd_vel,1791198880034705787,0.5156410932540894,-0.13680508732795715,-0.17854417860507965,9053000000,9054000000
/simulation/chassis/cmd_vel,1791198880034826278,0.5156410932540894,-0.13680508732795715,-0.17854417860507965,9053000000,9054000000
/cmd_vel,1791198880084734500,0.5156410932540894,-0.13680508732795715,-0.17854417860507965,9103000000,9104000000
/simulation/chassis/cmd_vel,1791198880084813966,0.5156410932540894,-0.13680508732795715,-0.17854417860507965,9103000000,9104000000
/cmd_vel_nav,1791198880098394309,0.5065522193908691,-0.12650910019874573,-0.195017009973526,9117000000,9118000000
/cmd_vel,1791198880134733790,0.5065522193908691,-0.12650910019874573,-0.195017009973526,9153000000,9154000000
/simulation/chassis/cmd_vel,1791198880134841091,0.5065522193908691,-0.12650910019874573,-0.195017009973526,9153000000,9154000000
/cmd_vel,1791198880184688607,0.5065522193908691,-0.12650910019874573,-0.195017009973526,9203000000,9204000000
/simulation/chassis/cmd_vel,1791198880184866573,0.5065522193908691,-0.12650910019874573,-0.195017009973526,9203000000,9204000000
/cmd_vel_nav,1791198880196828542,0.48619377613067627,-0.11463460326194763,-0.21067248284816742,9215000000,9216000000
/cmd_vel,1791198880234750689,0.48619377613067627,-0.11463460326194763,-0.21067248284816742,9253000000,9254000000
/simulation/chassis/cmd_vel,1791198880234860350,0.48619377613067627,-0.11463460326194763,-0.21067248284816742,9253000000,9254000000
/cmd_vel,1791198880284736850,0.48619377613067627,-0.11463460326194763,-0.21067248284816742,9303000000,9304000000
/simulation/chassis/cmd_vel,1791198880284837758,0.48619377613067627,-0.11463460326194763,-0.21067248284816742,9303000000,9304000000
/cmd_vel_nav,1791198880296842452,0.46015340089797974,-0.10377524048089981,-0.22743211686611176,9315000000,9316000000
/cmd_vel,1791198880334735154,0.46015340089797974,-0.10377524048089981,-0.22743211686611176,9353000000,9354000000
/simulation/chassis/cmd_vel,1791198880334846685,0.46015340089797974,-0.10377524048089981,-0.22743211686611176,9353000000,9354000000
/cmd_vel,1791198880384703914,0.46015340089797974,-0.10377524048089981,-0.22743211686611176,9403000000,9404000000
/simulation/chassis/cmd_vel,1791198880384793550,0.46015340089797974,-0.10377524048089981,-0.22743211686611176,9403000000,9404000000
/cmd_vel_nav,1791198880417224754,0.428727924823761,-0.08729081600904465,-0.23253610730171204,9436000000,9437000000
/cmd_vel,1791198880434762694,0.428727924823761,-0.08729081600904465,-0.23253610730171204,9453000000,9454000000
/simulation/chassis/cmd_vel,1791198880434905510,0.428727924823761,-0.08729081600904465,-0.23253610730171204,9453000000,9454000000
/cmd_vel,1791198880484695708,0.428727924823761,-0.08729081600904465,-0.23253610730171204,9503000000,9504000000
/simulation/chassis/cmd_vel,1791198880484788041,0.428727924823761,-0.08729081600904465,-0.23253610730171204,9503000000,9504000000
/cmd_vel_nav,1791198880517193203,0.393203467130661,-0.06675460189580917,-0.2343657910823822,9536000000,9537000000
/cmd_vel,1791198880534726571,0.393203467130661,-0.06675460189580917,-0.2343657910823822,9553000000,9554000000
/simulation/chassis/cmd_vel,1791198880534872713,0.393203467130661,-0.06675460189580917,-0.2343657910823822,9553000000,9554000000
/cmd_vel,1791198880584726589,0.393203467130661,-0.06675460189580917,-0.2343657910823822,9603000000,9604000000
/simulation/chassis/cmd_vel,1791198880584819869,0.393203467130661,-0.06675460189580917,-0.2343657910823822,9603000000,9604000000
/cmd_vel_nav,1791198880617095647,0.3671386241912842,-0.04907264932990074,-0.23595957458019257,9636000000,9637000000
/cmd_vel,1791198880634712745,0.3671386241912842,-0.04907264932990074,-0.23595957458019257,9653000000,9654000000
/simulation/chassis/cmd_vel,1791198880634865809,0.3671386241912842,-0.04907264932990074,-0.23595957458019257,9653000000,9654000000
/cmd_vel,1791198880684704329,0.3671386241912842,-0.04907264932990074,-0.23595957458019257,9703000000,9704000000
/simulation/chassis/cmd_vel,1791198880684831213,0.3671386241912842,-0.04907264932990074,-0.23595957458019257,9703000000,9704000000
/cmd_vel_nav,1791198880717221022,0.34577032923698425,-0.035195242613554,-0.23551803827285767,9736000000,9737000000
/cmd_vel,1791198880734729660,0.34577032923698425,-0.035195242613554,-0.23551803827285767,9753000000,9754000000
/simulation/chassis/cmd_vel,1791198880734818461,0.34577032923698425,-0.035195242613554,-0.23551803827285767,9753000000,9754000000
/cmd_vel,1791198880784708632,0.34577032923698425,-0.035195242613554,-0.23551803827285767,9803000000,9804000000
/simulation/chassis/cmd_vel,1791198880784811975,0.34577032923698425,-0.035195242613554,-0.23551803827285767,9803000000,9804000000
/cmd_vel_nav,1791198880818613325,0.3247695863246918,-0.02439398318529129,-0.24593336880207062,9837000000,9838000000
/cmd_vel,1791198880834730062,0.3247695863246918,-0.02439398318529129,-0.24593336880207062,9853000000,9854000000
/simulation/chassis/cmd_vel,1791198880834856363,0.3247695863246918,-0.02439398318529129,-0.24593336880207062,9853000000,9854000000
/cmd_vel,1791198880884711734,0.3247695863246918,-0.02439398318529129,-0.24593336880207062,9903000000,9904000000
/simulation/chassis/cmd_vel,1791198880884787347,0.3247695863246918,-0.02439398318529129,-0.24593336880207062,9903000000,9904000000
/cmd_vel_nav,1791198880917240892,0.3077152669429779,-0.018519727513194084,-0.2465183585882187,9936000000,9937000000
/cmd_vel,1791198880934751182,0.3077152669429779,-0.018519727513194084,-0.2465183585882187,9953000000,9954000000
/simulation/chassis/cmd_vel,1791198880934850216,0.3077152669429779,-0.018519727513194084,-0.2465183585882187,9953000000,9954000000
/cmd_vel,1791198880984719917,0.3077152669429779,-0.018519727513194084,-0.2465183585882187,10003000000,10004000000
/simulation/chassis/cmd_vel,1791198880984866340,0.3077152669429779,-0.018519727513194084,-0.2465183585882187,10003000000,10004000000
/cmd_vel_nav,1791198881018275974,0.29071229696273804,-0.015107554383575916,-0.2478267103433609,10037000000,10038000000
/cmd_vel,1791198881034766507,0.29071229696273804,-0.015107554383575916,-0.2478267103433609,10053000000,10054000000
/simulation/chassis/cmd_vel,1791198881034808039,0.29071229696273804,-0.015107554383575916,-0.2478267103433609,10053000000,10054000000
/cmd_vel,1791198881084664098,0.29071229696273804,-0.015107554383575916,-0.2478267103433609,10103000000,10104000000
/simulation/chassis/cmd_vel,1791198881084738623,0.29071229696273804,-0.015107554383575916,-0.2478267103433609,10103000000,10104000000
/cmd_vel_nav,1791198881117697031,0.2770302891731262,-0.008808573707938194,-0.24283073842525482,10135000000,10136000000
/cmd_vel,1791198881134732246,0.2770302891731262,-0.008808573707938194,-0.24283073842525482,10153000000,10154000000
/simulation/chassis/cmd_vel,1791198881134801690,0.2770302891731262,-0.008808573707938194,-0.24283073842525482,10153000000,10154000000
/cmd_vel,1791198881184691728,0.2770302891731262,-0.008808573707938194,-0.24283073842525482,10203000000,10204000000
/simulation/chassis/cmd_vel,1791198881184769856,0.2770302891731262,-0.008808573707938194,-0.24283073842525482,10203000000,10204000000
/cmd_vel_nav,1791198881217042486,0.2568309009075165,0.006279281340539455,-0.24565528333187103,10235000000,10236000000
/cmd_vel,1791198881234748117,0.2568309009075165,0.006279281340539455,-0.24565528333187103,10253000000,10254000000
/simulation/chassis/cmd_vel,1791198881234872478,0.2568309009075165,0.006279281340539455,-0.24565528333187103,10253000000,10254000000
/cmd_vel,1791198881284748423,0.2568309009075165,0.006279281340539455,-0.24565528333187103,10303000000,10304000000
/simulation/chassis/cmd_vel,1791198881284833834,0.2568309009075165,0.006279281340539455,-0.24565528333187103,10303000000,10304000000
/cmd_vel_nav,1791198881307073405,0.2517850399017334,0.006586289964616299,-0.23738577961921692,10325000000,10326000000
/cmd_vel,1791198881334723768,0.2517850399017334,0.006586289964616299,-0.23738577961921692,10353000000,10354000000
/simulation/chassis/cmd_vel,1791198881334785016,0.2517850399017334,0.006586289964616299,-0.23738577961921692,10353000000,10354000000
/cmd_vel,1791198881384769220,0.2517850399017334,0.006586289964616299,-0.23738577961921692,10403000000,10404000000
/simulation/chassis/cmd_vel,1791198881384824809,0.2517850399017334,0.006586289964616299,-0.23738577961921692,10403000000,10404000000
/cmd_vel_nav,1791198881406978492,0.23344257473945618,0.013360398821532726,-0.2548341453075409,10425000000,10426000000
/cmd_vel,1791198881434712438,0.23344257473945618,0.013360398821532726,-0.2548341453075409,10453000000,10454000000
/simulation/chassis/cmd_vel,1791198881434833004,0.23344257473945618,0.013360398821532726,-0.2548341453075409,10453000000,10454000000
/cmd_vel,1791198881484725567,0.23344257473945618,0.013360398821532726,-0.2548341453075409,10503000000,10504000000
/simulation/chassis/cmd_vel,1791198881484895016,0.23344257473945618,0.013360398821532726,-0.2548341453075409,10503000000,10504000000
/cmd_vel_nav,1791198881506908302,0.23301848769187927,0.0030028559267520905,-0.24177494645118713,10525000000,10526000000
/cmd_vel,1791198881534732280,0.23301848769187927,0.0030028559267520905,-0.24177494645118713,10553000000,10554000000
/simulation/chassis/cmd_vel,1791198881534881543,0.23301848769187927,0.0030028559267520905,-0.24177494645118713,10553000000,10554000000
/cmd_vel,1791198881584695704,0.23301848769187927,0.0030028559267520905,-0.24177494645118713,10603000000,10604000000
/simulation/chassis/cmd_vel,1791198881584838687,0.23301848769187927,0.0030028559267520905,-0.24177494645118713,10603000000,10604000000
/cmd_vel_nav,1791198881606894785,0.23984992504119873,-0.003308885730803013,-0.22785530984401703,10625000000,10626000000
/cmd_vel,1791198881634734776,0.23984992504119873,-0.003308885730803013,-0.22785530984401703,10653000000,10654000000
/simulation/chassis/cmd_vel,1791198881634863376,0.23984992504119873,-0.003308885730803013,-0.22785530984401703,10653000000,10654000000
/cmd_vel,1791198881684684929,0.23984992504119873,-0.003308885730803013,-0.22785530984401703,10703000000,10704000000
/simulation/chassis/cmd_vel,1791198881684848780,0.23984992504119873,-0.003308885730803013,-0.22785530984401703,10703000000,10704000000
/cmd_vel_nav,1791198881706870918,0.2494509220123291,0.0040923478081822395,-0.11461823433637619,10725000000,10726000000
/cmd_vel,1791198881734727601,0.2494509220123291,0.0040923478081822395,-0.12785530984401702,10753000000,10754000000
/simulation/chassis/cmd_vel,1791198881734816793,0.2494509220123291,0.0040923478081822395,-0.12785530984401702,10753000000,10754000000
/cmd_vel,1791198881784715351,0.2494509220123291,0.0040923478081822395,-0.11461823433637619,10803000000,10804000000
/simulation/chassis/cmd_vel,1791198881784744236,0.2494509220123291,0.0040923478081822395,-0.11461823433637619,10803000000,10804000000
/cmd_vel_nav,1791198881806826067,0.2553856372833252,-0.004305185284465551,0.013104206882417202,10825000000,10826000000
/cmd_vel,1791198881834726452,0.2553856372833252,-0.004305185284465551,-0.014618234336376185,10853000000,10854000000
/simulation/chassis/cmd_vel,1791198881834847108,0.2553856372833252,-0.004305185284465551,-0.014618234336376185,10853000000,10854000000
/cmd_vel,1791198881884699307,0.2553856372833252,-0.004305185284465551,0.013104206882417202,10903000000,10904000000
/simulation/chassis/cmd_vel,1791198881884806313,0.2553856372833252,-0.004305185284465551,0.013104206882417202,10903000000,10904000000
/cmd_vel_nav,1791198881906861248,0.25742894411087036,-0.017625369131565094,0.15883125364780426,10925000000,10926000000
/cmd_vel,1791198881934704437,0.25742894411087036,-0.017625369131565094,0.11310420688241721,10953000000,10954000000
/simulation/chassis/cmd_vel,1791198881934845817,0.25742894411087036,-0.017625369131565094,0.11310420688241721,10953000000,10954000000
/cmd_vel,1791198881984684269,0.25742894411087036,-0.017625369131565094,0.15883125364780426,11003000000,11004000000
/simulation/chassis/cmd_vel,1791198881984900883,0.25742894411087036,-0.017625369131565094,0.15883125364780426,11003000000,11004000000
/cmd_vel_nav,1791198882007318583,0.2555302381515503,-0.031154487282037735,0.2950965166091919,11026000000,11027000000
/cmd_vel,1791198882034737902,0.2555302381515503,-0.031154487282037735,0.25883125364780424,11053000000,11054000000
/simulation/chassis/cmd_vel,1791198882034906239,0.2555302381515503,-0.031154487282037735,0.25883125364780424,11053000000,11054000000
/cmd_vel,1791198882084749544,0.2555302381515503,-0.031154487282037735,0.2950965166091919,11103000000,11104000000
/simulation/chassis/cmd_vel,1791198882084858239,0.2555302381515503,-0.031154487282037735,0.2950965166091919,11103000000,11104000000
/cmd_vel_nav,1791198882106985304,0.25041070580482483,-0.044194236397743225,0.41688159108161926,11125000000,11126000000
/cmd_vel,1791198882134699837,0.25041070580482483,-0.044194236397743225,0.3950965166091919,11153000000,11154000000
/simulation/chassis/cmd_vel,1791198882134777153,0.25041070580482483,-0.044194236397743225,0.3950965166091919,11153000000,11154000000
/cmd_vel,1791198882184685275,0.25041070580482483,-0.044194236397743225,0.41688159108161926,11203000000,11204000000
/simulation/chassis/cmd_vel,1791198882184793783,0.25041070580482483,-0.044194236397743225,0.41688159108161926,11203000000,11204000000
/cmd_vel_nav,1791198882207465016,0.24695438146591187,-0.05522427707910538,0.507943868637085,11226000000,11227000000
/cmd_vel,1791198882234723856,0.24695438146591187,-0.05522427707910538,0.507943868637085,11253000000,11254000000
/simulation/chassis/cmd_vel,1791198882234809733,0.24695438146591187,-0.05522427707910538,0.507943868637085,11253000000,11254000000
/cmd_vel,1791198882284630596,0.24695438146591187,-0.05522427707910538,0.507943868637085,11303000000,11304000000
/simulation/chassis/cmd_vel,1791198882284772351,0.24695438146591187,-0.05522427707910538,0.507943868637085,11303000000,11304000000
/cmd_vel_nav,1791198882297270456,0.24152109026908875,-0.061667174100875854,0.5613548755645752,11316000000,11317000000
/cmd_vel,1791198882334657374,0.24152109026908875,-0.061667174100875854,0.5613548755645752,11353000000,11354000000
/simulation/chassis/cmd_vel,1791198882334752960,0.24152109026908875,-0.061667174100875854,0.5613548755645752,11353000000,11354000000
/cmd_vel,1791198882384762932,0.24152109026908875,-0.061667174100875854,0.5613548755645752,11403000000,11404000000
/simulation/chassis/cmd_vel,1791198882384793794,0.24152109026908875,-0.061667174100875854,0.5613548755645752,11403000000,11404000000
/cmd_vel_nav,1791198882396888792,0.22967997193336487,-0.06400725990533829,0.5797045230865479,11415000000,11416000000
/cmd_vel,1791198882434687379,0.22967997193336487,-0.06400725990533829,0.5797045230865479,11453000000,11454000000
/simulation/chassis/cmd_vel,1791198882434859951,0.22967997193336487,-0.06400725990533829,0.5797045230865479,11453000000,11454000000
/cmd_vel,1791198882484708232,0.22967997193336487,-0.06400725990533829,0.5797045230865479,11503000000,11504000000
/simulation/chassis/cmd_vel,1791198882484778901,0.22967997193336487,-0.06400725990533829,0.5797045230865479,11503000000,11504000000
/cmd_vel_nav,1791198882497068349,0.21327823400497437,-0.0651700496673584,0.572692334651947,11516000000,11517000000
/cmd_vel,1791198882534710930,0.21327823400497437,-0.0651700496673584,0.572692334651947,11553000000,11554000000
/simulation/chassis/cmd_vel,1791198882534783233,0.21327823400497437,-0.0651700496673584,0.572692334651947,11553000000,11554000000
/cmd_vel,1791198882584701259,0.21327823400497437,-0.0651700496673584,0.572692334651947,11603000000,11604000000
/simulation/chassis/cmd_vel,1791198882584789310,0.21327823400497437,-0.0651700496673584,0.572692334651947,11603000000,11604000000
/cmd_vel_nav,1791198882596671748,0.19426047801971436,-0.06601329892873764,0.5490178465843201,11615000000,11616000000
/cmd_vel,1791198882634687677,0.19426047801971436,-0.06601329892873764,0.5490178465843201,11653000000,11654000000
/simulation/chassis/cmd_vel,1791198882634715968,0.19426047801971436,-0.06601329892873764,0.5490178465843201,11653000000,11654000000
/cmd_vel,1791198882684707651,0.19426047801971436,-0.06601329892873764,0.5490178465843201,11703000000,11704000000
/simulation/chassis/cmd_vel,1791198882684809342,0.19426047801971436,-0.06601329892873764,0.5490178465843201,11703000000,11704000000
/cmd_vel_nav,1791198882696595237,0.1748000979423523,-0.06711748987436295,0.5119518041610718,11715000000,11716000000
/cmd_vel,1791198882734660498,0.1748000979423523,-0.06711748987436295,0.5119518041610718,11753000000,11754000000
/simulation/chassis/cmd_vel,1791198882734759157,0.1748000979423523,-0.06711748987436295,0.5119518041610718,11753000000,11754000000
/cmd_vel,1791198882784616036,0.1748000979423523,-0.06711748987436295,0.5119518041610718,11803000000,11804000000
/simulation/chassis/cmd_vel,1791198882784717153,0.1748000979423523,-0.06711748987436295,0.5119518041610718,11803000000,11804000000
/cmd_vel_nav,1791198882797433890,0.1569669097661972,-0.06873315572738647,0.464033305644989,11816000000,11817000000
/cmd_vel,1791198882834685295,0.1569669097661972,-0.06873315572738647,0.464033305644989,11853000000,11854000000
/simulation/chassis/cmd_vel,1791198882834769715,0.1569669097661972,-0.06873315572738647,0.464033305644989,11853000000,11854000000
/cmd_vel,1791198882884681655,0.1569669097661972,-0.06873315572738647,0.464033305644989,11903000000,11904000000
/simulation/chassis/cmd_vel,1791198882884788769,0.1569669097661972,-0.06873315572738647,0.464033305644989,11903000000,11904000000
/cmd_vel_nav,1791198882897674245,0.1422361433506012,-0.07096942514181137,0.4086121618747711,11916000000,11917000000
/cmd_vel,1791198882934636982,0.1422361433506012,-0.07096942514181137,0.4086121618747711,11953000000,11954000000
/simulation/chassis/cmd_vel,1791198882934756969,0.1422361433506012,-0.07096942514181137,0.4086121618747711,11953000000,11954000000
/cmd_vel,1791198882984628921,0.1422361433506012,-0.07096942514181137,0.4086121618747711,12003000000,12004000000
/simulation/chassis/cmd_vel,1791198882984733653,0.1422361433506012,-0.07096942514181137,0.4086121618747711,12003000000,12004000000
/cmd_vel_nav,1791198882996987980,0.13103987276554108,-0.07368288934230804,0.350279301404953,12015000000,12016000000
/cmd_vel,1791198883034711185,0.13103987276554108,-0.07368288934230804,0.350279301404953,12053000000,12054000000
/simulation/chassis/cmd_vel,1791198883034881556,0.13103987276554108,-0.07368288934230804,0.350279301404953,12053000000,12054000000
/cmd_vel,1791198883084653026,0.13103987276554108,-0.07368288934230804,0.350279301404953,12103000000,12104000000
/simulation/chassis/cmd_vel,1791198883084759430,0.13103987276554108,-0.07368288934230804,0.350279301404953,12103000000,12104000000
/cmd_vel_nav,1791198883096646265,0.12279122322797775,-0.0764671340584755,0.29406818747520447,12115000000,12116000000
/cmd_vel,1791198883134690857,0.12279122322797775,-0.0764671340584755,0.29406818747520447,12153000000,12154000000
/simulation/chassis/cmd_vel,1791198883134831935,0.12279122322797775,-0.0764671340584755,0.29406818747520447,12153000000,12154000000
/cmd_vel,1791198883184683823,0.12279122322797775,-0.0764671340584755,0.29406818747520447,12203000000,12204000000
/simulation/chassis/cmd_vel,1791198883184801544,0.12279122322797775,-0.0764671340584755,0.29406818747520447,12203000000,12204000000
/cmd_vel_nav,1791198883196824039,0.11614583432674408,-0.07869425415992737,0.24421028792858124,12215000000,12216000000
/cmd_vel,1791198883234716842,0.11614583432674408,-0.07869425415992737,0.24421028792858124,12253000000,12254000000
/simulation/chassis/cmd_vel,1791198883234803813,0.11614583432674408,-0.07869425415992737,0.24421028792858124,12253000000,12254000000
/cmd_vel,1791198883284609011,0.11614583432674408,-0.07869425415992737,0.24421028792858124,12303000000,12304000000
/simulation/chassis/cmd_vel,1791198883284722459,0.11614583432674408,-0.07869425415992737,0.24421028792858124,12303000000,12304000000
/cmd_vel_nav,1791198883296612809,0.10961786657571793,-0.0798366516828537,0.20286239683628082,12315000000,12316000000
/cmd_vel_nav,1791198883296726590,0.0,0.0,0.0,12315000000,12316000000
/cmd_vel,1791198883334692734,0.06614583432674408,-0.028694254159927365,0.14421028792858123,12353000000,12354000000
/simulation/chassis/cmd_vel,1791198883334850616,0.06614583432674408,-0.028694254159927365,0.14421028792858123,12353000000,12354000000
/cmd_vel,1791198883384633304,0.016145834326744074,0.0,0.04421028792858123,12403000000,12404000000
/simulation/chassis/cmd_vel,1791198883384724104,0.016145834326744074,0.0,0.04421028792858123,12403000000,12404000000
/cmd_vel,1791198883434674344,0.0,0.0,0.0,12453000000,12454000000
/simulation/chassis/cmd_vel,1791198883434757794,0.0,0.0,0.0,12453000000,12454000000
/cmd_vel,1791198883484684020,0.0,0.0,0.0,12503000000,12504000000
/simulation/chassis/cmd_vel,1791198883484834777,0.0,0.0,0.0,12503000000,12504000000
/cmd_vel,1791198883534671453,0.0,0.0,0.0,12553000000,12554000000
/simulation/chassis/cmd_vel,1791198883534827931,0.0,0.0,0.0,12553000000,12554000000
/cmd_vel,1791198883584659398,0.0,0.0,0.0,12603000000,12604000000
/simulation/chassis/cmd_vel,1791198883584786461,0.0,0.0,0.0,12603000000,12604000000
/cmd_vel,1791198883634718529,0.0,0.0,0.0,12653000000,12654000000
/simulation/chassis/cmd_vel,1791198883634807114,0.0,0.0,0.0,12653000000,12654000000
/cmd_vel,1791198883684649842,0.0,0.0,0.0,12703000000,12704000000
/simulation/chassis/cmd_vel,1791198883684762869,0.0,0.0,0.0,12703000000,12704000000
/cmd_vel,1791198883734683933,0.0,0.0,0.0,12753000000,12754000000
/simulation/chassis/cmd_vel,1791198883734802395,0.0,0.0,0.0,12753000000,12754000000
/cmd_vel,1791198883784624532,0.0,0.0,0.0,12803000000,12804000000
/simulation/chassis/cmd_vel,1791198883784716312,0.0,0.0,0.0,12803000000,12804000000
/cmd_vel,1791198883834689104,0.0,0.0,0.0,12853000000,12854000000
/simulation/chassis/cmd_vel,1791198883834773361,0.0,0.0,0.0,12853000000,12854000000
/cmd_vel,1791198883884684316,0.0,0.0,0.0,12903000000,12904000000
/simulation/chassis/cmd_vel,1791198883884792137,0.0,0.0,0.0,12903000000,12904000000
/cmd_vel,1791198883934701414,0.0,0.0,0.0,12953000000,12954000000
/simulation/chassis/cmd_vel,1791198883934805441,0.0,0.0,0.0,12953000000,12954000000
/cmd_vel,1791198883984699174,0.0,0.0,0.0,13003000000,13004000000
/simulation/chassis/cmd_vel,1791198883984741875,0.0,0.0,0.0,13003000000,13004000000
/cmd_vel,1791198884034686901,0.0,0.0,0.0,13053000000,13054000000
/simulation/chassis/cmd_vel,1791198884034779450,0.0,0.0,0.0,13053000000,13054000000
/cmd_vel,1791198884084629303,0.0,0.0,0.0,13103000000,13104000000
/simulation/chassis/cmd_vel,1791198884084731381,0.0,0.0,0.0,13103000000,13104000000
/cmd_vel,1791198884134692866,0.0,0.0,0.0,13153000000,13154000000
/simulation/chassis/cmd_vel,1791198884134796462,0.0,0.0,0.0,13153000000,13154000000
/cmd_vel,1791198884184622313,0.0,0.0,0.0,13203000000,13204000000
/simulation/chassis/cmd_vel,1791198884184675700,0.0,0.0,0.0,13203000000,13204000000
/cmd_vel,1791198884234622997,0.0,0.0,0.0,13253000000,13254000000
/simulation/chassis/cmd_vel,1791198884234747364,0.0,0.0,0.0,13253000000,13254000000
/cmd_vel,1791198884284643937,0.0,0.0,0.0,13303000000,13304000000
/simulation/chassis/cmd_vel,1791198884284773375,0.0,0.0,0.0,13303000000,13304000000
/simulation/chassis/cmd_vel,1791198884821394458,0.0,0.0,0.0,13840000000,13841000000
