/check/assets/S0.sdf	front_left_wheel	1	0	1 -1 0
/check/assets/S0.sdf	front_right_wheel	1	0	1 1 0
/check/assets/S0.sdf	rear_left_wheel	1	0	1 1 0
/check/assets/S0.sdf	rear_right_wheel	1	0	1 -1 0
/check/assets/S1.sdf	front_left_wheel	1	0	1 -1 0
/check/assets/S1.sdf	front_right_wheel	1	0	1 1 0
/check/assets/S1.sdf	rear_left_wheel	1	0	1 1 0
/check/assets/S1.sdf	rear_right_wheel	1	0	1 -1 0
/check/assets/S2.sdf	front_left_wheel	1	0	1 -1 0
/check/assets/S2.sdf	front_right_wheel	1	0	1 1 0
/check/assets/S2.sdf	rear_left_wheel	1	0	1 1 0
/check/assets/S2.sdf	rear_right_wheel	1	0	1 -1 0
