rollout,joint_safe,dynamic_unsafe_static_clear,ConstraintCritic,CostCritic,GoalCritic,GoalAngleCritic,PathAlignCritic,PathFollowCritic,PathAngleCritic,PredictionOverlapGrade,ControlRegularizer,WeightedTotal
0,0,0,0.0,500.0,3.50335693359375,0.0,2.066925048828125,0.0,0.0,2.281901,0.07009104101581931,2174.5889
1,0,1,0.0,0.17099998891353607,3.491013303399086,0.0,1.521543264389038,0.0,0.0,2.2958448,0.04147266673584005,1674.1875
2,0,1,0.0,0.5199999809265137,3.592864513397217,0.0,1.480611801147461,0.0,0.0,2.352606,-0.02300827203369815,1674.5897
3,0,1,0.0,0.0,3.756304979324341,0.0,0.8610794544219971,0.0,0.0,2.1780849,-0.023095310308759665,1673.439
4,0,1,0.0,0.0,4.0735578536987305,0.0,0.7237544059753418,0.0,0.0,1.9465683,0.27209346376352084,1673.6826
5,1,0,0.0,0.0,4.433720588684082,0.0,1.0578856468200684,0.0,0.0,2.0909364,0.13313138793333623,1674.3823
6,0,1,0.0,0.0,3.9331846237182617,0.0,0.5213117599487305,0.0,0.0,2.0578482,-0.0822705602294369,1673.0967
7,0,1,0.0,0.46399998664855957,3.538461446762085,0.0,1.8742995262145996,0.0,0.0,2.2725358,0.31577726381216564,1675.1317
8,0,0,0.0,500.0,3.9930419921875,0.0,1.66033935546875,0.0,0.0,2.1216576,0.09153507578110176,2174.5332
9,0,1,0.0,0.0,4.1304473876953125,0.0,1.2901782989501953,0.0,0.0,2.0260148,-0.060566463208048926,1674.0527
10,0,1,0.0,0.0,3.579482078552246,0.0,0.6837368011474609,0.0,0.0,2.196604,-0.046048856262152604,1673.0804
11,0,1,0.0,0.0,3.8106136322021484,0.0,0.806699275970459,0.0,0.0,2.1585295,-0.022568384735009772,1673.4199
12,0,1,0.0,0.0,4.06647253036499,0.0,0.5649476051330566,0.0,0.0,2.0646138,-0.17265991206049236,1673.19
13,0,1,0.0,0.0,4.214073181152344,0.0,0.9075474739074707,0.0,0.0,2.3170187,-0.21196533162236086,1673.8933
14,0,1,0.0,0.0,3.514821767807007,0.0,1.007350206375122,0.0,0.0,2.2357395,0.050962549255381795,1673.4755
15,0,1,0.0,0.0,3.8391406536102295,0.0,0.717357873916626,0.0,0.0,2.1592472,0.08902829591054795,1673.4714
16,0,1,0.0,0.08249999582767487,3.7914678901433945,0.0,0.9983384609222412,0.0,0.0,1.9307697,0.16749797654408294,1673.6372
17,0,1,0.0,0.0,3.456416606903076,0.0,0.4534323215484619,0.0,0.0,1.9502583,0.35176679498599284,1672.8785
18,0,0,0.0,500.0,3.8043212890625,0.0,2.39239501953125,0.0,0.0,2.4665377,-0.05787998515631543,2175.272
19,0,1,0.0,0.4154999852180481,3.6251108050346375,0.0,1.6143908500671387,0.0,0.0,2.21509,-0.04191761688238316,1674.4948
20,0,1,0.0,0.0,3.934309959411621,0.0,0.8780360221862793,0.0,0.0,2.217586,-0.0136579581603824,1673.6829
21,0,1,0.0,0.0,3.5297133922576904,0.0,1.1688792705535889,0.0,0.0,2.1658373,0.26704406062619723,1673.7981
22,0,1,0.0,0.0,3.7970073223114014,0.0,0.6488234996795654,0.0,0.0,2.2045264,-0.005683198553393165,1673.3113
23,0,1,0.0,0.0,3.635200023651123,0.0,1.0001659393310547,0.0,0.0,2.191156,0.09405206045526127,1673.5872
24,0,1,0.0,0.0,3.7134640216827393,0.0,0.7648017406463623,0.0,0.0,2.1757321,0.2865761611083193,1673.6072
25,0,0,0.0,500.0,3.479034423828125,0.0,2.261016845703125,0.0,0.0,2.1225932,0.06132955390624506,2174.5906
26,0,0,0.0,500.0,3.9822998046875,0.0,1.765777587890625,0.0,0.0,2.102435,0.0608616308593497,2174.578
27,0,0,0.0,500.0,3.9486083984375,0.0,2.203460693359375,0.0,0.0,2.4325576,-0.07275266835938954,2175.1785
28,0,1,0.0,0.0,3.596837043762207,0.0,1.280029296875,0.0,0.0,2.0798407,0.014966982800364903,1673.6383
29,0,1,0.0,0.08249999582767487,3.855648025870323,0.0,1.310197353363037,0.0,0.0,2.3728669,0.05276174837645975,1674.3406
30,0,1,0.0,0.0,3.5251970291137695,0.0,0.6046814918518066,0.0,0.0,2.1237214,0.2256741024719071,1673.1459
31,0,1,0.0,0.3310000002384186,3.65017232298851,0.0,1.522841215133667,0.0,0.0,2.2967424,-0.24618191492314212,1674.2212
32,0,1,0.0,0.0,3.978095531463623,0.0,0.3941969871520996,0.0,0.0,2.1618383,0.04294320482176728,1673.2437
33,0,1,0.0,0.0,4.049435615539551,0.0,0.9109377861022949,0.0,0.0,2.0287113,-0.24911067820431976,1673.4066
34,0,1,0.0,0.0,3.3187828063964844,0.0,0.5287160873413086,0.0,0.0,1.9805895,0.46258562969973904,1672.9573
35,0,1,0.0,0.0,4.177699565887451,0.0,1.141615390777588,0.0,0.0,2.3162472,-0.09738813322756146,1674.2048
36,0,1,0.0,0.0,3.7594985961914062,0.0,0.6089029312133789,0.0,0.0,2.399902,-0.03192950396726513,1673.403
37,0,1,0.0,0.0,3.536834955215454,0.0,0.7433393001556396,0.0,0.0,1.9485502,0.17894956806640017,1673.0743
38,0,1,0.0,0.0,3.7291102409362793,0.0,0.7818083763122559,0.0,0.0,2.0935786,0.08687680618891225,1673.358
39,0,1,0.0,0.7084999680519104,3.307635247707367,0.0,1.9343338012695312,0.0,0.0,2.330482,0.006123006408717657,1674.9537
40,0,1,0.0,0.17649999260902405,3.302038758993149,0.0,1.4482576847076416,0.0,0.0,2.2864418,0.12603578712779617,1674.0059
41,0,1,0.0,0.0,3.4904239177703857,0.0,0.5922062397003174,0.0,0.0,2.0585835,0.06486036596669198,1672.8727
42,0,1,0.0,0.0,3.808666229248047,0.0,0.5472202301025391,0.0,0.0,2.0933597,0.13962786408689754,1673.2555
43,0,1,0.0,0.0,3.812469959259033,0.0,0.8377981185913086,0.0,0.0,2.0944948,0.15261114558723632,1673.564
44,0,1,0.0,0.0,3.7151708602905273,0.0,1.1815571784973145,0.0,0.0,2.2287822,0.022863784649712837,1673.815
45,0,1,0.0,0.0,3.5380046367645264,0.0,1.102778673171997,0.0,0.0,2.2708752,-0.11728448649901058,1673.461
46,0,1,0.0,0.0,3.992013692855835,0.0,0.8610765933990479,0.0,0.0,2.2221942,-0.2264104628174084,1673.5155
47,0,1,0.0,0.0,3.7949893474578857,0.0,0.5345947742462158,0.0,0.0,2.305648,0.07584190173340266,1673.3777
48,0,1,0.0,0.460999995470047,4.187263458967209,0.0,0.9836030006408691,0.0,0.0,2.1333575,-0.34184993164070665,1674.09
49,0,1,0.0,0.0,3.1295037269592285,0.0,1.162865161895752,0.0,0.0,2.1697624,0.3960427345824331,1673.5248
50,0,1,0.0,0.08349999785423279,3.2006751596927643,0.0,1.4705836772918701,0.0,0.0,2.2224593,0.1661558885985781,1673.81
51,0,1,0.0,0.0,3.938042402267456,0.0,0.5279190540313721,0.0,0.0,2.3113003,-0.04018773286125654,1673.4037
52,0,1,0.0,0.0,3.257065534591675,0.0,1.1159846782684326,0.0,0.0,2.288061,0.10636281057733665,1673.4341
53,0,1,0.0,0.0,3.5789711475372314,0.0,0.536522626876831,0.0,0.0,2.101854,0.33912624902336885,1673.2231
54,0,1,0.0,0.5475000143051147,3.419657588005066,0.0,1.9084370136260986,0.0,0.0,2.2709372,0.15164220750118895,1674.9648
55,0,1,0.0,0.0,4.089885234832764,0.0,1.2691588401794434,0.0,0.0,1.934642,0.04068794842526935,1674.001
56,0,1,0.0,0.0,3.6496694087982178,0.0,0.5840222835540771,0.0,0.0,2.1793005,0.2063818310852632,1673.286
57,0,1,0.0,0.0,3.635582208633423,0.0,0.5388901233673096,0.0,0.0,2.168315,0.139186691436755,1673.1486
58,0,1,0.0,0.0,3.627624034881592,0.0,0.9523706436157227,0.0,0.0,2.0830202,0.07455914494013172,1673.4042
59,0,1,0.0,0.0,3.9560115337371826,0.0,0.5613410472869873,0.0,0.0,2.0314496,-0.14752815758666138,1673.0679
60,0,1,0.0,0.0,3.810519218444824,0.0,0.9538288116455078,0.0,0.0,2.272129,-0.16510300665282118,1673.538
61,0,1,0.0,0.0,4.136046409606934,0.0,0.6571288108825684,0.0,0.0,2.245614,-0.1868151970518963,1673.5186
62,0,1,0.0,0.0,3.58652400970459,0.0,0.6200551986694336,0.0,0.0,2.1852639,-0.17576908493640975,1672.8827
63,0,1,0.0,0.0,3.9204249382019043,0.0,0.4865403175354004,0.0,0.0,2.2063198,-0.05861103229987652,1673.2213
64,0,1,0.0,0.0,4.016510009765625,0.0,0.638373851776123,0.0,0.0,2.2161546,-0.009364438104303208,1673.5283
65,0,1,0.0,0.0,3.3618106842041016,0.0,0.8998227119445801,0.0,0.0,2.0582316,0.17750902728880558,1673.164
66,0,1,0.0,0.0,3.595024824142456,0.0,0.6100180149078369,0.0,0.0,2.1569598,0.03137138438715237,1673.06
67,0,1,0.0,0.0,4.304863452911377,0.0,0.7849984169006348,0.0,0.0,2.1012375,-0.29572534637461345,1673.562
68,0,1,0.0,0.0,4.130213260650635,0.0,0.5209083557128906,0.0,0.0,2.130799,-0.25344659292611427,1673.1951
69,0,1,0.0,0.0,3.5851967334747314,0.0,0.7042067050933838,0.0,0.0,2.0756626,-0.08649201513050153,1672.9452
70,0,1,0.0,0.0,3.8574941158294678,0.0,0.6417491436004639,0.0,0.0,2.2392998,-0.2360690359923603,1673.1691
71,0,1,0.0,0.0,3.3893918991088867,0.0,0.712486743927002,0.0,0.0,2.0508418,0.30805358040169084,1673.1274
72,0,1,0.0,0.0,3.7889397144317627,0.0,0.5021603107452393,0.0,0.0,2.209263,0.008210998260402391,1673.1752
73,0,1,0.0,0.0,3.577008008956909,0.0,0.9342105388641357,0.0,0.0,2.2309067,0.1997487756165044,1673.6085
74,0,0,0.0,500.0,4.076873779296875,0.0,1.93646240234375,0.0,0.0,2.6714082,-0.37557035820296214,2174.9758
75,0,1,0.0,0.08349999785423279,3.3444983065128326,0.0,0.9425137042999268,0.0,0.0,2.1621118,0.16015021477055846,1673.3594
76,0,1,0.0,0.0,4.559847354888916,0.0,0.6908555030822754,0.0,0.0,2.21445,-0.4903788345337152,1673.6414
77,0,1,0.0,0.0,3.219677448272705,0.0,0.8834362030029297,0.0,0.0,2.1320913,0.2017690721617802,1673.1036
78,0,1,0.0,0.0,3.9261813163757324,0.0,0.557711124420166,0.0,0.0,2.0189292,-0.014447617358425813,1673.155
79,0,1,0.0,0.08249999582767487,3.8207790702581406,0.0,1.2437646389007568,0.0,0.0,2.0719006,0.0011297184509464486,1673.8867
80,0,1,0.0,0.0,3.8236136436462402,0.0,0.822904109954834,0.0,0.0,2.2827244,-0.116468130163633,1673.4794
81,0,1,0.0,0.0,3.8332324028015137,0.0,1.6371850967407227,0.0,0.0,2.105905,0.49485152389537035,1674.7378
82,0,1,0.0,0.0,3.881277084350586,0.0,0.5223612785339355,0.0,0.0,2.3683326,-0.02309693944695601,1673.4155
83,0,1,0.0,0.45749998092651367,4.014492511749268,0.0,1.3151631355285645,0.0,0.0,1.9470687,0.267149695233047,1674.668
84,0,1,0.0,0.0,3.493302345275879,0.0,0.5755395889282227,0.0,0.0,2.1191669,0.2449651892334077,1673.0996
85,0,1,0.0,0.0,3.666337490081787,0.0,0.640110969543457,0.0,0.0,2.0877175,0.13210806381226448,1673.1929
86,0,1,0.0,0.4194999933242798,3.9232934713363647,0.0,1.4233508110046387,0.0,0.0,2.2077415,-0.21201175222779778,1674.4285
87,0,1,0.0,0.0,3.610246181488037,0.0,0.729799747467041,0.0,0.0,2.067799,0.33872909448238264,1673.4132
88,0,1,0.0,0.0,4.290561199188232,0.0,1.0949110984802246,0.0,0.0,2.073513,-0.35051127423089135,1673.7751
89,0,1,0.0,0.0,3.1750800609588623,0.0,1.3388488292694092,0.0,0.0,2.2231846,0.3875605332093204,1673.7913
90,0,1,0.0,0.0,4.437650680541992,0.0,1.416135311126709,0.0,0.0,2.1521,-0.0509119682312571,1674.6216
91,0,1,0.0,0.0,3.95613431930542,0.0,0.43889331817626953,0.0,0.0,2.2274337,-0.2027873140442522,1673.0863
92,0,1,0.0,0.0,3.347519636154175,0.0,1.4717533588409424,0.0,0.0,2.130737,0.09286402844231745,1673.7095
93,0,1,0.0,0.0,3.9000117778778076,0.0,0.5762584209442139,0.0,0.0,2.1633425,-0.2909386753844969,1673.0153
94,0,1,0.0,0.0,3.7794106006622314,0.0,0.9886496067047119,0.0,0.0,2.2286448,-0.06273098392945764,1673.6006
95,0,1,0.0,0.0,3.3387200832366943,0.0,0.757432222366333,0.0,0.0,2.1657488,0.3702729178345012,1673.2988
96,0,1,0.0,0.0,4.1370673179626465,0.0,0.5317702293395996,0.0,0.0,2.2059011,-0.2963646238648554,1673.245
97,0,1,0.0,0.0,3.4021427631378174,0.0,0.9697182178497314,0.0,0.0,2.4455135,0.24759954245002236,1673.7316
98,0,1,0.0,0.0,3.611412525177002,0.0,0.8294224739074707,0.0,0.0,2.1719742,0.3528648243530137,1673.6323
99,0,1,0.0,0.0,4.265381336212158,0.0,1.7881503105163574,0.0,0.0,2.1093898,-0.03014742329091069,1674.7994
100,0,1,0.0,0.0,4.0288166999816895,0.0,0.7187294960021973,0.0,0.0,2.242224,-0.185696172546308,1673.4707
101,0,1,0.0,0.0,3.6386947631835938,0.0,1.0392851829528809,0.0,0.0,2.0325277,0.11026637730100486,1673.4874
102,0,1,0.0,0.0,3.615057945251465,0.0,0.8398828506469727,0.0,0.0,2.0287719,0.11306132753910925,1673.2634
103,0,1,0.0,0.0,3.8596065044403076,0.0,0.6516625881195068,0.0,0.0,2.1281364,0.25576853087763407,1673.5618
104,0,1,0.0,0.0,3.441699743270874,0.0,0.8618175983428955,0.0,0.0,2.0757835,-0.013926818176344113,1673.032
105,0,1,0.0,0.0,3.627190589904785,0.0,0.8192434310913086,0.0,0.0,2.2154348,0.02170520244149232,1673.3502
106,0,1,0.0,0.0,4.263276100158691,0.0,0.8874235153198242,0.0,0.0,2.1193328,-0.018358392040970894,1673.9183
107,0,1,0.0,0.0,3.8895177841186523,0.0,0.926384449005127,0.0,0.0,2.4044442,-0.2158724096862552,1673.6711
108,0,1,0.0,1.8489999771118164,3.673285484313965,0.0,2.183194160461426,0.0,0.0,2.3710191,-0.1249246984498189,1676.6182
109,0,1,0.0,0.0,3.711078405380249,0.0,0.6271946430206299,0.0,0.0,2.2247229,0.3697780750366806,1673.5994
110,0,0,0.0,500.0,3.876068115234375,0.0,2.24664306640625,0.0,0.0,2.0934741,-0.030011258203009206,2174.8528
111,0,1,0.0,0.0,3.713731288909912,0.0,1.2768802642822266,0.0,0.0,2.2323294,-0.06696692975467267,1673.8226
112,0,1,0.0,0.0,3.6502459049224854,0.0,1.1186130046844482,0.0,0.0,2.3141854,-0.1154702861694692,1673.6342
113,0,1,0.0,0.0,3.5597164630889893,0.0,0.6548597812652588,0.0,0.0,2.1772015,0.23379627908334566,1673.2922
114,0,1,0.0,0.0,3.761875867843628,0.0,0.8296959400177002,0.0,0.0,2.2017536,-0.0567513844238583,1673.4032
115,0,1,0.0,0.0,3.6703617572784424,0.0,0.7448303699493408,0.0,0.0,2.1136513,0.14833059620981803,1673.3438
116,0,1,0.0,0.5195000171661377,3.118117570877075,0.0,1.7577447891235352,0.0,0.0,2.3559453,0.14996634627076055,1674.5679
117,0,1,0.0,0.25999999046325684,3.1551573276519775,0.0,1.1367545127868652,0.0,0.0,2.2457676,-0.014505407464504128,1673.4498
118,0,1,0.0,0.5230000019073486,3.7727434635162354,0.0,1.6981253623962402,0.0,0.0,2.37162,-0.19191480438222897,1674.8402
119,0,1,0.0,1.244499921798706,3.6333205699920654,0.0,2.0365066528320312,0.0,0.0,2.5323322,-0.07468532118521498,1676.0386
120,0,1,0.0,0.0,3.2205095291137695,0.0,1.4301514625549316,0.0,0.0,2.2792075,0.10850553176872602,1673.705
121,0,1,0.0,0.0,3.687781572341919,0.0,0.8911154270172119,0.0,0.0,2.1007519,0.2737251240782599,1673.62
122,0,1,0.0,0.0,3.9055356979370117,0.0,0.9970884323120117,0.0,0.0,2.2549489,0.12930099318855293,1673.9535
123,0,1,0.0,0.0,3.938704013824463,0.0,0.7537474632263184,0.0,0.0,2.107302,-0.030379453613359253,1673.436
124,0,1,0.0,0.0,3.5892670154571533,0.0,0.6415708065032959,0.0,0.0,2.2121577,0.01927850147698118,1673.1289
125,0,1,0.0,0.0,3.681812047958374,0.0,0.7648651599884033,0.0,0.0,2.1392136,-0.03721678450920729,1673.2153
126,0,1,0.0,0.0,3.279745578765869,0.0,1.0235648155212402,0.0,0.0,2.2551234,0.47404022915043464,1673.6991
127,0,1,0.0,0.9214999675750732,3.5227229595184326,0.0,1.9004883766174316,0.0,0.0,2.3229105,0.002452219726627014,1675.3367
128,0,1,0.0,0.0,3.4474399089813232,0.0,1.0697424411773682,0.0,0.0,2.1612945,0.054797173278697375,1673.3999
129,0,0,0.0,500.0,4.101104736328125,0.0,1.7891845703125,0.0,0.0,2.2323782,-0.4384934832029619,2174.3508
130,0,1,0.0,0.0,3.665541648864746,0.0,1.179246425628662,0.0,0.0,2.2326238,-0.10953785105601899,1673.6345
131,0,1,0.0,0.0,3.689502716064453,0.0,0.7146010398864746,0.0,0.0,2.203062,-0.27899173251348675,1672.9948
132,0,1,0.0,0.2694999873638153,3.398173600435257,0.0,1.6506357192993164,0.0,0.0,2.2336807,0.2122840163391766,1674.4309
133,0,1,0.0,0.0,3.634416341781616,0.0,0.4977438449859619,0.0,0.0,2.018182,-0.011568163330114789,1672.8054
134,0,1,0.0,0.0,3.8972160816192627,0.0,0.6839821338653564,0.0,0.0,2.3029943,-0.3084184920470303,1673.2424
135,0,1,0.0,0.0,3.5801916122436523,0.0,0.7056150436401367,0.0,0.0,2.1924074,0.026059967553785146,1673.1709
136,0,1,0.0,0.0,3.7775540351867676,0.0,0.7067885398864746,0.0,0.0,1.9449409,0.12289054836435898,1673.2188
137,0,1,0.0,0.0,3.6678433418273926,0.0,1.4563393592834473,0.0,0.0,2.2126527,-0.12936137767334133,1673.8741
138,0,1,0.0,0.0,3.9481678009033203,0.0,0.8240418434143066,0.0,0.0,2.1501198,-0.04705542088018566,1673.5419
139,0,1,0.0,0.0,3.3856163024902344,0.0,1.1449451446533203,0.0,0.0,1.9977074,0.14750517629394322,1673.3424
140,0,1,0.0,0.0,3.8004543781280518,0.0,0.6909825801849365,0.0,0.0,2.0600045,0.3246325651244799,1673.5427
141,0,1,0.0,0.0,3.7678866386413574,0.0,0.6898317337036133,0.0,0.0,2.114567,0.237088651092642,1673.476
142,0,1,0.0,0.0,3.6700387001037598,0.0,1.347053050994873,0.0,0.0,2.1956367,0.24264557233893802,1674.122
143,0,1,0.0,0.0,4.407345771789551,0.0,0.5643320083618164,0.0,0.0,2.4039352,-0.47903895671381536,1673.5632
144,0,1,0.0,0.0,3.4651315212249756,0.0,0.5692503452301025,0.0,0.0,1.9983709,0.4479212569825084,1673.1473
145,0,1,0.0,0.0,3.5601248741149902,0.0,1.00205659866333,0.0,0.0,2.1386802,0.0169123506590938,1673.3844
146,0,1,0.0,0.0,3.567085027694702,0.0,0.7801845073699951,0.0,0.0,2.0879858,0.17761868837290118,1673.2795
147,0,1,0.0,0.0,3.73638916015625,0.0,0.9663667678833008,0.0,0.0,2.1278226,0.10659549539804125,1673.6038
148,0,1,0.0,0.0,3.978837251663208,0.0,0.5459387302398682,0.0,0.0,2.0331895,0.31320854153448474,1673.5378
149,0,1,0.0,0.0,4.336591720581055,0.0,0.5428447723388672,0.0,0.0,2.2386093,-0.24967176948233982,1673.535
150,0,1,0.0,0.16599999368190765,3.3398288637399673,0.0,1.7063722610473633,0.0,0.0,2.1899753,0.19219760496822902,1674.261
151,0,1,0.0,0.0,4.184473991394043,0.0,0.7082333564758301,0.0,0.0,2.0966637,-0.13089702443230733,1673.5251
152,0,1,0.0,0.0,3.61833119392395,0.0,1.0954601764678955,0.0,0.0,2.281866,0.010616653045681268,1673.6729
153,0,1,0.0,0.0,4.044348239898682,0.0,1.1151442527770996,0.0,0.0,2.162609,0.0893725307616684,1674.0781
154,0,1,0.0,0.0,3.883524179458618,0.0,1.2669332027435303,0.0,0.0,2.2273986,-0.2624819587647229,1673.782
155,0,1,0.0,0.0,3.572176933288574,0.0,0.8587570190429688,0.0,0.0,2.0946484,0.11189167110601916,1673.3041
156,0,0,0.0,500.0,3.851470947265625,0.0,2.0450439453125,0.0,0.0,2.3506968,0.04416233085945853,2174.958
157,0,1,0.0,1.1875,3.861482620239258,0.0,1.6731090545654297,0.0,0.0,2.1872728,-0.2622904513672615,1675.3137
158,0,1,0.0,0.0,3.742995500564575,0.0,0.7003357410430908,0.0,0.0,2.22076,-0.13471721817025317,1673.196
159,0,1,0.0,0.3434999883174896,3.6012822687625885,0.0,1.6100983619689941,0.0,0.0,2.0263708,-0.07427739561149371,1674.1736
160,0,1,0.0,0.0,3.477562665939331,0.0,0.7627642154693604,0.0,0.0,2.1202443,0.006102842028862465,1673.0333
161,0,1,0.0,0.0,3.3513057231903076,0.0,0.8821709156036377,0.0,0.0,2.2351255,0.2592718846436619,1673.3945
162,0,1,0.0,0.0,3.8406057357788086,0.0,0.5967097282409668,0.0,0.0,2.315215,-0.32955644058225664,1673.0896
163,0,1,0.0,0.08349999785423279,3.682859092950821,0.0,1.1435277462005615,0.0,0.0,2.3110573,-0.18357011356816422,1673.704
164,0,1,0.0,0.8034999966621399,3.511253535747528,0.0,1.8559494018554688,0.0,0.0,2.501554,0.12621708917225627,1675.4651
165,0,1,0.0,0.6480000019073486,3.133793354034424,0.0,1.4630186557769775,0.0,0.0,2.4792647,0.25809731171868755,1674.6488
166,0,1,0.0,0.0,3.756739377975464,0.0,1.0847089290618896,0.0,0.0,2.433709,-0.18478328359979157,1673.757
167,0,1,0.0,0.0,3.7537407875061035,0.0,0.7223610877990723,0.0,0.0,2.1141317,-0.2115595518676785,1673.0453
168,0,1,0.0,0.0,3.7238967418670654,0.0,0.847496747970581,0.0,0.0,2.290098,0.07528253359981862,1673.6034
169,0,1,0.0,0.0,3.8771591186523438,0.0,0.5091853141784668,0.0,0.0,2.200839,0.01949059060675218,1673.2733
170,0,1,0.0,0.0,3.8634212017059326,0.0,0.6211154460906982,0.0,0.0,2.3009284,-0.07709102435913096,1673.375
171,0,1,0.0,0.0,3.6559934616088867,0.0,0.8401904106140137,0.0,0.0,2.0040846,0.0028055512145201966,1673.1697
172,0,1,0.0,0.0,3.73616886138916,0.0,0.5104894638061523,0.0,0.0,2.0765529,0.1552627982421444,1673.1451
173,0,1,0.0,0.762499988079071,3.739887535572052,0.0,1.708299160003662,0.0,0.0,2.1303487,0.15633863978270224,1675.164
174,0,1,0.0,0.08349999785423279,3.4896067678928375,0.0,1.108818531036377,0.0,0.0,2.222809,-0.1640602733458696,1673.4073
175,0,1,0.0,0.0,3.8275387287139893,0.0,0.7621886730194092,0.0,0.0,2.2134328,-0.1340861782958105,1673.3357
176,1,0,0.0,0.0,4.6108174324035645,0.0,1.4494633674621582,0.0,0.0,1.8966902,-0.3805969764282846,1674.243
177,0,1,0.0,0.0,3.544402837753296,0.0,1.149383783340454,0.0,0.0,2.052524,0.15206340234380455,1673.565
178,0,1,0.0,0.0,3.912713050842285,0.0,0.7912917137145996,0.0,0.0,2.2831736,-0.252304341119443,1673.4015
179,0,1,0.0,0.6294999718666077,3.5659651160240173,0.0,1.724897861480713,0.0,0.0,2.4084878,-0.1698767259339431,1674.8256
180,0,1,0.0,0.0,3.6358284950256348,0.0,1.3517484664916992,0.0,0.0,2.1423104,-0.09701333807989032,1673.6995
181,0,1,0.0,0.7084999680519104,3.836849629878998,0.0,1.8077101707458496,0.0,0.0,2.4227448,-0.039330545239262715,1675.4031
182,0,1,0.0,0.0,3.7182059288024902,0.0,0.7386355400085449,0.0,0.0,2.2559717,-0.0010391453734790446,1673.3784
183,0,1,0.0,0.0,3.689861536026001,0.0,1.0981934070587158,0.0,0.0,2.2253664,-0.3203473196472415,1673.3597
184,0,1,0.0,0.0,4.408434867858887,0.0,0.947113037109375,0.0,0.0,2.3863938,-0.7219676815307632,1673.6866
185,0,1,0.0,0.0,3.4254980087280273,0.0,0.684812068939209,0.0,0.0,2.1592488,0.31281514577028746,1673.249
186,0,1,0.0,1.2304999828338623,3.7171380519866943,0.0,1.9388093948364258,0.0,0.0,2.3338702,-0.13984360621943637,1675.7471
187,0,1,0.0,0.0,3.7853951454162598,0.0,0.7714653015136719,0.0,0.0,2.107094,-0.048880423492430936,1673.2817
188,0,1,0.0,0.0,4.307382106781006,0.0,1.3738036155700684,0.0,0.0,2.153797,0.01109130108642109,1674.5127
189,0,1,0.0,0.0,3.7641377449035645,0.0,0.5802741050720215,0.0,0.0,2.1707773,-0.08401512653807952,1673.0978
190,0,1,0.0,0.0,3.902860403060913,0.0,0.4253408908843994,0.0,0.0,1.9604777,-0.25060497050780994,1672.7047
191,0,1,0.0,0.0,3.819230079650879,0.0,1.0785021781921387,0.0,0.0,2.5307968,0.005544965594443063,1674.1007
192,0,1,0.0,0.0,3.8969483375549316,0.0,0.4783039093017578,0.0,0.0,2.0554228,0.05029897658082172,1673.1476
193,0,1,0.0,0.3579999804496765,3.868915855884552,0.0,1.2854218482971191,0.0,0.0,2.1538794,-0.11224306119374372,1674.2206
194,1,0,0.0,0.0,3.9749133586883545,0.0,0.5896847248077393,0.0,0.0,2.1048915,0.09748443994147582,1673.4336
195,0,1,0.0,0.0,3.4849870204925537,0.0,0.7975690364837646,0.0,0.0,2.116793,0.20322496646113697,1673.2692
196,0,1,0.0,0.0,3.8111491203308105,0.0,1.0944314002990723,0.0,0.0,2.380931,-0.023537497192446022,1673.9296
197,0,1,0.0,0.0,3.7745494842529297,0.0,0.9762473106384277,0.0,0.0,2.3123903,-0.13751307145383462,1673.5923
198,0,1,0.0,0.0,4.250036239624023,0.0,0.509547233581543,0.0,0.0,2.0755613,-0.2667707497681664,1673.235
199,0,1,0.0,0.0,3.9514689445495605,0.0,0.4955611228942871,0.0,0.0,2.287372,-0.007328044006266854,1673.3937
200,0,1,0.0,0.0,3.419355630874634,0.0,0.8914549350738525,0.0,0.0,2.3319075,0.3233559574891274,1673.6327
201,0,1,0.0,0.0,4.073267936706543,0.0,1.9421710968017578,0.0,0.0,1.9935218,0.5567131899290949,1675.2323
202,0,1,0.0,0.0,3.9100067615509033,0.0,0.69862961769104,0.0,0.0,2.078813,-0.12057535580439405,1673.2335
203,0,0,0.0,500.0,3.9617919921875,0.0,1.762969970703125,0.0,0.0,2.399786,-0.2723739394532969,2174.5188
204,0,1,0.0,0.0,3.783761978149414,0.0,0.9794063568115234,0.0,0.0,2.2290523,-0.0841466115235443,1673.5747
205,0,1,0.0,0.0,3.6083548069000244,0.0,0.6076724529266357,0.0,0.0,2.2039993,0.025147463610742715,1673.1118
206,0,1,0.0,0.0,3.9317009449005127,0.0,0.6808426380157471,0.0,0.0,2.1004207,-0.4917902594787895,1672.8878
207,0,1,0.0,0.0,3.424849271774292,0.0,1.1434428691864014,0.0,0.0,2.07214,-0.14995811752329313,1673.1571
208,0,1,0.0,0.0,3.793283224105835,0.0,1.2087867259979248,0.0,0.0,2.1974075,0.4027965733337706,1674.2689
209,0,1,0.0,0.0,3.567924976348877,0.0,0.9354948997497559,0.0,0.0,2.1688433,0.10041084733887029,1673.4393
210,0,1,0.0,0.0,4.001575946807861,0.0,0.9220008850097656,0.0,0.0,2.2045317,0.012665491619789027,1673.8074
211,0,1,0.0,0.0,3.5583510398864746,0.0,1.2202482223510742,0.0,0.0,2.230535,0.11363976119983787,1673.7894
212,0,1,0.0,0.0,3.754206657409668,0.0,1.126366138458252,0.0,0.0,2.2279522,-0.2074509724303608,1673.5677
213,0,1,0.0,0.0,3.673191785812378,0.0,0.9320080280303955,0.0,0.0,2.1250145,0.2376597095946158,1673.6345
214,0,1,0.0,0.0,4.12047004699707,0.0,2.0815701484680176,0.0,0.0,1.9695512,0.2481826279723245,1675.0864
215,0,1,0.0,0.0,4.094724655151367,0.0,0.7108478546142578,0.0,0.0,2.110202,-0.10850048632816733,1673.4739
216,0,1,0.0,0.0,3.6534581184387207,0.0,0.587740421295166,0.0,0.0,2.055888,0.23818748370363663,1673.2019
217,0,1,0.0,0.0,3.7586734294891357,0.0,0.48948025703430176,0.0,0.0,2.104373,0.024447336914032114,1673.0436
218,0,0,0.0,500.0,3.764312744140625,0.0,2.4188232421875,0.0,0.0,2.38861,0.019628037109185925,2175.258
219,0,1,0.0,0.0,3.9434659481048584,0.0,0.5380294322967529,0.0,0.0,2.1291137,0.01136494303597635,1673.2886
220,0,1,0.0,0.0,3.9039788246154785,0.0,1.177297592163086,0.0,0.0,2.3744993,-0.1354016933409845,1673.987
221,0,1,0.0,0.0,3.767700433731079,0.0,0.7364671230316162,0.0,0.0,2.1199472,0.06965926667483169,1673.3604
222,0,1,0.0,0.0,3.773275136947632,0.0,0.6299850940704346,0.0,0.0,2.2828968,-0.045083007580498435,1673.3077
223,0,0,0.0,500.0,3.795623779296875,0.0,2.310516357421875,0.0,0.0,2.2884474,-0.21061351328103672,2174.8506
224,0,1,0.0,0.0,3.5340120792388916,0.0,0.6059901714324951,0.0,0.0,2.0403073,0.35046447276612946,1673.1974
225,0,1,0.0,0.0,3.230107307434082,0.0,1.1156582832336426,0.0,0.0,2.272802,0.3726064327697274,1673.6578
226,0,0,0.0,500.0,3.672271728515625,0.0,2.153289794921875,0.0,0.0,2.3342981,-0.029885599999873946,2174.7966
227,0,1,0.0,0.0,3.9377715587615967,0.0,0.48983168601989746,0.0,0.0,2.087078,-0.03300722134393119,1673.1483
228,0,1,0.0,0.0,3.812363862991333,0.0,1.215172529220581,0.0,0.0,2.1650703,-0.33083266877449446,1673.5284
229,0,1,0.0,0.0,4.073104381561279,0.0,0.8663630485534668,0.0,0.0,1.9334025,0.12630409332274417,1673.6658
230,0,0,0.0,500.0,3.50396728515625,0.0,2.0321044921875,0.0,0.0,2.436603,0.19769924609373923,2174.837
231,0,1,0.0,0.7594999670982361,3.5747204422950745,0.0,1.783297061920166,0.0,0.0,2.070226,-0.024169447875872052,1674.8302
232,0,1,0.0,0.08349999785423279,3.0429791510105133,0.0,1.4044256210327148,0.0,0.0,2.0815172,0.303352053540046,1673.5824
233,0,1,0.0,0.0,3.2598769664764404,0.0,0.8266088962554932,0.0,0.0,2.3539226,0.4516655607056106,1673.5587
234,0,1,0.0,0.0,4.374130725860596,0.0,1.4404215812683105,0.0,0.0,2.1123416,-0.21501988369137548,1674.3785
235,0,1,0.0,0.0,3.5347418785095215,0.0,1.035132884979248,0.0,0.0,2.1303241,-0.08212484005133991,1673.2847
236,0,1,0.0,0.0,3.6087307929992676,0.0,0.5765233039855957,0.0,0.0,2.1320515,0.21846842645253428,1673.2024
237,0,1,0.0,0.0,3.1036322116851807,0.0,0.8730978965759277,0.0,0.0,2.058728,0.17231591517631495,1672.8744
238,0,1,0.0,0.0,3.9928293228149414,0.0,0.6170015335083008,0.0,0.0,2.2031348,-0.0028916328858050733,1673.4767
239,0,1,0.0,0.0,4.05238676071167,0.0,0.9812850952148438,0.0,0.0,2.230402,0.122000167510945,1674.0527
240,0,1,0.0,0.7774999737739563,3.6610695719718933,0.0,1.8352580070495605,0.0,0.0,2.1513531,0.1564933706420617,1675.2483
241,0,1,0.0,0.08349999785423279,3.4243692457675934,0.0,1.559516429901123,0.0,0.0,2.1974845,0.1135038499146237,1674.045
242,0,1,0.0,0.0,3.4398465156555176,0.0,0.8176226615905762,0.0,0.0,2.1281376,0.22706724619132723,1673.2793
243,0,0,0.0,500.0,3.762664794921875,0.0,2.079925537109375,0.0,0.0,2.3398914,-0.3227077085935557,2174.5264
244,0,1,0.0,0.0,4.161884307861328,0.0,0.6762089729309082,0.0,0.0,2.268091,-0.34451025735470076,1673.4283
245,0,1,0.0,0.0,3.5900461673736572,0.0,0.6955759525299072,0.0,0.0,2.0859475,0.1244044035340468,1673.1626
246,0,1,0.0,0.0,4.19130277633667,0.0,0.5843267440795898,0.0,0.0,2.215155,-0.04901049697868576,1673.6084
247,0,1,0.0,0.0,3.9007222652435303,0.0,0.5010716915130615,0.0,0.0,2.0915704,-0.046090333319034116,1673.1139
248,0,1,0.0,0.0,3.78092885017395,0.0,0.8184711933135986,0.0,0.0,2.1478474,-0.053173420050097064,1673.3607
249,0,1,0.0,0.0,3.683067560195923,0.0,0.9009811878204346,0.0,0.0,2.2020473,0.06537797542114676,1673.5181
250,0,1,0.0,0.6599999666213989,3.613958716392517,0.0,1.6420087814331055,0.0,0.0,2.1576066,0.04789995899046451,1674.7881
251,0,1,0.0,0.3349999785423279,3.608797609806061,0.0,1.7630209922790527,0.0,0.0,2.3297446,-0.24868915718988882,1674.4545
252,0,1,0.0,0.0,3.78267502784729,0.0,0.8479716777801514,0.0,0.0,2.2024534,-0.018326082190047277,1673.4814
253,0,1,0.0,0.0,3.79500150680542,0.0,0.46988868713378906,0.0,0.0,2.127419,0.3070648294982763,1673.366
254,0,1,0.0,0.0,3.771247625350952,0.0,0.9835522174835205,0.0,0.0,2.1758249,-0.18415071939698668,1673.4131
255,0,1,0.0,0.0,3.4944536685943604,0.0,1.091177225112915,0.0,0.0,2.1717849,0.01775822973028207,1673.4418
256,0,1,0.0,0.0,4.026439189910889,0.0,0.5379791259765625,0.0,0.0,2.2606516,-0.0696958924499258,1673.422
257,0,1,0.0,0.0,3.5117292404174805,0.0,0.6671032905578613,0.0,0.0,2.1346304,0.020311092462057978,1673.0004
258,0,1,0.0,0.0,3.9578893184661865,0.0,0.5722181797027588,0.0,0.0,2.0749385,-0.0707719747313984,1673.2009
259,0,1,0.0,0.0,3.908345937728882,0.0,0.6170117855072021,0.0,0.0,2.3237386,-0.11762229979847083,1673.3981
260,0,1,0.0,0.0,4.045161724090576,0.0,1.5790748596191406,0.0,0.0,2.1360087,-0.009671260272123394,1674.4172
261,0,1,0.0,0.0,4.021681308746338,0.0,0.8180441856384277,0.0,0.0,2.2271307,-0.13188217094730348,1673.6016
262,0,1,0.0,0.0,3.4449410438537598,0.0,0.5917487144470215,0.0,0.0,2.1636457,0.178538565136666,1673.0455
263,0,1,0.0,0.0,3.5088131427764893,0.0,0.7067720890045166,0.0,0.0,2.1952238,0.10286499165648255,1673.1803
264,0,1,0.0,0.0,3.3335437774658203,0.0,0.7434449195861816,0.0,0.0,2.1478958,0.13668952638546772,1673.0282
265,0,1,0.0,0.0,3.250842332839966,0.0,1.0768954753875732,0.0,0.0,2.3538363,0.03979991520988069,1673.388
266,0,1,0.0,0.0,3.8747198581695557,0.0,0.5888063907623291,0.0,0.0,2.2358716,-0.32562382549429403,1673.0404
267,0,1,0.0,0.08249999582767487,3.7816855758428574,0.0,1.4087936878204346,0.0,0.0,2.202503,-0.24370823605342906,1673.8984
268,0,1,0.0,1.5104999542236328,3.735111713409424,0.0,1.9119668006896973,0.0,0.0,2.1979287,-0.21513314488523738,1675.807
269,0,1,0.0,0.0,3.776414394378662,0.0,0.5349588394165039,0.0,0.0,2.0729787,0.12012208964235782,1673.1711
270,0,1,0.0,0.0,3.8915793895721436,0.0,0.7895815372467041,0.0,0.0,2.2258236,-0.2667105033813062,1673.3069
271,0,1,0.0,0.0,3.966708183288574,0.0,0.8931422233581543,0.0,0.0,2.0820763,-0.48855268320933787,1673.12
272,0,1,0.0,0.0,3.492093086242676,0.0,0.554898738861084,0.0,0.0,2.0829177,0.37086449833378365,1673.1674
273,0,1,0.0,0.0,3.914443016052246,0.0,0.9537143707275391,0.0,0.0,2.4919875,-0.3973708633422528,1673.6294
274,0,1,0.0,0.0,3.66660737991333,0.0,0.8945326805114746,0.0,0.0,2.1139822,0.145451763012725,1673.4872
275,0,1,0.0,0.7885000109672546,3.5850165486335754,0.0,1.741544246673584,0.0,0.0,2.4663858,0.03942741716299514,1675.2875
276,0,1,0.0,0.25949999690055847,3.3211372196674347,0.0,1.5797441005706787,0.0,0.0,2.22338,0.06951270629874395,1674.1199
277,0,1,0.0,0.0,4.008077621459961,0.0,0.4317784309387207,0.0,0.0,2.2933989,-0.2686809289611465,1673.1312
278,0,1,0.0,0.0,3.5623555183410645,0.0,0.7103099822998047,0.0,0.0,2.3115988,0.003409722796688275,1673.2543
279,0,1,0.0,0.08249999582767487,4.056789860129356,0.0,1.1291494369506836,0.0,0.0,1.9544698,0.1489649305298979,1674.0385
280,0,1,0.0,0.0,3.450254201889038,0.0,1.3172690868377686,0.0,0.0,2.4152982,-0.1800474652893107,1673.6694
281,0,1,0.0,0.0,3.325432538986206,0.0,1.3739397525787354,0.0,0.0,2.3046362,0.12426553187265643,1673.7949
282,0,1,0.0,0.0,4.061564922332764,0.0,0.7036285400390625,0.0,0.0,2.2963607,-0.026680138934429998,1673.7015
283,0,1,0.0,0.0,3.396824836730957,0.0,1.0915732383728027,0.0,0.0,2.2782178,0.22285814833366402,1673.6561
284,0,1,0.0,1.0885000228881836,3.561917781829834,0.0,2.142073631286621,0.0,0.0,2.3283663,0.11911628743288727,1675.9066
285,0,1,0.006115246098488569,0.0,3.352399062830955,0.0,0.8778152465820312,0.0,0.0,2.2145402,0.18600426792601077,1673.3035
286,0,1,0.0,0.0,3.458287239074707,0.0,0.6809659004211426,0.0,0.0,2.147653,0.07246788394171766,1673.026
287,0,1,0.0,0.0,3.3877112865448,0.0,0.7453572750091553,0.0,0.0,2.073217,0.157988461883519,1673.0309
288,0,1,0.0,0.0,3.5382392406463623,0.0,0.7911245822906494,0.0,0.0,2.0576844,0.20012580050044404,1673.2538
289,0,1,0.0,0.0,3.504716634750366,0.0,0.9386579990386963,0.0,0.0,2.187652,0.11154738964849287,1673.4092
290,0,1,0.0,0.0,3.6934735774993896,0.0,0.7665426731109619,0.0,0.0,2.1180587,0.08949907282715808,1673.3342
291,0,1,0.0,0.0,3.625214099884033,0.0,0.853764533996582,0.0,0.0,2.2464979,0.194697489556924,1673.5868
292,0,1,0.0,0.0,3.3614985942840576,0.0,0.8339874744415283,0.0,0.0,2.2059805,0.2980074547118745,1673.3661
293,0,1,0.0,0.0,3.5095369815826416,0.0,0.8476903438568115,0.0,0.0,2.0076675,0.16757919799809073,1673.1991
294,0,1,0.0,0.0,3.6671082973480225,0.0,0.5820958614349365,0.0,0.0,2.209953,0.0047168646545245885,1673.1305
295,0,1,0.0,0.0,4.001524925231934,0.0,0.8250365257263184,0.0,0.0,1.9834456,0.14956697247917417,1673.6262
296,0,1,0.0,0.08349999785423279,3.869052082300186,0.0,1.2526257038116455,0.0,0.0,2.1552048,0.006591439471414162,1674.0336
297,0,1,0.0,0.0,3.6658899784088135,0.0,0.4909813404083252,0.0,0.0,2.0877492,-0.011846495379624677,1672.8994
298,0,1,0.0,0.0,3.858926773071289,0.0,0.6111464500427246,0.0,0.0,2.1493573,-0.1391564996765542,1673.1469
299,0,1,0.0,0.0,3.4996986389160156,0.0,1.274219036102295,0.0,0.0,2.167744,0.320212348419175,1673.9285
