case,cycle,valid,reason,status,vx,vy,progress_end,nominal_cost,solved_cost,solver_ms,elapsed_ms,current_clearance,minimum_clearance,plateau_stages,used_warm,source_preserved,model_x,model_y,rollout_error,paired_difference
world_clear,0,1,solved_soft_dynamic,solved,0.34555645856417139,0,1.5166534582379358,0,0,1.4107860000000001,1.937608,1000000000,1000000000,0,0,1,0.010499999999999999,0,1.1102230246251565e-16,1.3877787807814457e-17
world_hold,0,1,solved_soft_dynamic,solved,0.30250468166917238,0,1.5138735384794415,31.193722217997468,25.63048741016712,1.1492979999999999,1.516802,0.23081157169083349,-0.20789050604463288,14,0,1,0.010499999999999999,0,1.1102230246251565e-16,6.9388939039072284e-18
world_cross,0,1,solved_soft_dynamic,solved,0.31615710942225406,-0.011356107400543379,1.5130689605624013,30.681913682613366,25.32358905750398,1.6423939999999999,1.9910129999999997,0.331136389425362,-0.20723555776258157,14,0,1,0.010499999999999999,0,1.1102569054260746e-16,2.2204460492503131e-16
world_hold_clear,0,1,solved_soft_dynamic,solved,0.30250468166917238,0,1.5138735384794415,31.193722217997468,25.63048741016712,1.136474,1.483992,0.23081157169083349,-0.20789050604463288,14,0,1,0.010499999999999999,0,1.1102230246251565e-16,6.9388939039072284e-18
world_hold_clear,1,1,solved_soft_dynamic,solved,0.25250468166917239,0,1.5010085412853695,25.859300071137142,20.33290141053515,1.3195220000000001,1.6672900000000002,0.23081157169083349,-0.20261946131019198,11,1,1,0.010500000000000001,0,1.1102230246251565e-16,1.3877787807814457e-17
world_hold_clear,2,1,solved_soft_dynamic,solved,0.2025046816691724,0,1.4799264946817656,20.943166875345149,16.085409959450203,0.64458899999999997,0.99277000000000004,0.23081157169083349,-0.18466269788544282,9,1,1,0.010500000000000001,0,1.1102230246251565e-16,4.1961642727122115e-51
world_hold_clear,3,1,solved_soft_dynamic,solved,0.15250468166917241,0,1.4406805305200034,16.81503916514664,12.351332834609556,0.63131899999999996,0.97815600000000003,0.23081157169083349,-0.13891107808572184,6,1,1,0.010500000000000001,0,1.1102230246251565e-16,6.9388939039072284e-18
world_hold_clear,4,1,solved_soft_dynamic,solved,0.11031099588376836,3.0078298731815787e-19,1.4025287890222031,13.367291011001665,9.0509624537938596,0.56465200000000004,0.910412,0.23081157169083349,-0.092418111518107637,4,1,1,0.010500000000000002,-8.3266726846886747e-19,8.3270890079150884e-17,1.3877787807814457e-17
world_hold_clear,5,1,solved_soft_dynamic,solved,0.076214380594702896,2.4865400548645835e-19,1.3668054415450923,10.232378666552364,6.0557484283272895,0.53343600000000002,0.87537300000000007,0.23081157169083349,-0.047383236920531424,2,1,1,0.010500000000000001,0,8.3266726846886741e-17,3.4694469519536142e-18
world_hold_clear,6,1,solved_soft_dynamic,solved,0.048647928498928808,5.0634253373977583e-19,1.3340136897359045,7.3388815512072689,3.182224070204497,0.63328499999999999,0.99982799999999994,0.23081157169083349,-0.0048118793531813364,1,1,1,0.010500000000000001,-8.3266726846886747e-19,8.3270890079150884e-17,8.3266726846886747e-19
world_hold_clear,7,1,solved_soft_dynamic,solved,0.026572900420075783,4.1858783399002688e-19,1.3011464444839387,4.6796531080422614,0.87885275814942343,0.53619799999999995,0.88289200000000001,0.23081157169083349,0.039653627015615145,0,1,1,0.010499999999999999,0,8.3266726846886741e-17,1.3877787807814457e-17
world_hold_clear,8,1,solved_soft_dynamic,solved,0.0089142739743117393,3.4604198361599796e-19,1.2716584213983786,1.7843093959310932,0.26191917220898076,0.54846899999999998,0.89632000000000001,0.23081157169083349,0.08036621119038273,0,1,1,0.010500000000000002,0,6.9388939039072284e-17,1.3877787807814457e-17
world_hold_clear,9,1,solved_soft_dynamic,solved,-0.0045364879190339553,2.860691226581317e-19,1.2412685978173044,0.5161484570051772,0.091363445639098498,0.53337500000000004,0.87351900000000005,0.23081157169083349,0.12313135742420928,0,1,1,0.010499999999999999,0,5.5511151231257827e-17,6.9388939039072284e-18
world_hold_clear,10,1,solved_soft_dynamic,solved,-0.014525317222538765,5.3727320183850406e-19,1.2098195231137221,0.14869973731232627,0.040715351376211233,0.53522599999999998,0.87917599999999996,0.23081157169083349,0.16760767728688003,0,1,1,0.010499999999999999,-8.3266726846886747e-19,4.1641689263627281e-17,2.2204460492503131e-16
world_hold_clear,11,1,solved_soft_dynamic,solved,-0.022608492770105893,7.4494086628877394e-19,1.1916667556759259,0.052149846145809961,0.028407158507099066,0.55667200000000006,0.90317599999999998,0.23081157169083349,0.19284425364137953,0,1,1,0.010500000000000001,-8.3266726846886747e-19,2.4300398767274794e-17,2.2204460492503131e-16
world_hold_clear,12,1,solved_soft_dynamic,solved,-0.028665098775719679,6.1583446558871802e-19,1.1978560751995038,0.033144984604759356,0.032605164210718775,0.49327599999999994,0.83356399999999997,0.23081157169083349,0.18461199885788165,0,1,1,0.010500000000000001,0,3.1225022567582528e-17,2.2204460492503131e-16
world_hold_clear,13,1,solved_soft_dynamic,solved,-0.034290806228916788,5.0910361636667959e-19,1.1933149378437309,0.039349213060396293,0.02888940457975606,0.54732900000000007,0.89611200000000002,0.23081157169083349,0.19031301296040343,0,1,1,0.010500000000000001,0,2.0816681711721685e-17,2.2204460492503131e-16
world_hold_clear,14,1,solved_soft_dynamic,solved,-0.038494195847320195,4.2087039079545024e-19,1.1958381314245679,0.034711692804762787,0.030608567485521834,0.53990099999999996,0.90786800000000001,0.23081157169083349,0.18699577754589131,0,1,1,0.010499999999999997,0,2.7755575615628914e-17,2.7755575615628914e-17
world_hold_clear,15,1,solved_soft_dynamic,solved,-0.042260776042050016,3.4792894835918162e-19,1.193963863600956,0.037380162747564137,0.029029464796880809,0.54261000000000004,0.88205699999999998,0.23081157169083349,0.18929343538288906,0,1,1,0.010500000000000001,0,2.7755575615628914e-17,2.2204460492503131e-16
world_hold_clear,16,1,solved_soft_dynamic,solved,-0.04518787578690131,2.8762905577066507e-19,1.1949493205782187,0.035493944716422386,0.029650030605108721,0.51009799999999994,0.85159000000000007,0.23081157169083349,0.1879694707703235,0,1,1,0.010500000000000001,0,2.7755575615628914e-17,2.2204460492503131e-16
world_hold_clear,17,1,solved_soft_dynamic,solved,-0.047726588292294141,2.3777979416107174e-19,1.1941710346755285,0.036573082360042315,0.02896360477612115,0.56612800000000008,0.90371400000000002,0.23081157169083349,0.18889877725756349,0,1,1,0.010500000000000001,0,2.7755575615628914e-17,2.2204460492503131e-16
world_hold_clear,18,1,solved_soft_dynamic,solved,-0.049752743664216698,1.9656995486701441e-19,1.1945305060106834,0.035811242613573657,0.029151746116005781,0.54869999999999997,0.88667099999999999,0.23081157169083349,0.18839260267401953,0,1,1,0.010500000000000001,0,3.4694469519536142e-17,2.2204460492503131e-16
world_hold_clear,19,1,solved_soft_dynamic,solved,-0.051475217588621655,1.625022314984662e-19,1.1942029281036031,0.036226552999527192,0.028839739932135091,0.54008900000000004,0.90304000000000006,0.23081157169083349,0.18876769352952044,0,1,1,0.010500000000000001,0,2.0816681711721685e-17,6.9388939039072284e-18
world_hold_clear,20,1,solved_soft_dynamic,solved,-0.052872132294340943,1.3433881724115063e-19,1.19432067432433,0.035919740886859439,0.02887285657483795,0.54368699999999992,0.88405199999999995,0.23081157169083349,0.18858406109591802,0,1,1,0.010500000000000002,0,2.0816681711721685e-17,2.9490299091605721e-17
world_hold_clear,21,1,solved_soft_dynamic,solved,-0.05404598090361825,1.1105643074151647e-19,1.1941777170765326,0.036071465005771346,0.028721201912200092,0.53837299999999999,0.88480500000000006,0.23081157169083349,0.18873742524207066,0,1,1,0.010500000000000001,0,2.0816681711721685e-17,2.2204460492503131e-16
world_hold_clear,22,1,solved_soft_dynamic,solved,-0.055006843735994175,9.1809136497795883e-20,1.1942077317924198,0.035946498826775683,0.028706411421941795,0.56669599999999998,0.90684999999999993,0.23081157169083349,0.18867589556418057,0,1,1,0.010500000000000001,0,2.0816681711721685e-17,2.2204460492503131e-16
world_hold_clear,23,1,solved_soft_dynamic,solved,-0.055809010651801022,7.5897608883984236e-20,1.1941413697191838,0.035997958169731614,0.028626463212833006,0.53810599999999997,0.87772299999999992,0.23081157169083349,0.18874079473363375,0,1,1,0.010500000000000001,0,2.0816681711721685e-17,2.2204460492503131e-16
world_hold_clear,24,1,solved_soft_dynamic,solved,-0.056469097726221745,6.2743723054671667e-20,1.194142402281771,0.035945426466573872,0.028601966170581739,0.54233299999999995,0.90464299999999997,0.23081157169083349,0.18872340994129072,0,1,1,0.010499999999999999,0,2.7755575615628914e-17,2.2204460492503131e-16
world_hold_clear,25,1,solved_soft_dynamic,solved,-0.057018177704588689,-2.4891343779415361e-19,1.1941089800690994,0.035960427840396117,0.028556305560930029,0.52987899999999999,0.86714099999999994,0.23081157169083349,0.18875254360227062,0,1,1,0.010500000000000001,8.3266726846886747e-19,2.7768062815667816e-17,2.2204460492503131e-16
world_hold_clear,26,1,solved_soft_dynamic,solved,-0.057471338382049202,-5.0655700359073544e-19,1.1941022632278431,0.035937081142794751,0.028534088737962603,0.53781100000000004,0.87674300000000005,0.23081157169083349,0.18875003961178477,0,1,1,0.010500000000000001,8.3266726846886747e-19,2.4300398767274794e-17,2.2204460492503131e-16
world_hold_clear,27,1,solved_soft_dynamic,solved,-0.057847549970532,-4.1876513386982675e-19,1.1940839031798891,0.035939664691708263,0.02850623614818024,0.534246,0.87625699999999995,0.23081157169083349,0.18876421635351043,0,1,1,0.010499999999999999,0,3.4694469519536142e-17,2.2204460492503131e-16
world_hold_clear,28,1,solved_soft_dynamic,solved,-0.058158549407670637,-4.9658004914630437e-19,1.194076503947916,0.035928447118912188,0.028488974700424594,0.55075600000000002,0.88959300000000008,0.23081157169083349,0.18876603919837925,0,1,1,0.010499999999999999,4.1633363423443374e-19,2.775869794226468e-17,2.2204460492503131e-16
world_hold_clear,29,1,solved_soft_dynamic,solved,-0.058416466287364917,-4.1051729476402055e-19,1.1940656191897834,0.035927324163043034,0.02847117144150418,0.53095700000000001,0.87420900000000001,0.23081157169083349,0.18877358836975461,0,1,1,0.010500000000000001,0,2.7755575615628914e-17,2.2204460492503131e-16
world_hold_clear,30,1,solved_soft_dynamic,solved,-0.0093608736909504484,-1.8897866345876901e-19,1.5008167710357336,0,0,1.2468460000000001,1.57907,1000000000,1000000000,0,1,1,0.010500000000000001,-4.1633363423443374e-19,1.6653397411000312e-16,2.2204460492503131e-16
world_hold_clear,31,1,solved_soft_dynamic,solved,0.033617202753263693,-5.8351002699040936e-21,1.5028754457655551,0,0,0.78766199999999997,1.11625,1000000000,1000000000,0,1,1,0.010500000000000002,-4.1633363423443374e-19,1.6653397411000312e-16,2.2204460492503131e-16
world_hold_clear,32,1,solved_soft_dynamic,solved,0.07092384953563452,-4.8238135655991433e-21,1.5045232391583232,0,0,0.76456199999999996,1.094503,1000000000,1000000000,0,1,1,0.010499999999999999,0,1.1102230246251565e-16,2.7755575615628914e-17
world_hold_clear,33,1,solved_soft_dynamic,solved,0.10330747414831654,-3.9877939091594751e-21,1.5059535880980697,0,0,0.81150099999999992,1.1662919999999999,1000000000,1000000000,0,1,1,0.010500000000000004,0,1.6653345369377348e-16,2.2204460492503131e-16
world_hold_clear,34,1,solved_soft_dynamic,solved,0.13141772348733416,-3.2966656040228304e-21,1.5071951867708235,0,0,0.79527599999999998,1.1276700000000002,1000000000,1000000000,0,1,1,0.010499999999999999,0,5.5511151231257827e-17,2.2204460492503131e-16
world_hold_clear,35,1,solved_soft_dynamic,solved,0.15581851639895566,-2.725317394107236e-21,1.5082729428493216,0,0,0.8193919999999999,1.156946,1000000000,1000000000,0,1,1,0.010500000000000002,0,5.5511151231257827e-17,2.2204460492503131e-16
world_hold_clear,36,1,solved_soft_dynamic,solved,0.17699935643830053,7.2942756750849161e-20,1.5092084771650618,0,0,0.81324700000000005,1.1430450000000001,1000000000,1000000000,0,1,1,0.010500000000000002,-2.0816681711721687e-19,5.5511541542667736e-17,2.2204460492503131e-16
world_hold_clear,37,1,solved_soft_dynamic,solved,0.19538515178508395,1.3549672594754339e-19,1.5100205574431409,0,0,0.78075699999999992,1.1140519999999998,1000000000,1000000000,0,1,1,0.010500000000000002,-2.0816681711721687e-19,1.1102249761873517e-16,2.2204460492503131e-16
world_hold_clear,38,1,solved_soft_dynamic,solved,0.21134473931352371,1.4961153461801996e-19,1.5107254748010066,0,0,0.76777699999999993,1.09738,1000000000,1000000000,0,1,1,0.010500000000000002,-1.0408340855860843e-19,2.2204462931957883e-16,2.2204460492503131e-16
world_hold_clear,39,1,solved_soft_dynamic,solved,0.22519828381751433,1.2368221913560606e-19,1.5113373705640663,0,0,0.79784299999999997,1.1296520000000001,1000000000,1000000000,0,1,1,0.010500000000000001,0,1.1102230246251565e-16,2.2204460492503131e-16
world_hold_clear,40,1,solved_soft_dynamic,solved,0.23722370082669766,1.1164620600907634e-19,1.5118685199543775,0,0,0.77538099999999999,1.104584,1000000000,1000000000,0,1,1,0.010500000000000002,-2.6020852139652108e-20,1.1102230551183421e-16,2.2204460492503131e-16
world_hold_clear,41,1,solved_soft_dynamic,solved,0.24766223186134356,9.2296697260201831e-20,1.5123295783435013,0,0,0.74707800000000002,1.073288,1000000000,1000000000,0,1,1,0.010500000000000001,0,1.1102230246251565e-16,2.2204460492503131e-16
world_hold_clear,42,1,solved_soft_dynamic,solved,0.25672328397105898,7.6300670033057949e-20,1.5127297950095828,0,0,0.81435100000000005,1.1455879999999998,1000000000,1000000000,0,1,1,0.010500000000000001,0,1.6653345369377348e-16,2.2204460492503131e-16
world_hold_clear,43,1,solved_soft_dynamic,solved,0.26458863064315991,6.3076929297706641e-20,1.5130771986868343,0,0,0.81750599999999995,1.1472450000000001,1000000000,1000000000,0,1,1,0.010500000000000001,0,5.5511151231257827e-17,2.2204460492503131e-16
world_hold_clear,44,1,solved_soft_dynamic,solved,0.27141605835500338,5.2145007480328529e-20,1.5133787586297263,0,0,0.83816900000000005,1.2113180000000001,1000000000,1000000000,0,1,1,0.010500000000000001,0,5.5511151231257827e-17,2.2204460492503131e-16
world_hold_clear,45,1,solved_soft_dynamic,solved,0.27734253192365033,4.3107707293265105e-20,1.5136405244229856,0,0,0.86520399999999997,1.2026059999999998,1000000000,1000000000,0,1,1,0.010500000000000002,0,1.1102230246251565e-16,2.2204460492503131e-16
world_hold_clear,46,1,solved_soft_dynamic,solved,0.28248694215284142,3.5636670083571284e-20,1.5138677473421289,0,0,0.87244500000000003,1.2057359999999999,1000000000,1000000000,0,1,1,0.010500000000000002,0,1.6653345369377348e-16,2.2204460492503131e-16
world_hold_clear,47,1,solved_soft_dynamic,solved,0.2869524908977501,2.9460445344624392e-20,1.5140649856991399,0,0,0.87671299999999996,1.2097180000000001,1000000000,1000000000,0,1,1,0.010500000000000001,0,1.6653345369377348e-16,2.2204460492503131e-16
world_hold_clear,48,1,solved_soft_dynamic,solved,0.29082876139422076,2.4354627911874298e-20,1.514236196286624,0,0,0.885212,1.2198910000000001,1000000000,1000000000,0,1,1,0.010500000000000001,0,1.1102230246251565e-16,2.2204460492503131e-16
world_hold_clear,49,1,solved_soft_dynamic,solved,0.29419351538530408,2.0133704490454274e-20,1.5143848137549036,0,0,0.81924700000000006,1.1483979999999998,1000000000,1000000000,0,1,1,0.010500000000000001,0,1.6653345369377348e-16,2.2204460492503131e-16
world_hold_clear,50,1,solved_soft_dynamic,solved,0.2971142530971897,1.6644313268744261e-20,1.5145138195144328,0,0,0.91765699999999994,1.248299,1000000000,1000000000,0,1,1,0.010500000000000001,0,1.1102230246251565e-16,2.2204460492503131e-16
world_hold_clear,51,1,solved_soft_dynamic,solved,0.29964956735916493,1.6415116537371293e-19,1.514625801545781,0,0,0.88752199999999992,1.219258,1000000000,1000000000,0,1,1,0.010499999999999999,-4.1633363423443374e-19,2.2204499523747035e-16,2.2204460492503131e-16
world_hold_clear,52,1,solved_soft_dynamic,solved,0.30185031903255782,2.8609346649795231e-19,1.5147230063170298,0,0,0.75781399999999999,1.0950329999999999,1000000000,1000000000,0,1,1,0.010499999999999999,-4.1633363423443374e-19,1.1102308308533547e-16,2.2204460492503131e-16
world_hold_clear,53,1,solved_soft_dynamic,solved,0.30376065732891078,3.8690183296551772e-19,1.5148073838501017,0,0,1.0263119999999999,1.361926,1000000000,1000000000,0,1,1,0.010500000000000001,-4.1633363423443374e-19,5.5512712460431729e-17,2.2204460492503131e-16
world_hold_clear,54,1,solved_soft_dynamic,solved,0.30541890548595385,3.1984751316791318e-19,1.514880626840089,0,0,1.0386230000000001,1.3726070000000001,1000000000,1000000000,0,1,1,0.010499999999999999,0,5.5511151231257827e-17,2.2204460492503131e-16
world_hold_clear,55,1,solved_soft_dynamic,solved,0.30685832956889603,2.6441444046820013e-19,1.5149442046123585,0,0,1.0357719999999999,1.373078,1000000000,1000000000,0,1,1,0.010500000000000001,0,1.1102230246251565e-16,2.2204460492503131e-16
world_hold_clear,56,1,solved_soft_dynamic,solved,0.30810780581993469,2.1858852562473246e-19,1.5149993925986414,0,0,0.81588899999999998,1.150631,1000000000,1000000000,0,1,1,0.010500000000000001,0,5.5511151231257827e-17,2.2204460492503131e-16
world_hold_clear,57,1,solved_soft_dynamic,solved,0.30919239994366088,1.8070474309265502e-19,1.5150472979234306,0,0,0.84958699999999998,1.1852819999999999,1000000000,1000000000,0,1,1,0.010500000000000002,0,5.5511151231257827e-17,2.2204460492503131e-16
world_hold_clear,58,1,solved_soft_dynamic,solved,0.31013386994938869,1.4938663446700059e-19,1.515088881613972,0,0,0.89760299999999993,1.235927,1000000000,1000000000,0,1,1,0.010500000000000001,0,1.6653345369377348e-16,2.2204460492503131e-16
world_hold_clear,59,1,solved_soft_dynamic,solved,0.31095110263790743,1.2349629664083972e-19,1.5151249778793998,0,0,0.86227399999999998,1.195227,1000000000,1000000000,0,1,1,0.010499999999999999,0,1.6653345369377348e-16,2.2204460492503131e-16
