kind,receipt_ros_ns,receipt_steady_ns,vx,vy,wz
mppi_upstream,1001000000,21122736106393,0.037860095500946045,0.0041442019864916801,0.033996608108282089
mppi_upstream,1101000000,21122835140254,0.079458706080913544,0.0017091613262891769,0.047507505863904953
mppi_upstream,1200000000,21122934625121,0.12495037913322449,0.0061085354536771774,0.07741960883140564
actual_output,1225000000,21122959701392,0.050000000000000003,0.0061085354536771774,0.07741960883140564
actual_output,1275000000,21123009606757,0.10000000000000001,0.0061085354536771774,0.07741960883140564
mppi_upstream,1300000000,21123034597426,0.19495630264282227,-0.0048904451541602612,0.070341944694519043
actual_output,1325000000,21123059617628,0.15000000000000002,-0.0048904451541602612,0.070341944694519043
actual_output,1375000000,21123109641756,0.19495630264282227,-0.0048904451541602612,0.070341944694519043
mppi_upstream,1400000000,21123134659313,0.26384496688842773,-0.0070511563681066036,0.073028795421123505
actual_output,1425000000,21123159633767,0.24495630264282225,-0.0070511563681066036,0.073028795421123505
actual_output,1475000000,21123209602652,0.26384496688842773,-0.0070511563681066036,0.073028795421123505
mppi_upstream,1491000000,21123225509781,0.32021743059158325,-0.010741451755166054,0.091575458645820618
actual_output,1525000000,21123259590987,0.31384496688842772,-0.010741451755166054,0.091575458645820618
actual_output,1575000000,21123309616144,0.32021743059158325,-0.010741451755166054,0.091575458645820618
mppi_upstream,1591000000,21123325509018,0.36559379100799561,-0.019535809755325317,0.10976576060056686
actual_output,1625000000,21123359653470,0.36559379100799561,-0.019535809755325317,0.10976576060056686
actual_output,1675000000,21123409653032,0.36559379100799561,-0.019535809755325317,0.10976576060056686
mppi_upstream,1691000000,21123425506308,0.40351453423500061,-0.02381640300154686,0.11203334480524063
actual_output,1725000000,21123459637450,0.40351453423500061,-0.02381640300154686,0.11203334480524063
actual_output,1775000000,21123509610742,0.40351453423500061,-0.02381640300154686,0.11203334480524063
mppi_upstream,1791000000,21123525650524,0.43814224004745483,-0.034070581197738647,0.086702972650527954
actual_output,1825000000,21123559576451,0.43814224004745483,-0.034070581197738647,0.086702972650527954
actual_output,1875000000,21123609583479,0.43814224004745483,-0.034070581197738647,0.086702972650527954
mppi_upstream,1891000000,21123625487480,0.46844521164894104,-0.038466252386569977,0.044695083051919937
actual_output,1925000000,21123659622503,0.46844521164894104,-0.038466252386569977,0.044695083051919937
actual_output,1975000000,21123709630002,0.46844521164894104,-0.038466252386569977,0.044695083051919937
mppi_upstream,1991000000,21123725572808,0.49668347835540771,-0.048054847866296768,-0.02157919853925705
actual_output,2025000000,21123759676622,0.49668347835540771,-0.048054847866296768,-0.02157919853925705
actual_output,2075000000,21123809596446,0.49668347835540771,-0.048054847866296768,-0.02157919853925705
mppi_upstream,2091000000,21123825723107,0.51971709728240967,-0.04670889675617218,-0.067047260701656342
actual_output,2125000000,21123859627949,0.51971709728240967,-0.04670889675617218,-0.067047260701656342
actual_output,2175000000,21123909631595,0.51971709728240967,-0.04670889675617218,-0.067047260701656342
mppi_upstream,2191000000,21123925517983,0.55302971601486206,-0.046496279537677765,-0.10227440297603607
actual_output,2225000000,21123959615817,0.55302971601486206,-0.046496279537677765,-0.10227440297603607
actual_output,2275000000,21124009638559,0.55302971601486206,-0.046496279537677765,-0.10227440297603607
mppi_upstream,2290000000,21124025072061,0.58629751205444336,-0.042618371546268463,-0.11217203736305237
actual_output,2325000000,21124059579643,0.58629751205444336,-0.042618371546268463,-0.11217203736305237
actual_output,2375000000,21124109562684,0.58629751205444336,-0.042618371546268463,-0.11217203736305237
mppi_upstream,2420000000,21124154813101,0.60763794183731079,-0.055760633200407028,-0.11052662879228592
actual_output,2425000000,21124159582728,0.60763794183731079,-0.055760633200407028,-0.11052662879228592
actual_output,2475000000,21124209554887,0.60763794183731079,-0.055760633200407028,-0.11052662879228592
mppi_upstream,2520000000,21124254882400,0.62743347883224487,-0.071579910814762115,-0.14483433961868286
actual_output,2525000000,21124259602313,0.62743347883224487,-0.071579910814762115,-0.14483433961868286
actual_output,2575000000,21124309600980,0.62743347883224487,-0.071579910814762115,-0.14483433961868286
mppi_upstream,2620000000,21124354898076,0.63964360952377319,-0.071609392762184143,-0.16413590312004089
actual_output,2625000000,21124359592030,0.63964360952377319,-0.071609392762184143,-0.16413590312004089
actual_output,2675000000,21124409614551,0.63964360952377319,-0.071609392762184143,-0.16413590312004089
mppi_upstream,2721000000,21124455191854,0.62210875749588013,-0.064073070883750916,-0.025031421333551407
actual_output,2725000000,21124459587841,0.62210875749588013,-0.064073070883750916,-0.064135903120040888
actual_output,2775000000,21124509568860,0.62210875749588013,-0.064073070883750916,-0.025031421333551407
mppi_upstream,2810000000,21124544928453,0.61652302742004395,-0.012319821864366531,-0.012570788152515888
actual_output,2825000000,21124559588155,0.61652302742004395,-0.014073070883750913,-0.012570788152515888
actual_output,2875000000,21124609563815,0.61652302742004395,-0.012319821864366531,-0.012570788152515888
mppi_upstream,2910000000,21124645088751,0.59209710359573364,0.0069059478119015694,-0.0095948539674282074
actual_output,2925000000,21124659584099,0.59209710359573364,0.0069059478119015694,-0.0095948539674282074
actual_output,2975000000,21124709623867,0.59209710359573364,0.0069059478119015694,-0.0095948539674282074
mppi_upstream,3010000000,21124744978342,0.51295936107635498,0.10802130401134491,0.095719650387763977
actual_output,3025000000,21124759569149,0.5420971035957336,0.056905947811901572,0.090405146032571798
actual_output,3075000000,21124809544259,0.51295936107635498,0.10690594781190157,0.095719650387763977
mppi_upstream,3111000000,21124845461956,0.48306652903556824,0.19546212255954742,0.10928633064031601
actual_output,3125000000,21124859610896,0.48306652903556824,0.15690594781190159,0.10928633064031601
actual_output,3175000000,21124909587191,0.48306652903556824,0.19546212255954742,0.10928633064031601
mppi_upstream,3211000000,21124945331348,0.3956906795501709,0.30273643136024475,0.23737417161464691
actual_output,3225000000,21124959531912,0.43306652903556825,0.24546212255954741,0.20928633064031602
actual_output,3275000000,21125009588306,0.3956906795501709,0.2954621225595474,0.23737417161464691
mppi_upstream,3311000000,21125045387440,0.35281044244766235,0.34278044104576111,0.29958665370941162
actual_output,3325000000,21125059564196,0.35281044244766235,0.34278044104576111,0.29958665370941162
actual_output,3375000000,21125109578494,0.35281044244766235,0.34278044104576111,0.29958665370941162
mppi_upstream,3411000000,21125145216345,0.28371119499206543,0.41665142774581909,0.38476476073265076
actual_output,3425000000,21125159537009,0.30281044244766236,0.3927804410457611,0.38476476073265076
actual_output,3475000000,21125209525203,0.28371119499206543,0.41665142774581909,0.38476476073265076
mppi_upstream,3511000000,21125245042598,0.23185713589191437,0.45922312140464783,0.40838652849197388
actual_output,3525000000,21125259567774,0.23371119499206544,0.45922312140464783,0.40838652849197388
actual_output,3575000000,21125309588189,0.23185713589191437,0.45922312140464783,0.40838652849197388
mppi_upstream,3610000000,21125345107417,0.18811716139316559,0.47427418828010559,0.4268680214881897
actual_output,3625000000,21125359596317,0.18811716139316559,0.47427418828010559,0.4268680214881897
actual_output,3675000000,21125409551962,0.18811716139316559,0.47427418828010559,0.4268680214881897
mppi_upstream,3711000000,21125445219149,0.15257228910923004,0.47945329546928406,0.42732417583465576
actual_output,3725000000,21125459571638,0.15257228910923004,0.47945329546928406,0.42732417583465576
actual_output,3775000000,21125509588030,0.15257228910923004,0.47945329546928406,0.42732417583465576
mppi_upstream,3801000000,21125535195837,0.12300017476081848,0.4732188880443573,0.45500177145004272
actual_output,3825000000,21125559559133,0.12300017476081848,0.4732188880443573,0.45500177145004272
actual_output,3875000000,21125609585384,0.12300017476081848,0.4732188880443573,0.45500177145004272
mppi_upstream,3901000000,21125635413098,0.096858620643615723,0.47315466403961182,0.46913537383079529
actual_output,3925000000,21125659571626,0.096858620643615723,0.47315466403961182,0.46913537383079529
actual_output,3975000000,21125709588981,0.096858620643615723,0.47315466403961182,0.46913537383079529
mppi_upstream,4001000000,21125735236761,0.043776035308837891,0.47707799077033997,0.39134120941162109
actual_output,4025000000,21125759566675,0.04685862064361572,0.47707799077033997,0.39134120941162109
actual_output,4075000000,21125809522521,0.043776035308837891,0.47707799077033997,0.39134120941162109
mppi_upstream,4101000000,21125835886083,-0.033972781151533127,0.45563769340515137,0.4281107485294342
actual_output,4125000000,21125859576610,-0.0062239646911621122,0.45563769340515137,0.4281107485294342
actual_output,4175000000,21125909526692,-0.033972781151533127,0.45563769340515137,0.4281107485294342
mppi_upstream,4201000000,21125935783047,0,0,0
actual_output,4225000000,21125959569890,0,0.40563769340515138,0.32811074852943423
actual_output,4275000000,21126009546173,0,0.35563769340515139,0.22811074852943422
actual_output,4325000000,21126059585632,0,0.3056376934051514,0.12811074852943422
mppi_upstream,4331000000,21126065295230,-0.085931301116943359,0.033237434923648834,0.035553574562072754
mppi_upstream,4333000000,21126067573471,-0.19127967953681946,0.046103291213512421,-0.023263424634933472
actual_output,4375000000,21126109529706,-0.050000000000000003,0.25563769340515141,0.02811074852943421
actual_output,4425000000,21126159623663,-0.10000000000000001,0.20563769340515142,-0.023263424634933472
mppi_upstream,4431000000,21126165691592,-0.17487877607345581,0.10367481410503387,0.063351333141326904
actual_output,4475000000,21126209571867,-0.15000000000000002,0.15563769340515143,0.063351333141326904
actual_output,4525000000,21126259577923,-0.17487877607345581,0.10563769340515143,0.063351333141326904
mppi_upstream,4533000000,21126267671732,-0.18335804343223572,0.088920295238494873,0.097036994993686676
actual_output,4575000000,21126309588744,-0.18335804343223572,0.088920295238494873,0.097036994993686676
actual_output,4625000000,21126359551138,-0.18335804343223572,0.088920295238494873,0.097036994993686676
mppi_upstream,4632000000,21126367114318,-0.17877316474914551,0.045990355312824249,0.14195418357849121
actual_output,4675000000,21126409533209,-0.17877316474914551,0.045990355312824249,0.14195418357849121
actual_output,4725000000,21126459568950,-0.17877316474914551,0.045990355312824249,0.14195418357849121
mppi_upstream,4731000000,21126465121466,-0.17716248333454132,-0.021176859736442566,0.15082086622714996
actual_output,4775000000,21126509533338,-0.17716248333454132,-0.0040096446871757535,0.15082086622714996
actual_output,4825000000,21126559609110,-0.17716248333454132,-0.021176859736442566,0.15082086622714996
mppi_upstream,4830000000,21126565082595,-0.16625498235225677,-0.089675925672054291,0.12989223003387451
actual_output,4875000000,21126609519910,-0.16625498235225677,-0.071176859736442569,0.12989223003387451
actual_output,4925000000,21126659548714,-0.16625498235225677,-0.089675925672054291,0.12989223003387451
mppi_upstream,4931000000,21126665798664,-0.15769238770008087,-0.14962765574455261,0.090257570147514343
actual_output,4975000000,21126709516402,-0.15769238770008087,-0.13967592567205428,0.090257570147514343
actual_output,5025000000,21126759572606,-0.15769238770008087,-0.14962765574455261,0.090257570147514343
mppi_upstream,5031000000,21126765175480,-0.14799149334430695,-0.19135791063308716,0.051377072930335999
actual_output,5075000000,21126809506195,-0.14799149334430695,-0.19135791063308716,0.051377072930335999
mppi_upstream,5123000000,21126857894640,-0.076934725046157837,-0.047650139778852463,0.094688005745410919
actual_output,5125000000,21126859520358,-0.097991493344306943,-0.14135791063308717,0.094688005745410919
actual_output,5175000000,21126909532093,-0.076934725046157837,-0.091357910633087167,0.094688005745410919
mppi_upstream,5222000000,21126956780286,-0.061227217316627502,-0.020465578883886337,0.038962692022323608
actual_output,5225000000,21126959534379,-0.061227217316627502,-0.041357910633087164,0.038962692022323608
actual_output,5275000000,21127009534697,-0.061227217316627502,-0.020465578883886337,0.038962692022323608
mppi_upstream,5321000000,21127055645834,-0.047057740390300751,0.042419776320457458,0.018421338871121407
actual_output,5325000000,21127059510027,-0.047057740390300751,0.029534421116113665,0.018421338871121407
actual_output,5375000000,21127109556576,-0.047057740390300751,0.042419776320457458,0.018421338871121407
mppi_upstream,5421000000,21127155273813,-0.048458397388458252,0.076885171234607697,-0.014986509457230568
actual_output,5425000000,21127159473448,-0.048458397388458252,0.076885171234607697,-0.014986509457230568
actual_output,5475000000,21127209512396,-0.048458397388458252,0.076885171234607697,-0.014986509457230568
mppi_upstream,5520000000,21127255105312,-0.049001090228557587,0.10694621503353119,-0.0082128280773758888
actual_output,5525000000,21127259458829,-0.049001090228557587,0.10694621503353119,-0.0082128280773758888
actual_output,5575000000,21127309503824,-0.049001090228557587,0.10694621503353119,-0.0082128280773758888
mppi_upstream,5621000000,21127355195934,-0.048706445842981339,0.12678554654121399,0.020545609295368195
actual_output,5625000000,21127359499667,-0.048706445842981339,0.12678554654121399,0.020545609295368195
actual_output,5675000000,21127409471794,-0.048706445842981339,0.12678554654121399,0.020545609295368195
mppi_upstream,5721000000,21127455233408,-0.041632343083620071,0.14811594784259796,0.046770393848419189
actual_output,5725000000,21127459506735,-0.041632343083620071,0.14811594784259796,0.046770393848419189
actual_output,5775000000,21127509556560,-0.041632343083620071,0.14811594784259796,0.046770393848419189
mppi_upstream,5821000000,21127555224225,-0.032357364892959595,0.161897212266922,0.051393281668424606
actual_output,5825000000,21127559521659,-0.032357364892959595,0.161897212266922,0.051393281668424606
actual_output,5875000000,21127609519555,-0.032357364892959595,0.161897212266922,0.051393281668424606
mppi_upstream,5921000000,21127655151396,-0.02351057156920433,0.16986589133739471,0.040007632225751877
actual_output,5925000000,21127659567027,-0.02351057156920433,0.16986589133739471,0.040007632225751877
actual_output,5975000000,21127709647750,-0.02351057156920433,0.16986589133739471,0.040007632225751877
mppi_upstream,6021000000,21127755256451,-0.015907391905784607,0.17966143786907196,0.021851906552910805
actual_output,6025000000,21127759559363,-0.015907391905784607,0.17966143786907196,0.021851906552910805
actual_output,6075000000,21127809471145,-0.015907391905784607,0.17966143786907196,0.021851906552910805
mppi_upstream,6121000000,21127855233165,-0.015822764486074448,0.18358267843723297,0.0018259738571941853
actual_output,6125000000,21127859478022,-0.015822764486074448,0.18358267843723297,0.0018259738571941853
actual_output,6175000000,21127909485662,-0.015822764486074448,0.18358267843723297,0.0018259738571941853
mppi_upstream,6221000000,21127955240234,-0.020809059962630272,0.19553783535957336,-0.014788024127483368
actual_output,6225000000,21127959522015,-0.020809059962630272,0.19553783535957336,-0.014788024127483368
actual_output,6275000000,21128009514374,-0.020809059962630272,0.19553783535957336,-0.014788024127483368
mppi_upstream,6321000000,21128055169379,-0.028983546420931816,0.20562966167926788,-0.029075659811496735
actual_output,6325000000,21128059508460,-0.028983546420931816,0.20562966167926788,-0.029075659811496735
actual_output,6375000000,21128109516882,-0.028983546420931816,0.20562966167926788,-0.029075659811496735
mppi_upstream,6422000000,21128156380094,-0.037153009325265884,0.21652112901210785,-0.036309178918600082
actual_output,6425000000,21128159469234,-0.037153009325265884,0.21652112901210785,-0.036309178918600082
actual_output,6475000000,21128209494120,-0.037153009325265884,0.21652112901210785,-0.036309178918600082
mppi_upstream,6522000000,21128256800748,-0.036994371563196182,0.22774504125118256,-0.043137591332197189
actual_output,6525000000,21128259477278,-0.036994371563196182,0.22774504125118256,-0.043137591332197189
actual_output,6575000000,21128309495748,-0.036994371563196182,0.22774504125118256,-0.043137591332197189
mppi_upstream,6622000000,21128356727956,-0.025240443646907806,0.24139970541000366,-0.052011281251907349
actual_output,6625000000,21128359530307,-0.025240443646907806,0.24139970541000366,-0.052011281251907349
actual_output,6675000000,21128409857735,-0.025240443646907806,0.24139970541000366,-0.052011281251907349
mppi_upstream,6722000000,21128456674192,0.0035540405660867691,0.25516766309738159,-0.064817234873771667
actual_output,6725000000,21128459509118,0.0035540405660867691,0.25516766309738159,-0.064817234873771667
actual_output,6775000000,21128509510516,0.0035540405660867691,0.25516766309738159,-0.064817234873771667
mppi_upstream,6822000000,21128556748591,0.055239841341972351,0.26640647649765015,-0.080347202718257904
actual_output,6825000000,21128559459314,0.053554040566086772,0.26640647649765015,-0.080347202718257904
actual_output,6875000000,21128609500646,0.055239841341972351,0.26640647649765015,-0.080347202718257904
mppi_upstream,6922000000,21128656596206,0.10688748210668564,0.27265763282775879,-0.088714331388473511
actual_output,6925000000,21128659442783,0.10523984134197235,0.27265763282775879,-0.088714331388473511
actual_output,6975000000,21128709466738,0.10688748210668564,0.27265763282775879,-0.088714331388473511
actual_output,7025000000,21128759468208,0.10688748210668564,0.27265763282775879,-0.088714331388473511
mppi_upstream,7042000000,21128776734188,0.15549595654010773,0.27820974588394165,-0.098078854382038116
actual_output,7075000000,21128809532865,0.15549595654010773,0.27820974588394165,-0.098078854382038116
actual_output,7125000000,21128859509290,0.15549595654010773,0.27820974588394165,-0.098078854382038116
mppi_upstream,7142000000,21128876955828,0.19817826151847839,0.28745546936988831,-0.10756108909845352
actual_output,7175000000,21128909477727,0.19817826151847839,0.28745546936988831,-0.10756108909845352
actual_output,7225000000,21128959489110,0.19817826151847839,0.28745546936988831,-0.10756108909845352
mppi_upstream,7241000000,21128975805459,0.22740492224693298,0.29401952028274536,-0.12010632455348969
actual_output,7275000000,21129009502516,0.22740492224693298,0.29401952028274536,-0.12010632455348969
actual_output,7325000000,21129059524933,0.22740492224693298,0.29401952028274536,-0.12010632455348969
mppi_upstream,7342000000,21129076343306,0.24492146074771881,0.30193796753883362,-0.13125962018966675
actual_output,7375000000,21129109432791,0.24492146074771881,0.30193796753883362,-0.13125962018966675
actual_output,7425000000,21129159479077,0.24492146074771881,0.30193796753883362,-0.13125962018966675
mppi_upstream,7431000000,21129165252554,0.25833150744438171,0.31358522176742554,-0.14598152041435242
actual_output,7475000000,21129209496703,0.25833150744438171,0.31358522176742554,-0.14598152041435242
actual_output,7525000000,21129259522497,0.25833150744438171,0.31358522176742554,-0.14598152041435242
mppi_upstream,7531000000,21129265301409,0.26627862453460693,0.32115182280540466,-0.15226636826992035
actual_output,7575000000,21129309467889,0.26627862453460693,0.32115182280540466,-0.15226636826992035
actual_output,7625000000,21129359540218,0.26627862453460693,0.32115182280540466,-0.15226636826992035
mppi_upstream,7631000000,21129365235194,0.27605131268501282,0.32691654562950134,-0.15248158574104309
actual_output,7675000000,21129409475955,0.27605131268501282,0.32691654562950134,-0.15248158574104309
actual_output,7725000000,21129459455263,0.27605131268501282,0.32691654562950134,-0.15248158574104309
mppi_upstream,7732000000,21129466861674,0.28244015574455261,0.33023583889007568,-0.14058622717857361
actual_output,7775000000,21129509469953,0.28244015574455261,0.33023583889007568,-0.14058622717857361
actual_output,7825000000,21129559498140,0.28244015574455261,0.33023583889007568,-0.14058622717857361
mppi_upstream,7832000000,21129566927562,0.288260817527771,0.33403927087783813,-0.12678076326847076
actual_output,7875000000,21129609443501,0.288260817527771,0.33403927087783813,-0.12678076326847076
actual_output,7925000000,21129659488495,0.288260817527771,0.33403927087783813,-0.12678076326847076
mppi_upstream,7931000000,21129665534881,0.29338055849075317,0.33749201893806458,-0.11322258412837982
actual_output,7975000000,21129709422723,0.29338055849075317,0.33749201893806458,-0.11322258412837982
actual_output,8025000000,21129759442431,0.29338055849075317,0.33749201893806458,-0.11322258412837982
mppi_upstream,8032000000,21129766499142,0.30301925539970398,0.34013321995735168,-0.10724616050720215
actual_output,8075000000,21129809472807,0.30301925539970398,0.34013321995735168,-0.10724616050720215
actual_output,8125000000,21129859454802,0.30301925539970398,0.34013321995735168,-0.10724616050720215
mppi_upstream,8132000000,21129866929665,0.31256633996963501,0.34096300601959229,-0.099038392305374146
actual_output,8175000000,21129909462601,0.31256633996963501,0.34096300601959229,-0.099038392305374146
actual_output,8225000000,21129959481866,0.31256633996963501,0.34096300601959229,-0.099038392305374146
mppi_upstream,8233000000,21129967106417,0.32036924362182617,0.34348154067993164,-0.086570195853710175
actual_output,8275000000,21130009462964,0.32036924362182617,0.34348154067993164,-0.086570195853710175
actual_output,8325000000,21130059451766,0.32036924362182617,0.34348154067993164,-0.086570195853710175
mppi_upstream,8332000000,21130066887819,0.33743619918823242,0.34489300847053528,-0.087962597608566284
actual_output,8375000000,21130109460485,0.33743619918823242,0.34489300847053528,-0.087962597608566284
mppi_upstream,8422000000,21130156905536,0.35098344087600708,0.34507003426551819,-0.083951607346534729
actual_output,8425000000,21130159450125,0.35098344087600708,0.34507003426551819,-0.083951607346534729
actual_output,8475000000,21130209400675,0.35098344087600708,0.34507003426551819,-0.083951607346534729
mppi_upstream,8522000000,21130257017357,0.36167186498641968,0.34681478142738342,-0.07197270542383194
actual_output,8525000000,21130259410990,0.36167186498641968,0.34681478142738342,-0.07197270542383194
actual_output,8575000000,21130309538216,0.36167186498641968,0.34681478142738342,-0.07197270542383194
mppi_upstream,8622000000,21130357039678,0.36744016408920288,0.35034182667732239,-0.05423538014292717
actual_output,8625000000,21130359427485,0.36744016408920288,0.35034182667732239,-0.05423538014292717
actual_output,8675000000,21130409449736,0.36744016408920288,0.35034182667732239,-0.05423538014292717
mppi_upstream,8723000000,21130457110490,0.36921417713165283,0.35446912050247192,-0.035380143672227859
actual_output,8725000000,21130459417649,0.36921417713165283,0.35446912050247192,-0.035380143672227859
actual_output,8775000000,21130509448376,0.36921417713165283,0.35446912050247192,-0.035380143672227859
mppi_upstream,8823000000,21130557096147,0.37306669354438782,0.35771000385284424,-0.013945318758487701
actual_output,8825000000,21130559466854,0.37306669354438782,0.35771000385284424,-0.013945318758487701
actual_output,8875000000,21130609406122,0.37306669354438782,0.35771000385284424,-0.013945318758487701
mppi_upstream,8922000000,21130657082069,0.36602380871772766,0.35733434557914734,0.0042601036839187145
actual_output,8925000000,21130659427255,0.36602380871772766,0.35733434557914734,0.0042601036839187145
actual_output,8975000000,21130709510413,0.36602380871772766,0.35733434557914734,0.0042601036839187145
mppi_upstream,9022000000,21130756996452,0.3551558256149292,0.34999898076057434,0.017394408583641052
actual_output,9025000000,21130759428960,0.3551558256149292,0.34999898076057434,0.017394408583641052
actual_output,9075000000,21130809400194,0.3551558256149292,0.34999898076057434,0.017394408583641052
mppi_upstream,9121000000,21130855756834,0.3422686755657196,0.33311507105827332,0.031835984438657761
actual_output,9125000000,21130859558012,0.3422686755657196,0.33311507105827332,0.031835984438657761
actual_output,9175000000,21130909460881,0.3422686755657196,0.33311507105827332,0.031835984438657761
mppi_upstream,9221000000,21130955407979,0.33302947878837585,0.32025033235549927,0.043554525822401047
actual_output,9225000000,21130959418815,0.33302947878837585,0.32025033235549927,0.043554525822401047
actual_output,9275000000,21131009378377,0.33302947878837585,0.32025033235549927,0.043554525822401047
mppi_upstream,9321000000,21131055365696,0.31747972965240479,0.2531718909740448,0.10584868490695953
actual_output,9325000000,21131059368871,0.31747972965240479,0.27025033235549928,0.10584868490695953
actual_output,9375000000,21131109421791,0.31747972965240479,0.2531718909740448,0.10584868490695953
mppi_upstream,9421000000,21131155265756,0.29979652166366577,0.16655686497688293,0.14147637784481049
actual_output,9425000000,21131159406781,0.29979652166366577,0.20317189097404481,0.14147637784481049
actual_output,9475000000,21131209418542,0.29979652166366577,0.16655686497688293,0.14147637784481049
mppi_upstream,9521000000,21131255345627,0.29286998510360718,0.061855487525463104,0.16057407855987549
actual_output,9525000000,21131259375265,0.29286998510360718,0.11655686497688293,0.16057407855987549
actual_output,9575000000,21131309428199,0.29286998510360718,0.066556864976882929,0.16057407855987549
mppi_upstream,9621000000,21131355290461,0.28020647168159485,-0.039755422621965408,0.21354524791240692
actual_output,9625000000,21131359412683,0.28020647168159485,0.016556864976882926,0.21354524791240692
actual_output,9675000000,21131409385803,0.28020647168159485,-0.033443135023117077,0.21354524791240692
mppi_upstream,9721000000,21131455204402,0.2536238431930542,-0.11634480953216553,0.23284007608890533
actual_output,9725000000,21131459379245,0.2536238431930542,-0.083443135023117079,0.23284007608890533
actual_output,9775000000,21131509401153,0.2536238431930542,-0.11634480953216553,0.23284007608890533
mppi_upstream,9822000000,21131556341566,0.22619105875492096,-0.17843219637870789,0.2404104471206665
actual_output,9825000000,21131559389178,0.22619105875492096,-0.16634480953216552,0.2404104471206665
actual_output,9875000000,21131609367789,0.22619105875492096,-0.17843219637870789,0.2404104471206665
mppi_upstream,9922000000,21131656970282,0.1104268953204155,-0.1911478191614151,0.14480338990688324
actual_output,9925000000,21131659379587,0.17619105875492097,-0.1911478191614151,0.14480338990688324
actual_output,9975000000,21131709449681,0.12619105875492098,-0.1911478191614151,0.14480338990688324
mppi_upstream,10037000000,21131771609817,0.071304932236671448,-0.20912395417690277,0.14215295016765594
actual_output,10037000000,21131771632052,0.076191058754920979,-0.20912395417690277,0.14215295016765594
actual_output,10075000000,21131809395142,0.071304932236671448,-0.20912395417690277,0.14215295016765594
mppi_upstream,10121000000,21131855894923,-0.021960463374853134,-0.19571642577648163,0.10338535159826279
actual_output,10125000000,21131859396129,0.021304932236671445,-0.19571642577648163,0.10338535159826279
actual_output,10175000000,21131909412334,-0.021960463374853134,-0.19571642577648163,0.10338535159826279
mppi_upstream,10222000000,21131956472883,-0.091917790472507477,-0.18412113189697266,0.10341909527778625
actual_output,10225000000,21131959405837,-0.071960463374853137,-0.18412113189697266,0.10341909527778625
actual_output,10275000000,21132009395758,-0.091917790472507477,-0.18412113189697266,0.10341909527778625
actual_output,10325000000,21132059382930,-0.091917790472507477,-0.18412113189697266,0.10341909527778625
mppi_upstream,10342000000,21132076821402,-0.12399999797344208,-0.18764747679233551,0.12379932403564453
actual_output,10375000000,21132109377971,-0.12399999797344208,-0.18764747679233551,0.12379932403564453
actual_output,10425000000,21132159364772,-0.12399999797344208,-0.18764747679233551,0.12379932403564453
mppi_upstream,10443000000,21132177978476,-0.13854394853115082,-0.21658064424991608,0.079819381237030029
actual_output,10475000000,21132209389651,-0.13854394853115082,-0.21658064424991608,0.079819381237030029
actual_output,10525000000,21132259416042,-0.13854394853115082,-0.21658064424991608,0.079819381237030029
mppi_upstream,10543000000,21132277997916,-0.15469351410865784,-0.2466927170753479,0.01100430078804493
actual_output,10575000000,21132309413309,-0.15469351410865784,-0.2466927170753479,0.01100430078804493
actual_output,10625000000,21132359433819,-0.15469351410865784,-0.2466927170753479,0.01100430078804493
mppi_upstream,10633000000,21132367941321,-0.17197838425636292,-0.27768155932426453,-0.078522995114326477
actual_output,10675000000,21132409404328,-0.17197838425636292,-0.27768155932426453,-0.078522995114326477
actual_output,10725000000,21132459414546,-0.17197838425636292,-0.27768155932426453,-0.078522995114326477
mppi_upstream,10733000000,21132467943892,-0.19388748705387115,-0.30652523040771484,-0.17352369427680969
actual_output,10775000000,21132509394230,-0.19388748705387115,-0.30652523040771484,-0.17352369427680969
actual_output,10825000000,21132559396719,-0.19388748705387115,-0.30652523040771484,-0.17352369427680969
mppi_upstream,10833000000,21132567764155,-0.21389897167682648,-0.33961817622184753,-0.25822931528091431
actual_output,10875000000,21132609405026,-0.21389897167682648,-0.33961817622184753,-0.25822931528091431
actual_output,10925000000,21132659433172,-0.21389897167682648,-0.33961817622184753,-0.25822931528091431
mppi_upstream,10931000000,21132665455278,-0.22561241686344147,-0.36813363432884216,-0.33501017093658447
actual_output,10975000000,21132709390562,-0.22561241686344147,-0.36813363432884216,-0.33501017093658447
actual_output,11025000000,21132759424209,-0.22561241686344147,-0.36813363432884216,-0.33501017093658447
mppi_upstream,11031000000,21132765566048,-0.22834122180938721,-0.38783851265907288,-0.40007030963897705
actual_output,11075000000,21132809383207,-0.22834122180938721,-0.38783851265907288,-0.40007030963897705
actual_output,11125000000,21132859384319,-0.22834122180938721,-0.38783851265907288,-0.40007030963897705
mppi_upstream,11133000000,21132867837152,-0.2214730829000473,-0.40310171246528625,-0.46102690696716309
actual_output,11175000000,21132909375269,-0.2214730829000473,-0.40310171246528625,-0.46102690696716309
actual_output,11225000000,21132959401034,-0.2214730829000473,-0.40310171246528625,-0.46102690696716309
mppi_upstream,11233000000,21132967847075,-0.21240176260471344,-0.41512420773506165,-0.51860636472702026
actual_output,11275000000,21133009516209,-0.21240176260471344,-0.41512420773506165,-0.51860636472702026
actual_output,11325000000,21133059431377,-0.21240176260471344,-0.41512420773506165,-0.51860636472702026
mppi_upstream,11334000000,21133068189859,-0.20456238090991974,-0.42757123708724976,-0.5705607533454895
actual_output,11374000000,21133109388436,-0.20456238090991974,-0.42757123708724976,-0.5705607533454895
actual_output,11424000000,21133159464869,-0.20456238090991974,-0.42757123708724976,-0.5705607533454895
mppi_upstream,11432000000,21133168144804,-0.19268713891506195,-0.44198498129844666,-0.61991584300994873
actual_output,11474000000,21133209384846,-0.19268713891506195,-0.44198498129844666,-0.61991584300994873
actual_output,11524000000,21133259359443,-0.19268713891506195,-0.44198498129844666,-0.61991584300994873
mppi_upstream,11532000000,21133268186846,-0.17445136606693268,-0.45439058542251587,-0.64229261875152588
actual_output,11574000000,21133309337304,-0.17445136606693268,-0.45439058542251587,-0.64229261875152588
actual_output,11624000000,21133359363333,-0.17445136606693268,-0.45439058542251587,-0.64229261875152588
mppi_upstream,11630000000,21133365908266,-0.15409962832927704,-0.4665626585483551,-0.64245444536209106
actual_output,11674000000,21133409386508,-0.15409962832927704,-0.4665626585483551,-0.64245444536209106
mppi_upstream,11721000000,21133456321255,-0.13239912688732147,-0.47812539339065552,-0.64553529024124146
actual_output,11724000000,21133459366211,-0.13239912688732147,-0.47812539339065552,-0.64553529024124146
actual_output,11774000000,21133509410831,-0.13239912688732147,-0.47812539339065552,-0.64553529024124146
mppi_upstream,11820000000,21133555954546,-0.11157025396823883,-0.48644042015075684,-0.64397710561752319
actual_output,11824000000,21133559418599,-0.11157025396823883,-0.48644042015075684,-0.64397710561752319
actual_output,11874000000,21133609340314,-0.11157025396823883,-0.48644042015075684,-0.64397710561752319
mppi_upstream,11920000000,21133655371615,-0.088735155761241913,-0.49385273456573486,-0.64006936550140381
actual_output,11924000000,21133659460047,-0.088735155761241913,-0.49385273456573486,-0.64006936550140381
actual_output,11974000000,21133709398875,-0.088735155761241913,-0.49385273456573486,-0.64006936550140381
mppi_upstream,12021000000,21133756635017,-0.071118839085102081,-0.50133246183395386,-0.6355443000793457
actual_output,12024000000,21133759377479,-0.071118839085102081,-0.5,-0.6355443000793457
actual_output,12074000000,21133809352951,-0.071118839085102081,-0.5,-0.6355443000793457
mppi_upstream,12121000000,21133856930063,-0.057516694068908691,-0.50164520740509033,-0.63505095243453979
actual_output,12124000000,21133859329147,-0.057516694068908691,-0.5,-0.63505095243453979
actual_output,12174000000,21133909373400,-0.057516694068908691,-0.5,-0.63505095243453979
mppi_upstream,12221000000,21133956356008,-0.047685086727142334,-0.50126087665557861,-0.64143192768096924
actual_output,12224000000,21133959409028,-0.047685086727142334,-0.5,-0.64143192768096924
actual_output,12274000000,21134009436926,-0.047685086727142334,-0.5,-0.64143192768096924
mppi_upstream,12321000000,21134056670612,-0.034907184541225433,-0.50047475099563599,-0.65510499477386475
actual_output,12324000000,21134059420449,-0.034907184541225433,-0.5,-0.65510499477386475
actual_output,12374000000,21134109382835,-0.034907184541225433,-0.5,-0.65510499477386475
mppi_upstream,12421000000,21134156298611,-0.019205816090106964,-0.50007766485214233,-0.66988301277160645
actual_output,12424000000,21134159357986,-0.019205816090106964,-0.5,-0.66988301277160645
actual_output,12474000000,21134209393338,-0.019205816090106964,-0.5,-0.66988301277160645
mppi_upstream,12519000000,21134255279032,-0.0049627916887402534,-0.49993312358856201,-0.68262785673141479
actual_output,12524000000,21134259293905,-0.0049627916887402534,-0.49993312358856201,-0.68262785673141479
actual_output,12574000000,21134309361552,-0.0049627916887402534,-0.49993312358856201,-0.68262785673141479
mppi_upstream,12621000000,21134356550116,0.010538296774029732,-0.49992960691452026,-0.69040918350219727
actual_output,12624000000,21134359332667,0.010538296774029732,-0.49992960691452026,-0.69040918350219727
actual_output,12674000000,21134409399729,0.010538296774029732,-0.49992960691452026,-0.69040918350219727
mppi_upstream,12721000000,21134457020286,0.026502789929509163,-0.4999614953994751,-0.69543778896331787
actual_output,12724000000,21134459369233,0.026502789929509163,-0.4999614953994751,-0.69543778896331787
actual_output,12773000000,21134509360461,0.026502789929509163,-0.4999614953994751,-0.69543778896331787
mppi_upstream,12822000000,21134557388287,0.043839514255523682,-0.49998778104782104,-0.6975666880607605
actual_output,12824000000,21134559399769,0.043839514255523682,-0.49998778104782104,-0.6975666880607605
actual_output,12874000000,21134609398626,0.043839514255523682,-0.49998778104782104,-0.6975666880607605
mppi_upstream,12920000000,21134655946384,0.059652209281921387,-0.50000017881393433,-0.69488996267318726
actual_output,12923000000,21134659310697,0.059652209281921387,-0.5,-0.69488996267318726
actual_output,12974000000,21134709346074,0.059652209281921387,-0.5,-0.69488996267318726
mppi_upstream,13019000000,21134755300538,0.077124021947383881,-0.50000327825546265,-0.68945419788360596
actual_output,13024000000,21134759327857,0.077124021947383881,-0.5,-0.68945419788360596
actual_output,13074000000,21134809487146,0.077124021947383881,-0.5,-0.68945419788360596
mppi_upstream,13121000000,21134857064683,0.093033425509929657,-0.50000244379043579,-0.68525081872940063
actual_output,13123000000,21134859338510,0.093033425509929657,-0.5,-0.68525081872940063
actual_output,13174000000,21134909318979,0.093033425509929657,-0.5,-0.68525081872940063
mppi_upstream,13222000000,21134957295423,0.10607472807168961,-0.50000113248825073,-0.68228030204772949
actual_output,13224000000,21134959386358,0.10607472807168961,-0.5,-0.68228030204772949
actual_output,13273000000,21135009384869,0.10607472807168961,-0.5,-0.68228030204772949
mppi_upstream,13321000000,21135057101867,0.11820755153894424,-0.50000017881393433,-0.68003952503204346
actual_output,13324000000,21135059369646,0.11820755153894424,-0.5,-0.68003952503204346
actual_output,13374000000,21135109367573,0.11820755153894424,-0.5,-0.68003952503204346
mppi_upstream,13421000000,21135157213036,0.13026735186576843,-0.49999988079071045,-0.67789912223815918
actual_output,13424000000,21135159333095,0.13026735186576843,-0.49999988079071045,-0.67789912223815918
actual_output,13473000000,21135209419491,0.13026735186576843,-0.49999988079071045,-0.67789912223815918
actual_output,13524000000,21135259337184,0.13026735186576843,-0.49999988079071045,-0.67789912223815918
mppi_upstream,13541000000,21135277387477,0.14310592412948608,-0.49999982118606567,-0.67947131395339966
actual_output,13574000000,21135309294204,0.14310592412948608,-0.49999982118606567,-0.67947131395339966
actual_output,13624000000,21135359332784,0.14310592412948608,-0.49999982118606567,-0.67947131395339966
mppi_upstream,13642000000,21135377310573,0.1569458544254303,-0.49999988079071045,-0.67808312177658081
actual_output,13674000000,21135409338049,0.1569458544254303,-0.49999988079071045,-0.67808312177658081
actual_output,13724000000,21135459354324,0.1569458544254303,-0.49999988079071045,-0.67808312177658081
mppi_upstream,13741000000,21135477214288,0.17192770540714264,-0.49999994039535522,-0.67778271436691284
actual_output,13773000000,21135509313866,0.17192770540714264,-0.49999994039535522,-0.67778271436691284
actual_output,13824000000,21135559305855,0.17192770540714264,-0.49999994039535522,-0.67778271436691284
mppi_upstream,13842000000,21135577240127,0.18703795969486237,-0.49999994039535522,-0.66805088520050049
actual_output,13874000000,21135609380194,0.18703795969486237,-0.49999994039535522,-0.66805088520050049
actual_output,13924000000,21135659369834,0.18703795969486237,-0.49999994039535522,-0.66805088520050049
mppi_upstream,13931000000,21135667327892,0.2051478773355484,-0.49999994039535522,-0.66155546903610229
actual_output,13974000000,21135709358786,0.2051478773355484,-0.49999994039535522,-0.66155546903610229
actual_output,14024000000,21135759434800,0.2051478773355484,-0.49999994039535522,-0.66155546903610229
mppi_upstream,14032000000,21135767422377,0.22342778742313385,-0.49999994039535522,-0.65795266628265381
actual_output,14074000000,21135809323151,0.22342778742313385,-0.49999994039535522,-0.65795266628265381
actual_output,14124000000,21135859293458,0.22342778742313385,-0.49999994039535522,-0.65795266628265381
mppi_upstream,14132000000,21135867525000,0.2439359724521637,-0.50071901082992554,-0.65541082620620728
actual_output,14174000000,21135909386040,0.2439359724521637,-0.5,-0.65541082620620728
actual_output,14224000000,21135959457167,0.2439359724521637,-0.5,-0.65541082620620728
mppi_upstream,14232000000,21135967430331,0.26360410451889038,-0.50180822610855103,-0.6542285680770874
actual_output,14274000000,21136009441271,0.26360410451889038,-0.5,-0.6542285680770874
actual_output,14324000000,21136059330569,0.26360410451889038,-0.5,-0.6542285680770874
mppi_upstream,14331000000,21136067271048,0.2820122241973877,-0.50320369005203247,-0.65068364143371582
actual_output,14374000000,21136109339760,0.2820122241973877,-0.5,-0.65068364143371582
actual_output,14424000000,21136159301083,0.2820122241973877,-0.5,-0.65068364143371582
mppi_upstream,14432000000,21136167322682,0.29970380663871765,-0.50500887632369995,-0.64501571655273438
actual_output,14474000000,21136209432604,0.29970380663871765,-0.5,-0.64501571655273438
actual_output,14524000000,21136259340509,0.29970380663871765,-0.5,-0.64501571655273438
mppi_upstream,14531000000,21136266588192,0.31734266877174377,-0.50602000951766968,-0.63751280307769775
actual_output,14574000000,21136309316265,0.31734266877174377,-0.5,-0.63751280307769775
actual_output,14624000000,21136359325104,0.31734266877174377,-0.5,-0.63751280307769775
mppi_upstream,14630000000,21136365617441,0.33216995000839233,-0.50729584693908691,-0.62727105617523193
actual_output,14674000000,21136409302525,0.33216995000839233,-0.5,-0.62727105617523193
actual_output,14724000000,21136459334682,0.33216995000839233,-0.5,-0.62727105617523193
mppi_upstream,14730000000,21136465975321,0.345560222864151,-0.50802880525588989,-0.61627590656280518
actual_output,14774000000,21136509299263,0.345560222864151,-0.5,-0.61627590656280518
actual_output,14824000000,21136559298765,0.345560222864151,-0.5,-0.61627590656280518
mppi_upstream,14830000000,21136565699162,0.35747805237770081,-0.50873613357543945,-0.60411947965621948
actual_output,14874000000,21136609307415,0.35747805237770081,-0.5,-0.60411947965621948
mppi_upstream,14920000000,21136655483753,0.36728072166442871,-0.50914847850799561,-0.59232604503631592
actual_output,14924000000,21136659382113,0.36728072166442871,-0.5,-0.59232604503631592
actual_output,14974000000,21136709323040,0.36728072166442871,-0.5,-0.59232604503631592
mppi_upstream,15020000000,21136755851819,0.37671971321105957,-0.50861281156539917,-0.58070582151412964
actual_output,15024000000,21136759341791,0.37671971321105957,-0.5,-0.58070582151412964
actual_output,15074000000,21136809360137,0.37671971321105957,-0.5,-0.58070582151412964
mppi_upstream,15121000000,21136857036150,0.38643279671669006,-0.50753915309906006,-0.57055395841598511
actual_output,15124000000,21136859373853,0.38643279671669006,-0.5,-0.57055395841598511
actual_output,15174000000,21136909307724,0.38643279671669006,-0.5,-0.57055395841598511
mppi_upstream,15220000000,21136955492357,0.39573001861572266,-0.50637280941009521,-0.5608401894569397
actual_output,15224000000,21136959302383,0.39573001861572266,-0.5,-0.5608401894569397
actual_output,15273000000,21137009264109,0.39573001861572266,-0.5,-0.5608401894569397
mppi_upstream,15319000000,21137055193941,0.40486520528793335,-0.50539582967758179,-0.55210262537002563
actual_output,15324000000,21137059278547,0.40486520528793335,-0.5,-0.55210262537002563
actual_output,15374000000,21137109332399,0.40486520528793335,-0.5,-0.55210262537002563
mppi_upstream,15420000000,21137155549835,0.41689044237136841,-0.50418490171432495,-0.54323530197143555
actual_output,15423000000,21137159303901,0.41689044237136841,-0.5,-0.54323530197143555
actual_output,15473000000,21137209329222,0.41689044237136841,-0.5,-0.54323530197143555
mppi_upstream,15520000000,21137255950018,0.4286419153213501,-0.50270277261734009,-0.53137725591659546
actual_output,15523000000,21137259345122,0.4286419153213501,-0.5,-0.53137725591659546
actual_output,15573000000,21137309307544,0.4286419153213501,-0.5,-0.53137725591659546
mppi_upstream,15619000000,21137355224893,0.44132465124130249,-0.50144368410110474,-0.5159575343132019
actual_output,15624000000,21137359297810,0.44132465124130249,-0.5,-0.5159575343132019
actual_output,15674000000,21137409287707,0.44132465124130249,-0.5,-0.5159575343132019
mppi_upstream,15720000000,21137455837440,0.4532325267791748,-0.49886447191238403,-0.49932357668876648
actual_output,15723000000,21137459273390,0.4532325267791748,-0.49886447191238403,-0.49932357668876648
actual_output,15773000000,21137509380282,0.4532325267791748,-0.49886447191238403,-0.49932357668876648
mppi_upstream,15819000000,21137555167626,0.46390765905380249,-0.49539956450462341,-0.47838112711906433
actual_output,15824000000,21137559322084,0.46390765905380249,-0.49539956450462341,-0.47838112711906433
actual_output,15873000000,21137609294615,0.46390765905380249,-0.49539956450462341,-0.47838112711906433
mppi_upstream,15919000000,21137655123906,0.47527256608009338,-0.49038827419281006,-0.45901739597320557
actual_output,15924000000,21137659293270,0.47527256608009338,-0.49038827419281006,-0.45901739597320557
actual_output,15973000000,21137709333015,0.47527256608009338,-0.49038827419281006,-0.45901739597320557
mppi_upstream,16019000000,21137755145614,0.48620986938476562,-0.48718085885047913,-0.43930888175964355
actual_output,16023000000,21137759246954,0.48620986938476562,-0.48718085885047913,-0.43930888175964355
actual_output,16073000000,21137809335166,0.48620986938476562,-0.48718085885047913,-0.43930888175964355
mppi_upstream,16120000000,21137855445866,0.49515789747238159,-0.48211663961410522,-0.42056035995483398
actual_output,16123000000,21137859246788,0.49515789747238159,-0.48211663961410522,-0.42056035995483398
actual_output,16173000000,21137909300042,0.49515789747238159,-0.48211663961410522,-0.42056035995483398
mppi_upstream,16220000000,21137955270883,0.50042492151260376,-0.47491371631622314,-0.4003196656703949
actual_output,16224000000,21137959262204,0.50042492151260376,-0.47491371631622314,-0.4003196656703949
actual_output,16273000000,21138009299086,0.50042492151260376,-0.47491371631622314,-0.4003196656703949
mppi_upstream,16319000000,21138055138430,0.50779837369918823,-0.46671521663665771,-0.37944087386131287
actual_output,16324000000,21138059303939,0.50779837369918823,-0.46671521663665771,-0.37944087386131287
actual_output,16373000000,21138109278063,0.50779837369918823,-0.46671521663665771,-0.37944087386131287
mppi_upstream,16419000000,21138155093146,0.51241004467010498,-0.45732003450393677,-0.3552265465259552
actual_output,16424000000,21138159209149,0.51241004467010498,-0.45732003450393677,-0.3552265465259552
actual_output,16473000000,21138209296484,0.51241004467010498,-0.45732003450393677,-0.3552265465259552
mppi_upstream,16520000000,21138255412283,0.51587563753128052,-0.44606399536132812,-0.33027070760726929
actual_output,16523000000,21138259275169,0.51587563753128052,-0.44606399536132812,-0.33027070760726929
actual_output,16573000000,21138309261354,0.51587563753128052,-0.44606399536132812,-0.33027070760726929
mppi_upstream,16619000000,21138355108730,0.51658999919891357,-0.43592181801795959,-0.3004208505153656
actual_output,16623000000,21138359245844,0.51658999919891357,-0.43592181801795959,-0.3004208505153656
actual_output,16674000000,21138409339678,0.51658999919891357,-0.43592181801795959,-0.3004208505153656
mppi_upstream,16719000000,21138455105967,0.51993906497955322,-0.42581608891487122,-0.26770222187042236
actual_output,16723000000,21138459243073,0.51993906497955322,-0.42581608891487122,-0.26770222187042236
actual_output,16773000000,21138509320143,0.51993906497955322,-0.42581608891487122,-0.26770222187042236
actual_output,16824000000,21138559293629,0.51993906497955322,-0.42581608891487122,-0.26770222187042236
mppi_upstream,16840000000,21138576017523,0.52156192064285278,-0.4169139564037323,-0.23713608086109161
actual_output,16873000000,21138609285260,0.52156192064285278,-0.4169139564037323,-0.23713608086109161
actual_output,16924000000,21138659303738,0.52156192064285278,-0.4169139564037323,-0.23713608086109161
mppi_upstream,16940000000,21138675394310,0.52404820919036865,-0.40612947940826416,-0.21015274524688721
actual_output,16973000000,21138709296392,0.52404820919036865,-0.40612947940826416,-0.21015274524688721
actual_output,17023000000,21138759247579,0.52404820919036865,-0.40612947940826416,-0.21015274524688721
mppi_upstream,17041000000,21138776569329,0.52813363075256348,-0.39549672603607178,-0.18557003140449524
actual_output,17074000000,21138809276657,0.52813363075256348,-0.39549672603607178,-0.18557003140449524
actual_output,17123000000,21138859234270,0.52813363075256348,-0.39549672603607178,-0.18557003140449524
mppi_upstream,17140000000,21138875974654,0.53180116415023804,-0.38643187284469604,-0.16321052610874176
actual_output,17173000000,21138909271517,0.53180116415023804,-0.38643187284469604,-0.16321052610874176
actual_output,17224000000,21138959351481,0.53180116415023804,-0.38643187284469604,-0.16321052610874176
mppi_upstream,17230000000,21138965731877,0.53567826747894287,-0.37555199861526489,-0.13964086771011353
actual_output,17273000000,21139009234724,0.53567826747894287,-0.37555199861526489,-0.13964086771011353
actual_output,17323000000,21139059244590,0.53567826747894287,-0.37555199861526489,-0.13964086771011353
mppi_upstream,17331000000,21139066951663,0.53733426332473755,-0.36447346210479736,-0.11958426237106323
actual_output,17373000000,21139109250138,0.53733426332473755,-0.36447346210479736,-0.11958426237106323
actual_output,17423000000,21139159338803,0.53733426332473755,-0.36447346210479736,-0.11958426237106323
mppi_upstream,17431000000,21139166970653,0.53719526529312134,-0.35407561063766479,-0.10268881916999817
actual_output,17473000000,21139209237579,0.53719526529312134,-0.35407561063766479,-0.10268881916999817
actual_output,17524000000,21139259224252,0.53719526529312134,-0.35407561063766479,-0.10268881916999817
mppi_upstream,17532000000,21139267569834,0.53009957075119019,-0.32224392890930176,-0.082893550395965576
actual_output,17573000000,21139309262360,0.53009957075119019,-0.32224392890930176,-0.082893550395965576
actual_output,17623000000,21139359213008,0.53009957075119019,-0.32224392890930176,-0.082893550395965576
mppi_upstream,17632000000,21139367330263,0.53065723180770874,-0.29256850481033325,-0.077663727104663849
actual_output,17674000000,21139409258316,0.53065723180770874,-0.29256850481033325,-0.077663727104663849
actual_output,17724000000,21139459284118,0.53065723180770874,-0.29256850481033325,-0.077663727104663849
mppi_upstream,17730000000,21139465401913,0.5271528959274292,-0.26229754090309143,-0.066283360123634338
actual_output,17773000000,21139509233231,0.5271528959274292,-0.26229754090309143,-0.066283360123634338
actual_output,17823000000,21139559308607,0.5271528959274292,-0.26229754090309143,-0.066283360123634338
mppi_upstream,17830000000,21139565955375,0.5230262279510498,-0.2372768372297287,-0.04733690619468689
actual_output,17874000000,21139609306916,0.5230262279510498,-0.2372768372297287,-0.04733690619468689
actual_output,17923000000,21139659251473,0.5230262279510498,-0.2372768372297287,-0.04733690619468689
mppi_upstream,17931000000,21139666296815,0.52018511295318604,-0.21423697471618652,-0.02077636681497097
actual_output,17974000000,21139709283483,0.52018511295318604,-0.21423697471618652,-0.02077636681497097
actual_output,18023000000,21139759267090,0.52018511295318604,-0.21423697471618652,-0.02077636681497097
mppi_upstream,18030000000,21139766285702,0.5256878137588501,-0.19231729209423065,0.0074030943214893341
actual_output,18073000000,21139809186511,0.5256878137588501,-0.19231729209423065,0.0074030943214893341
actual_output,18124000000,21139859229665,0.5256878137588501,-0.19231729209423065,0.0074030943214893341
mppi_upstream,18130000000,21139865525460,0.53580111265182495,-0.17417880892753601,0.029365871101617813
actual_output,18173000000,21139909263826,0.53580111265182495,-0.17417880892753601,0.029365871101617813
mppi_upstream,18220000000,21139955414262,0.54603075981140137,-0.15587374567985535,0.051035962998867035
actual_output,18224000000,21139959313938,0.54603075981140137,-0.15587374567985535,0.051035962998867035
actual_output,18274000000,21140009246121,0.54603075981140137,-0.15587374567985535,0.051035962998867035
mppi_upstream,18319000000,21140055090416,0.5495915412902832,-0.13994726538658142,0.069892920553684235
actual_output,18323000000,21140059215989,0.5495915412902832,-0.13994726538658142,0.069892920553684235
actual_output,18373000000,21140109223404,0.5495915412902832,-0.13994726538658142,0.069892920553684235
mppi_upstream,18419000000,21140155020153,0.52485823631286621,-0.046911671757698059,0.11520197242498398
actual_output,18423000000,21140159212955,0.52485823631286621,-0.089947265386581418,0.11520197242498398
actual_output,18473000000,21140209220586,0.52485823631286621,-0.046911671757698059,0.11520197242498398
mppi_upstream,18521000000,21140256478063,0.53667449951171875,-0.0065840212628245354,0.085784837603569031
actual_output,18523000000,21140259201702,0.53667449951171875,-0.0065840212628245354,0.085784837603569031
actual_output,18573000000,21140309214840,0.53667449951171875,-0.0065840212628245354,0.085784837603569031
mppi_upstream,18620000000,21140355622771,0.53863543272018433,0.035045847296714783,0.089762590825557709
actual_output,18623000000,21140359275543,0.53863543272018433,0.035045847296714783,0.089762590825557709
actual_output,18673000000,21140409242867,0.53863543272018433,0.035045847296714783,0.089762590825557709
mppi_upstream,18719000000,21140455742137,0.53688305616378784,0.071413241326808929,0.10155537724494934
actual_output,18723000000,21140459277614,0.53688305616378784,0.071413241326808929,0.10155537724494934
actual_output,18773000000,21140509231775,0.53688305616378784,0.071413241326808929,0.10155537724494934
mppi_upstream,18820000000,21140556049163,0.49496346712112427,0.1469583660364151,0.12925565242767334
actual_output,18823000000,21140559262536,0.49496346712112427,0.12141324132680893,0.12925565242767334
actual_output,18873000000,21140609202470,0.49496346712112427,0.1469583660364151,0.12925565242767334
mppi_upstream,18920000000,21140655499101,0.47100833058357239,0.19963230192661285,0.14627103507518768
actual_output,18923000000,21140659168744,0.47100833058357239,0.19695836603641509,0.14627103507518768
actual_output,18973000000,21140709206666,0.47100833058357239,0.19963230192661285,0.14627103507518768
mppi_upstream,19019000000,21140754814178,0.44955015182495117,0.24445191025733948,0.16609883308410645
actual_output,19024000000,21140759203127,0.44955015182495117,0.24445191025733948,0.16609883308410645
actual_output,19073000000,21140809204083,0.44955015182495117,0.24445191025733948,0.16609883308410645
mppi_upstream,19119000000,21140855017010,0.42680081725120544,0.28714233636856079,0.17937257885932922
actual_output,19123000000,21140859172937,0.42680081725120544,0.28714233636856079,0.17937257885932922
actual_output,19173000000,21140909178776,0.42680081725120544,0.28714233636856079,0.17937257885932922
mppi_upstream,19219000000,21140954972163,0.39646205306053162,0.31709882616996765,0.19292931258678436
actual_output,19223000000,21140959207099,0.39646205306053162,0.31709882616996765,0.19292931258678436
actual_output,19273000000,21141009226966,0.39646205306053162,0.31709882616996765,0.19292931258678436
mppi_upstream,19320000000,21141055320245,0.36726671457290649,0.34910407662391663,0.21745352447032928
actual_output,19323000000,21141059188428,0.36726671457290649,0.34910407662391663,0.21745352447032928
actual_output,19373000000,21141109203723,0.36726671457290649,0.34910407662391663,0.21745352447032928
mppi_upstream,19419000000,21141154987441,0.35155364871025085,0.37442246079444885,0.24069193005561829
actual_output,19423000000,21141159201913,0.35155364871025085,0.37442246079444885,0.24069193005561829
actual_output,19473000000,21141209193946,0.35155364871025085,0.37442246079444885,0.24069193005561829
mppi_upstream,19519000000,21141254925409,0.33967366814613342,0.39804154634475708,0.25732827186584473
actual_output,19523000000,21141259198831,0.33967366814613342,0.39804154634475708,0.25732827186584473
actual_output,19573000000,21141309156180,0.33967366814613342,0.39804154634475708,0.25732827186584473
mppi_upstream,19620000000,21141355389233,0.35341909527778625,0.39791154861450195,0.19209295511245728
actual_output,19623000000,21141359190614,0.35341909527778625,0.39791154861450195,0.19209295511245728
actual_output,19673000000,21141409169866,0.35341909527778625,0.39791154861450195,0.19209295511245728
mppi_upstream,19719000000,21141454902211,0.35247144103050232,0.3896624743938446,0.18689563870429993
actual_output,19723000000,21141459161019,0.35247144103050232,0.3896624743938446,0.18689563870429993
actual_output,19773000000,21141509177857,0.35247144103050232,0.3896624743938446,0.18689563870429993
mppi_upstream,19820000000,21141555468032,0.3596949577331543,0.39240038394927979,0.19839589297771454
actual_output,19823000000,21141559219882,0.3596949577331543,0.39240038394927979,0.19839589297771454
actual_output,19873000000,21141609189488,0.3596949577331543,0.39240038394927979,0.19839589297771454
mppi_upstream,19919000000,21141654840861,0.35821858048439026,0.40090212225914001,0.22146423161029816
actual_output,19923000000,21141659164085,0.35821858048439026,0.40090212225914001,0.22146423161029816
actual_output,19973000000,21141709164746,0.35821858048439026,0.40090212225914001,0.22146423161029816
mppi_upstream,20019000000,21141755190194,0.35409456491470337,0.41369420289993286,0.23503665626049042
actual_output,20023000000,21141759131188,0.35409456491470337,0.41369420289993286,0.23503665626049042
actual_output,20073000000,21141809166829,0.35409456491470337,0.41369420289993286,0.23503665626049042
actual_output,20123000000,21141859154202,0.35409456491470337,0.41369420289993286,0.23503665626049042
mppi_upstream,20140000000,21141876131708,0.35196110606193542,0.43352019786834717,0.25172510743141174
actual_output,20173000000,21141909111578,0.35196110606193542,0.43352019786834717,0.25172510743141174
actual_output,20223000000,21141959176804,0.35196110606193542,0.43352019786834717,0.25172510743141174
mppi_upstream,20240000000,21141976145723,0.35038077831268311,0.45618176460266113,0.25861018896102905
actual_output,20273000000,21142009194784,0.35038077831268311,0.45618176460266113,0.25861018896102905
actual_output,20323000000,21142059152240,0.35038077831268311,0.45618176460266113,0.25861018896102905
mppi_upstream,20340000000,21142075539788,0.34753847122192383,0.47325322031974792,0.24934995174407959
actual_output,20373000000,21142109155082,0.34753847122192383,0.47325322031974792,0.24934995174407959
actual_output,20423000000,21142159183636,0.34753847122192383,0.47325322031974792,0.24934995174407959
mppi_upstream,20440000000,21142175421186,0.35020869970321655,0.48329567909240723,0.24515384435653687
actual_output,20473000000,21142209202481,0.35020869970321655,0.48329567909240723,0.24515384435653687
actual_output,20523000000,21142259167657,0.35020869970321655,0.48329567909240723,0.24515384435653687
mppi_upstream,20529000000,21142265061227,0.34622827172279358,0.49136775732040405,0.22737023234367371
actual_output,20573000000,21142309135692,0.34622827172279358,0.49136775732040405,0.22737023234367371
actual_output,20623000000,21142359177024,0.34622827172279358,0.49136775732040405,0.22737023234367371
mppi_upstream,20630000000,21142365791284,0.3433680534362793,0.48378792405128479,0.23313765227794647
actual_output,20673000000,21142409147111,0.3433680534362793,0.48378792405128479,0.23313765227794647
actual_output,20723000000,21142459146320,0.3433680534362793,0.48378792405128479,0.23313765227794647
mppi_upstream,20729000000,21142464957545,0.33941751718521118,0.4843696653842926,0.23035213351249695
actual_output,20773000000,21142509137725,0.33941751718521118,0.4843696653842926,0.23035213351249695
actual_output,20823000000,21142559163608,0.33941751718521118,0.4843696653842926,0.23035213351249695
mppi_upstream,20829000000,21142565241961,0.32923972606658936,0.48741248250007629,0.22982452809810638
actual_output,20873000000,21142609157139,0.32923972606658936,0.48741248250007629,0.22982452809810638
actual_output,20923000000,21142659185361,0.32923972606658936,0.48741248250007629,0.22982452809810638
mppi_upstream,20929000000,21142665090511,0.30860880017280579,0.49568676948547363,0.21956585347652435
actual_output,20973000000,21142709178821,0.30860880017280579,0.49568676948547363,0.21956585347652435
actual_output,21023000000,21142759205349,0.30860880017280579,0.49568676948547363,0.21956585347652435
mppi_upstream,21030000000,21142765523812,0.28443750739097595,0.49932044744491577,0.21612116694450378
actual_output,21073000000,21142809134538,0.28443750739097595,0.49932044744491577,0.21612116694450378
actual_output,21123000000,21142859129928,0.28443750739097595,0.49932044744491577,0.21612116694450378
mppi_upstream,21129000000,21142865134865,0.261212557554245,0.50071460008621216,0.21892142295837402
actual_output,21173000000,21142909120757,0.261212557554245,0.5,0.21892142295837402
actual_output,21223000000,21142959177064,0.261212557554245,0.5,0.21892142295837402
mppi_upstream,21229000000,21142965063887,0.24372950196266174,0.50069016218185425,0.22749483585357666
actual_output,21273000000,21143009171266,0.24372950196266174,0.5,0.22749483585357666
actual_output,21323000000,21143059216734,0.24372950196266174,0.5,0.22749483585357666
mppi_upstream,21329000000,21143064839094,0.22474917769432068,0.50036954879760742,0.23660048842430115
actual_output,21373000000,21143109148358,0.22474917769432068,0.5,0.23660048842430115
actual_output,21423000000,21143159180468,0.22474917769432068,0.5,0.23660048842430115
mppi_upstream,21430000000,21143165425380,0.21747411787509918,0.50011122226715088,0.25706130266189575
actual_output,21473000000,21143209179776,0.21747411787509918,0.5,0.25706130266189575
mppi_upstream,21520000000,21143255852334,0.21890878677368164,0.49999362230300903,0.27214944362640381
actual_output,21523000000,21143259172103,0.21890878677368164,0.49999362230300903,0.27214944362640381
actual_output,21573000000,21143309310514,0.21890878677368164,0.49999362230300903,0.27214944362640381
mppi_upstream,21620000000,21143356018834,0.23979587852954865,0.49336904287338257,0.26036453247070312
actual_output,21623000000,21143359249853,0.23979587852954865,0.49336904287338257,0.26036453247070312
actual_output,21673000000,21143409193803,0.23979587852954865,0.49336904287338257,0.26036453247070312
mppi_upstream,21721000000,21143456612702,0.26161900162696838,0.49850112199783325,0.28339016437530518
actual_output,21723000000,21143459197938,0.26161900162696838,0.49850112199783325,0.28339016437530518
actual_output,21773000000,21143509164605,0.26161900162696838,0.49850112199783325,0.28339016437530518
mppi_upstream,21821000000,21143556607388,0.25837597250938416,0.49899953603744507,0.31488895416259766
actual_output,21823000000,21143559240832,0.25837597250938416,0.49899953603744507,0.31488895416259766
actual_output,21871000000,21143609287531,0.25837597250938416,0.49899953603744507,0.31488895416259766
mppi_upstream,21919000000,21143656967179,0.24530084431171417,0.50013542175292969,0.35081431269645691
actual_output,21922000000,21143659236755,0.24530084431171417,0.5,0.35081431269645691
actual_output,21972000000,21143709479588,0.24530084431171417,0.5,0.35081431269645691
mppi_upstream,22018000000,21143755317193,0.23806610703468323,0.49984490871429443,0.36541551351547241
actual_output,22021000000,21143759122688,0.23806610703468323,0.49984490871429443,0.36541551351547241
actual_output,22071000000,21143809143585,0.23806610703468323,0.49984490871429443,0.36541551351547241
mppi_upstream,22117000000,21143855198054,0.2290465235710144,0.50008749961853027,0.38382169604301453
actual_output,22121000000,21143859155336,0.2290465235710144,0.5,0.38382169604301453
actual_output,22171000000,21143909150828,0.2290465235710144,0.5,0.38382169604301453
mppi_upstream,22217000000,21143954828763,0.21822942793369293,0.50001490116119385,0.40280535817146301
actual_output,22221000000,21143959147223,0.21822942793369293,0.5,0.40280535817146301
actual_output,22272000000,21144009161436,0.21822942793369293,0.5,0.40280535817146301
mppi_upstream,22317000000,21144054926563,0.19997242093086243,0.50002110004425049,0.44918748736381531
actual_output,22322000000,21144059136525,0.19997242093086243,0.5,0.44918748736381531
actual_output,22372000000,21144109158707,0.19997242093086243,0.5,0.44918748736381531
mppi_upstream,22417000000,21144154992838,0.17984594404697418,0.50000280141830444,0.49601489305496216
actual_output,22422000000,21144159169301,0.17984594404697418,0.5,0.49601489305496216
actual_output,22471000000,21144209166942,0.17984594404697418,0.5,0.49601489305496216
mppi_upstream,22517000000,21144255024355,0.16075830161571503,0.49999970197677612,0.54336041212081909
actual_output,22522000000,21144259218040,0.16075830161571503,0.49999970197677612,0.54336041212081909
actual_output,22571000000,21144309126756,0.16075830161571503,0.49999970197677612,0.54336041212081909
mppi_upstream,22617000000,21144355141339,0.17671012878417969,0.49845397472381592,0.59160017967224121
actual_output,22622000000,21144359186815,0.17671012878417969,0.49845397472381592,0.59160017967224121
actual_output,22671000000,21144409157296,0.17671012878417969,0.49845397472381592,0.59160017967224121
mppi_upstream,22717000000,21144455051727,0.16510134935379028,0.49965375661849976,0.67004632949829102
actual_output,22721000000,21144459092422,0.16510134935379028,0.49965375661849976,0.67004632949829102
actual_output,22771000000,21144509194650,0.16510134935379028,0.49965375661849976,0.67004632949829102
mppi_upstream,22817000000,21144555098714,0.16909314692020416,0.49976783990859985,0.73269301652908325
actual_output,22822000000,21144559158562,0.16909314692020416,0.49976783990859985,0.73269301652908325
actual_output,22871000000,21144609102528,0.16909314692020416,0.49976783990859985,0.73269301652908325
mppi_upstream,22917000000,21144655097110,0.16470646858215332,0.50003212690353394,0.79920899868011475
actual_output,22921000000,21144659145220,0.16470646858215332,0.5,0.79920899868011475
actual_output,22971000000,21144709177850,0.16470646858215332,0.5,0.79920899868011475
mppi_upstream,23017000000,21144755034093,0.17500483989715576,0.50004333257675171,0.82835710048675537
actual_output,23022000000,21144759178267,0.17500483989715576,0.5,0.82835710048675537
actual_output,23072000000,21144809139504,0.17500483989715576,0.5,0.82835710048675537
mppi_upstream,23117000000,21144854987139,0.18857993185520172,0.50003808736801147,0.84559428691864014
actual_output,23121000000,21144859114725,0.18857993185520172,0.5,0.84559428691864014
