rollout,joint_safe,mean_overlap_fraction,grade_score,native_standard,new_probability,new_weighted_total
0,0,0.507089063639373,2.281901,505.57028,0.0,2174.5889
1,0,0.5101877309869925,2.2958448,5.1835566,0.00021344644,1674.1875
2,0,0.5228013328130218,2.352606,5.5934763,5.5848748e-05,1674.5897
3,0,0.48401886528877036,2.1780849,4.6173844,0.0025876444,1673.439
4,0,0.43257071852006823,1.9465683,4.7973123,0.0011486341,1673.6826
5,1,0.4646525640782884,2.0909364,5.491606,0.000111494126,1674.3823
6,0,0.45729961996515633,2.0578482,4.4544964,0.008098658,1673.0967
7,0,0.5050079425044011,2.2725358,5.876761,9.17064e-06,1675.1317
8,0,0.4714794463672571,2.1216576,505.65338,0.0,2174.5332
9,0,0.45022550515448095,2.0260148,5.4206257,0.00033448925,1674.0527
10,0,0.4881342243862762,2.196604,4.263219,0.008549017,1673.0804
11,0,0.47967321283052095,2.1585295,4.617313,0.0027572243,1673.4199
12,0,0.4588030633596721,2.0646138,4.63142,0.005934757,1673.19
13,0,0.5148930458436641,2.3170187,5.1216207,0.0005690781,1673.8933
14,0,0.49683100685319637,2.2357395,4.522172,0.0022912205,1673.4755
15,0,0.47983272690498757,2.1592472,4.5564985,0.0023221935,1673.4714
16,0,0.4290599174567659,1.9307697,4.8723063,0.0013363482,1673.6372
17,0,0.43339073276293405,1.9502583,3.909849,0.016757244,1672.8785
18,0,0.5481194729185415,2.4665377,506.19672,0.0,2175.272
19,0,0.4922422328450737,2.21509,5.6550016,7.6647426e-05,1674.4948
20,0,0.49279690249756886,2.217586,4.812346,0.0011476999,1673.6829
21,0,0.48129715574822246,2.1658373,4.6985927,0.0007816447,1673.7981
22,0,0.4898947568942556,2.2045264,4.445831,0.003960485,1673.3113
23,0,0.48692354066235005,2.191156,4.635366,0.0015789657,1673.5872
24,0,0.48349604405091173,2.1757321,4.478266,0.0014770376,1673.6072
25,0,0.47168734563878306,2.1225932,505.74005,0.0,2174.5906
26,0,0.4672078235263684,2.102435,505.74808,0.0,2174.578
27,0,0.5405683609412391,2.4325576,506.15207,0.0,2175.1785
28,0,0.46218683329969745,2.0798407,4.8768663,0.0013314635,1673.6383
29,0,0.5273037393129647,2.3728669,5.2483454,0.00012814111,1674.3406
30,0,0.47193808677534244,2.1237214,4.1298785,0.006873802,1673.1459
31,0,0.5103871858183936,2.2967424,5.5040135,0.00019077244,1674.2212
32,0,0.4804085225569908,2.1618383,4.3722925,0.0049619046,1673.2437
33,0,0.45082472571143506,2.0287113,4.9603734,0.002882266,1673.4066
34,0,0.4401309971351177,1.9805895,3.847499,0.012889066,1672.9573
35,0,0.5147215907498528,2.3162472,5.319315,0.00020146309,1674.2048
36,0,0.5333115963931195,2.399902,4.3684015,0.0029176653,1673.403
37,0,0.4330111715361951,1.9485502,4.2801743,0.008724728,1673.0743
38,0,0.4652396771070181,2.0935786,4.5109186,0.0033889604,1673.358
39,0,0.5178848707720524,2.330482,5.950469,1.6597769e-05,1674.9537
40,0,0.5080981954097585,2.2864418,4.9267964,0.00039105755,1674.0059
41,0,0.4574630043260464,2.0585835,4.08263,0.01708775,1672.8727
42,0,0.4651910702837253,2.0933597,4.3558865,0.0047698757,1673.2555
43,0,0.4654432806384449,2.0944948,4.650268,0.0017058804,1673.564
44,0,0.49528492702567944,2.2287822,4.896728,0.0007389631,1673.815
45,0,0.5046389273829882,2.2708752,4.6407833,0.0024039156,1673.461
46,0,0.49382092367413605,2.2221942,4.8530903,0.0020049538,1673.5155
47,0,0.5123662362379083,2.305648,4.329584,0.0031740624,1673.3777
48,0,0.474079460128951,2.1333575,5.6318665,0.00029545018,1674.09
49,0,0.4821694165535831,2.1697624,4.292369,0.0019439006,1673.5248
50,0,0.49387987149315904,2.2224593,4.754759,0.000751089,1673.81
51,0,0.5136223079099637,2.3113003,4.4659615,0.002910551,1673.4037
52,0,0.5084579717553267,2.288061,4.37305,0.0026301057,1673.4341
53,0,0.4670786889052171,2.101854,4.115494,0.005312959,1673.2231
54,0,0.5046527021472534,2.2709372,5.8755946,1.5994428e-05,1674.9648
55,0,0.4299204479606971,1.934642,5.359044,0.00039747462,1674.001
56,0,0.484288999102851,2.1793005,4.2336917,0.004308522,1673.286
57,0,0.48184778044710935,2.168315,4.1744723,0.006812543,1673.1486
58,0,0.46289337320890067,2.0830202,4.5799947,0.0029058172,1673.4042
59,0,0.4514332156532867,2.0314496,4.5173526,0.008914927,1673.0679
60,0,0.5049175667665506,2.272129,4.764348,0.0018603252,1673.538
61,0,0.49902536861678315,2.245614,4.793175,0.001984662,1673.5186
62,0,0.48561418235276194,2.1852639,4.206579,0.016527008,1672.8827
63,0,0.49029330342079813,2.2063198,4.4069653,0.005345486,1673.2213
64,0,0.4924788084584346,2.2161546,4.654884,0.0019210969,1673.5283
65,0,0.4573848198058823,2.0582316,4.2616334,0.00647207,1673.164
66,0,0.4793243944615894,2.1569598,4.205043,0.009150136,1673.06
67,0,0.4669416647253812,2.1012375,5.089862,0.0017170224,1673.562
68,0,0.4735108952438738,2.130799,4.6511216,0.0058341944,1673.1951
69,0,0.46125833559326146,2.0756626,4.2894034,0.013418879,1672.9452
70,0,0.4976221457997217,2.2392998,4.4992433,0.0063624033,1673.1691
71,0,0.45574261156282425,2.0508418,4.1018786,0.007309387,1673.1274
72,0,0.4909473393163349,2.209263,4.2911,0.0062342673,1673.1752
73,0,0.49575707285254655,2.2309067,4.5112185,0.0014704413,1673.6085
74,0,0.5936462730723626,2.6714082,506.01334,0.0,2174.9758
75,0,0.4804692777916936,2.1621118,4.370512,0.0033738262,1673.3594
76,0,0.4920999905307489,2.21445,5.250703,0.0013179876,1673.6414
77,0,0.47379804085122895,2.1320913,4.1031137,0.007912985,1673.1036
78,0,0.44865093939136436,2.0189292,4.4838924,0.006667199,1673.155
79,0,0.4604223580755109,2.0719006,5.1470437,0.00058172055,1673.8867
80,0,0.5072720989826973,2.2827244,4.6465178,0.0022615802,1673.4794
81,0,0.467978884039947,2.105905,5.4704175,3.4092463e-05,1674.7378
82,0,0.5262961528743896,2.3683326,4.4036384,0.0027979107,1673.4155
83,0,0.4326819396627941,1.9470687,5.7871556,4.302683e-05,1674.668
84,0,0.4709259509967177,2.1191669,4.068842,0.008019955,1673.0996
85,0,0.4639372303483239,2.0877175,4.3064485,0.0058770822,1673.1929
86,0,0.49060922647525085,2.2077415,5.7661443,9.559908e-05,1674.4285
87,0,0.45951090911989767,2.067799,4.340046,0.0028196254,1673.4132
88,0,0.46078067574479475,2.073513,5.3854723,0.0008437852,1673.7751
89,0,0.494041007979102,2.2231846,4.513929,0.0007996603,1673.7913
90,0,0.47824445914868163,2.1521,5.853786,5.0221643e-05,1674.6216
91,0,0.49498524220261664,2.2274337,4.3950276,0.008383663,1673.0863
92,0,0.4734971114591969,2.130737,4.819273,0.0010502783,1673.7095
93,0,0.4807427887517563,2.1633425,4.47627,0.010623849,1673.0153
94,0,0.4952544014194184,2.2286448,4.76806,0.0015098511,1673.6006
95,0,0.48127751274448016,2.1657488,4.0961523,0.0041283187,1673.2988
96,0,0.49020027733079796,2.2059011,4.6688375,0.004939745,1673.245
97,0,0.543447424909733,2.4455135,4.371861,0.00097570627,1673.7316
98,0,0.48266094428018846,2.1719742,4.440835,0.0013582768,1673.6323
99,0,0.4687532971438635,2.1093898,6.0535316,2.7759872e-05,1674.7994
100,0,0.498272000735983,2.242224,4.747546,0.0023278699,1673.4707
101,0,0.45167284208753017,2.0325277,4.67798,0.0022016529,1673.4874
102,0,0.45083820835880517,2.0287719,4.454941,0.0046453727,1673.2634
103,0,0.472919202018154,2.1281364,4.511269,0.0017184205,1673.5618
104,0,0.4612852313587521,2.0757835,4.3035173,0.010047824,1673.032
105,0,0.4923188275509933,2.2154348,4.446434,0.003478374,1673.3502
106,0,0.4709628208106207,2.1193328,5.1506996,0.00052353437,1673.9183
107,0,0.5343209438534097,2.4044442,4.815902,0.001193419,1673.6711
108,0,0.5268931233224895,2.3710191,7.7054796,6.464614e-08,1676.6182
109,0,0.4943828434161991,2.2247229,4.338273,0.001516007,1673.5994
110,0,0.4652164914018364,2.0934741,506.1227,0.0,2174.8528
111,0,0.4960731988968481,2.2323294,4.9906116,0.0007202607,1673.8226
112,0,0.5142634076815015,2.3141854,4.768859,0.0013500118,1673.6342
113,0,0.4838225681680638,2.1772015,4.2145762,0.0042200335,1673.2922
114,0,0.4892785587303982,2.2017536,4.591572,0.0029152918,1673.4032
115,0,0.46970025969517754,2.1136513,4.415192,0.0035542024,1673.3438
116,0,0.5235434058448363,2.3559453,5.3953624,6.006832e-05,1674.5679
117,0,0.49905948989343696,2.2457676,4.551912,0.0024956116,1673.4498
118,0,0.5270266402948034,2.37162,5.993869,2.4232295e-05,1674.8402
119,0,0.5627404649135305,2.5323322,6.914327,4.462566e-07,1676.0386
120,0,0.5064905450024653,2.2792075,4.650661,0.0010662104,1673.705
121,0,0.4668337658303965,2.1007519,4.578897,0.0014152607,1673.62
122,0,0.5010997203383561,2.2549489,4.902624,0.00046564112,1673.9535
123,0,0.468289302814231,2.107302,4.6924515,0.002613038,1673.436
124,0,0.49159060527740156,2.2121577,4.230838,0.0072737834,1673.1289
125,0,0.47538077148795055,2.1392136,4.446677,0.005453135,1673.2153
126,0,0.5011385495383752,2.2551234,4.3033104,0.0010872396,1673.6991
127,0,0.5162023344822791,2.3229105,6.3447113,4.6312166e-06,1675.3367
128,0,0.4802876381229606,2.1612945,4.5171824,0.0029474972,1673.3999
129,0,0.4960840319653604,2.2323782,505.8903,0.0,2174.3508
130,0,0.49613864468560553,2.2326238,4.844788,0.0013483649,1673.6345
131,0,0.4895693578124249,2.203062,4.4041038,0.011375488,1672.9948
132,0,0.496373505391266,2.2336807,5.3183093,9.482429e-05,1674.4309
133,0,0.44848491752558634,2.018182,4.13216,0.021382315,1672.8054
134,0,0.5117765240654931,2.3029943,4.581198,0.0049821357,1673.2424
135,0,0.4872016282710152,2.1924074,4.2858067,0.006323689,1673.1709
136,0,0.4322090815863079,1.9449409,4.4843426,0.0053913584,1673.2188
137,0,0.4917005777523229,2.2126527,5.1241827,0.00060661917,1673.8741
138,0,0.47780439897376564,2.1501198,4.7722096,0.0018362589,1673.5419
139,0,0.44393497827752043,1.9977074,4.5305614,0.0035701469,1673.3424
140,0,0.45777875279253927,2.0600045,4.491437,0.0018310364,1673.5427
141,0,0.4699037900322261,2.114567,4.4577184,0.0022874938,1673.476
142,0,0.4879192667760816,2.1956367,5.0170918,0.00026557356,1674.122
143,0,0.5342078168112661,2.4039352,4.971678,0.0017100503,1673.5632
144,0,0.44408242624850147,1.9983709,4.034382,0.0068403203,1673.1473
145,0,0.4752622961981509,2.1386802,4.5621815,0.0031038169,1673.3844
146,0,0.463996815601558,2.0879858,4.3472695,0.0044024475,1673.2795
147,0,0.4728494697319582,2.1278226,4.702756,0.0014939618,1673.6038
148,0,0.45181992291415746,2.0331895,4.524776,0.0018610818,1673.5378
149,0,0.49746873727691265,2.2386093,4.8794365,0.0018785815,1673.535
150,0,0.4866611678865491,2.1899753,5.212201,0.00016707317,1674.261
151,0,0.46592527491498864,2.0966637,4.8927073,0.0019415293,1673.5251
152,0,0.5070813593178066,2.281866,4.7137914,0.0011866397,1673.6729
153,0,0.48057979747901786,2.162609,5.1594925,0.00030734457,1674.0781
154,0,0.49497748000028885,2.2273986,5.1504574,0.00082477555,1673.782
155,0,0.46547741798825615,2.0946484,4.430934,0.004056716,1673.3041
156,0,0.522377050609061,2.3506968,505.8965,0.0,2174.958
157,0,0.48606062349725815,2.1872728,6.7220917,4.9993982e-06,1675.3137
158,0,0.4935022518039105,2.22076,4.4433312,0.005815234,1673.196
159,0,0.45030463997317305,2.0263708,5.5548806,0.00022358076,1674.1736
160,0,0.47116540653627303,2.1202443,4.240327,0.010002951,1673.0333
161,0,0.496694572970217,2.2351255,4.2334766,0.003000743,1673.3945
162,0,0.5144922484596806,2.315215,4.4373155,0.008292062,1673.0896
163,0,0.5135683021331672,2.3110573,4.909887,0.0010696866,1673.704
164,0,0.5559008932373073,2.501554,6.170703,3.0185001e-06,1675.4651
165,0,0.5509477052663024,2.4792647,5.244812,4.5865225e-05,1674.6488
166,0,0.5408242217108499,2.433709,4.8414483,0.000896525,1673.757
167,0,0.46980703687335257,2.1141317,4.476102,0.009611918,1673.0453
168,0,0.508910682328443,2.290098,4.5713935,0.0014957865,1673.6034
169,0,0.4890753255071096,2.200839,4.3863444,0.0044947616,1673.2733
170,0,0.511317414807867,2.3009284,4.4845366,0.003202604,1673.375
171,0,0.4453521295576583,2.0040846,4.496184,0.0063494723,1673.1697
172,0,0.46145617574952946,2.0765529,4.2466583,0.0068906047,1673.1451
173,0,0.47341083952017055,2.1303487,6.2106867,8.23658e-06,1675.164
174,0,0.493957591683585,2.222809,4.6819253,0.0028752377,1673.4073
175,0,0.49187393352794573,2.2134328,4.5897274,0.0036509456,1673.3357
176,1,0.4214867265736124,1.8966902,6.060281,0.00017737149,1674.243
177,0,0.45611647466156174,2.052524,4.6937866,0.0017003362,1673.565
178,0,0.5073719204055256,2.2831736,4.704005,0.0029319467,1673.4015
179,0,0.5352195152466157,2.4084878,5.920363,2.5444877e-05,1674.8256
180,0,0.47606897548744176,2.1423104,4.987577,0.001085913,1673.6995
181,0,0.5383877024279279,2.4227448,6.35306,3.7116108e-06,1675.4031
182,0,0.5013270598089947,2.2559717,4.4568415,0.0031663228,1673.3784
183,0,0.49452587838303763,2.2253664,4.788055,0.0033697102,1673.3597
184,0,0.5303097159349762,2.3863938,5.355548,0.0011333136,1673.6866
185,0,0.47983308210738723,2.1592488,4.11031,0.0048738583,1673.249
186,0,0.5186378335174184,2.3338702,6.8864474,1.1791792e-06,1675.7471
187,0,0.4682431209424938,2.107094,4.5568604,0.004370321,1673.2817
188,0,0.47862153838365146,2.153797,5.6811857,7.219726e-05,1674.5127
189,0,0.4823949537954337,2.1707773,4.344412,0.008069054,1673.0978
190,0,0.4356617135434595,1.9604777,4.3282013,0.029911937,1672.7047
191,0,0.5623992746791556,2.5307968,4.8977323,0.00028505796,1674.1007
192,0,0.4567606427118671,2.0554228,4.3752522,0.006834755,1673.1476
193,0,0.4786398636565872,2.1538794,5.5123377,0.00019116099,1674.2206
194,1,0.4677536663709613,2.1048915,4.564598,0.00263439,1673.4336
195,0,0.4703984245148467,2.116793,4.282556,0.004557377,1673.2692
196,0,0.5290957551134428,2.380931,4.9055805,0.0005042984,1673.9296
197,0,0.5138645256157068,2.3123903,4.750797,0.0015522108,1673.5923
198,0,0.4612358469562662,2.0755613,4.7595835,0.0051073446,1673.235
199,0,0.5083049126348087,2.287372,4.44703,0.0030093023,1673.3937
200,0,0.5182016658702389,2.3319075,4.3108106,0.0013566196,1673.6327
201,0,0.44300484828867753,1.9935218,6.015439,6.558225e-06,1675.2323
202,0,0.46195844274130704,2.078813,4.6086364,0.0051323436,1673.2335
203,0,0.5332858012697878,2.399786,505.72476,0.0,2174.5188
204,0,0.49534495272331214,2.2290523,4.7631683,0.0016458781,1673.5747
205,0,0.4897776281469199,2.2039993,4.2160273,0.0077001727,1673.1118
206,0,0.46676018331452124,2.1004207,4.6125436,0.016246965,1672.8878
207,0,0.46047552999321995,2.07214,4.568292,0.006621239,1673.1571
208,0,0.4883127721716426,2.1974075,5.00207,0.00016271221,1674.2689
209,0,0.4819651458471424,2.1688433,4.50342,0.0025844872,1673.4393
210,0,0.48989593608608484,2.2045317,4.923577,0.0007578428,1673.8074
211,0,0.49567443375936093,2.230535,4.7785993,0.0008045559,1673.7894
212,0,0.4951005196856847,2.2279522,4.880573,0.0016844977,1673.5677
213,0,0.47222547162246997,2.1250145,4.6052,0.0013483649,1673.6345
214,0,0.4376780434959146,1.9695512,6.20204,1.0664996e-05,1675.0864
215,0,0.4689337887447388,2.110202,4.8055725,0.0023033724,1673.4739
216,0,0.4568640004954631,2.055888,4.2411985,0.005702757,1673.2019
217,0,0.46763842471304495,2.104373,4.2481537,0.009666829,1673.0436
218,0,0.530802190530399,2.38861,506.18314,0.0,2175.258
219,0,0.4731363833485733,2.1291137,4.4814954,0.004271863,1673.2886
220,0,0.5276665009567005,2.3744993,5.0812764,0.00041634645,1673.987
221,0,0.4710993974059395,2.1199472,4.5041676,0.0033628617,1673.3604
222,0,0.5073103770514987,2.2828968,4.40326,0.004007496,1673.3077
223,0,0.5085438476755604,2.2884474,506.10614,0.0,2174.8506
224,0,0.45340161427037845,2.0403073,4.1400023,0.0057892636,1673.1974
225,0,0.50506712555504,2.272802,4.3457656,0.0012475412,1673.6578
226,0,0.5187329137303984,2.3342981,505.82556,0.0,2174.7966
227,0,0.4637951527729206,2.087078,4.4276032,0.0068180887,1673.1483
228,0,0.4811267099850689,2.1650703,5.0275364,0.0019203158,1673.5284
229,0,0.42964500011762985,1.9334025,4.9394674,0.0012149779,1673.6658
230,0,0.541467369096784,2.436603,505.53607,0.0,2174.837
231,0,0.46005022575128673,2.070226,6.1175175,2.5054474e-05,1674.8302
232,0,0.4625593727078561,2.0815172,4.530905,0.0016042225,1673.5824
233,0,0.5230939264100143,2.3539226,4.086486,0.0017359902,1673.5587
234,0,0.4694092665865966,2.1123416,5.8145523,0.000112909445,1674.3785
235,0,0.473405340296343,2.1303241,4.569875,0.00432785,1673.2847
236,0,0.4737892210822332,2.1320515,4.185254,0.005693483,1673.2024
237,0,0.45749512878489323,2.058728,3.97673,0.016990686,1672.8744
238,0,0.4895855098828469,2.2031348,4.609831,0.002281916,1673.4767
239,0,0.4956448982597046,2.230402,5.033672,0.00033448925,1674.0527
240,0,0.4780784899819827,2.1513531,6.2738276,6.2178005e-06,1675.2483
241,0,0.4883298987451987,2.1974845,5.0673857,0.00034317464,1674.045
242,0,0.47291947227614667,2.1281376,4.257469,0.004406032,1673.2793
243,0,0.5199758547443231,2.3398914,505.8426,0.0,2174.5264
244,0,0.5040202313598514,2.268091,4.8380933,0.0026808884,1673.4283
245,0,0.4635438970396668,2.0859475,4.285622,0.006501103,1673.1626
246,0,0.49225663878294285,2.215155,4.7756295,0.0014710396,1673.6084
247,0,0.4647934093633034,2.0915704,4.401794,0.0076470915,1673.1139
248,0,0.4772994239577098,2.1478474,4.5994,0.0033587592,1673.3607
249,0,0.4893438655597421,2.2020473,4.5840487,0.0019878943,1673.5181
250,0,0.47946811083354013,2.1576066,5.9159675,2.8830484e-05,1674.7881
251,0,0.5177210353752923,2.3297446,5.7068186,8.766242e-05,1674.4545
252,0,0.48943407534131467,2.2024534,4.6306467,0.0022459896,1673.4814
253,0,0.47275978698894977,2.127419,4.26489,0.0033005027,1673.366
254,0,0.48351661552975744,2.1758249,4.7548,0.0028207733,1673.4131
255,0,0.482618862899339,2.1717849,4.585631,0.0025635404,1673.4418
256,0,0.5023670268624179,2.2606516,4.5644183,0.0027382176,1673.422
257,0,0.4743623290027619,2.1346304,4.1788325,0.011164548,1673.0004
258,0,0.4610974304500226,2.0749385,4.5301075,0.005721351,1673.2009
259,0,0.5163863677199998,2.3237386,4.5253577,0.002965542,1673.3981
260,0,0.47466859069038825,2.1360087,5.6242366,9.924567e-05,1674.4172
261,0,0.4949179312115808,2.2271307,4.8397255,0.001504944,1673.6016
262,0,0.48081016221243567,2.1636457,4.0366898,0.009604099,1673.0455
263,0,0.4878275127849557,2.1952238,4.215585,0.0061286306,1673.1803
264,0,0.47731017791187696,2.1478958,4.0769887,0.010175369,1673.0282
265,0,0.5230747242721415,2.3538363,4.327738,0.0030674073,1673.388
266,0,0.49686034246315774,2.2358716,4.4635262,0.009769643,1673.0404
267,0,0.489445081071499,2.202503,5.2729793,0.0005594352,1673.8984
268,0,0.48842861889079614,2.1979287,7.1575785,9.65635e-07,1675.807
269,0,0.4606619241237563,2.0729787,4.311373,0.006318544,1673.1711
270,0,0.4946274896144114,2.2258236,4.681161,0.004018927,1673.3069
271,0,0.46268363782069993,2.0820763,4.8598504,0.007493083,1673.12
272,0,0.4628706088150317,2.0829177,4.046992,0.0063987505,1673.1674
273,0,0.5537750181728694,2.4919875,4.8681574,0.0013716063,1673.6294
274,0,0.46977380588023554,2.1139822,4.56114,0.002203445,1673.4872
275,0,0.5480857318277648,2.4663858,6.115061,5.4564644e-06,1675.2875
276,0,0.49408444448204236,2.22338,5.1603813,0.00026741702,1674.1199
277,0,0.50964417098581,2.2933989,4.439856,0.007217766,1673.1312
278,0,0.5136885989697242,2.3115988,4.2726655,0.004789324,1673.2543
279,0,0.4343266293100208,1.9544698,5.2684393,0.00035079854,1674.0385
280,0,0.5367329165749005,2.4152982,4.7675233,0.0012002368,1673.6694
281,0,0.5121414001093266,2.3046362,4.6993723,0.0007899581,1673.7949
282,0,0.5103023591657276,2.2963607,4.7651935,0.0010784275,1673.7015
283,0,0.5062706430220667,2.2782178,4.488398,0.0012546682,1673.6561
284,0,0.5174147376945986,2.3283663,6.7924914,6.9280907e-07,1675.9066
285,0,0.4921200590724465,2.2145402,4.2363296,0.0040649776,1673.3035
286,0,0.47725624730187527,2.147653,4.139253,0.01025017,1673.026
287,0,0.46071484582611455,2.073217,4.1330686,0.010084687,1673.0309
288,0,0.45726320376593754,2.0576844,4.329364,0.0047971252,1673.2538
289,0,0.4861449129378652,2.187652,4.4433746,0.002857742,1673.4092
290,0,0.47067968285555434,2.1180587,4.4600163,0.0036688158,1673.3342
291,0,0.49922176643523586,2.2464979,4.4789786,0.0015808945,1673.5868
292,0,0.4902179240878404,2.2059805,4.195486,0.0032991597,1673.3661
293,0,0.4461483624580455,2.0076675,4.3572273,0.005756378,1673.1991
294,0,0.49110066290534476,2.209953,4.249204,0.0072354088,1673.1305
295,0,0.4407656942111871,1.9834456,4.8265615,0.0013861939,1673.6262
296,0,0.4789343894643404,2.1552048,5.205178,0.000356555,1674.0336
297,0,0.4639442914159761,2.0877492,4.1568713,0.015630912,1672.8994
298,0,0.4776349691581811,2.1493573,4.470073,0.006851462,1673.1469
299,0,0.48172086436624423,2.167744,4.7739177,0.00050614856,1673.9285
